-- phpMyAdmin SQL Dump
-- version 5.2.1
-- https://www.phpmyadmin.net/
--
-- Host: localhost:3306
-- Generation Time: Dec 25, 2023 at 02:15 PM
-- Server version: 10.6.16-MariaDB-cll-lve
-- PHP Version: 8.1.25

SET SQL_MODE = "NO_AUTO_VALUE_ON_ZERO";
START TRANSACTION;
SET time_zone = "+00:00";


/*!40101 SET @OLD_CHARACTER_SET_CLIENT=@@CHARACTER_SET_CLIENT */;
/*!40101 SET @OLD_CHARACTER_SET_RESULTS=@@CHARACTER_SET_RESULTS */;
/*!40101 SET @OLD_COLLATION_CONNECTION=@@COLLATION_CONNECTION */;
/*!40101 SET NAMES utf8mb4 */;

--
-- Database: `aain6303_skm`
--

-- --------------------------------------------------------

--
-- Table structure for table `bank_titipan_a`
--

CREATE TABLE `bank_titipan_a` (
  `id_bta` int(250) NOT NULL,
  `kode_perkiraan` int(250) NOT NULL,
  `nama_properti` varchar(250) NOT NULL,
  `status_properti` varchar(250) NOT NULL,
  `id_marketing` int(250) NOT NULL,
  `tgl_input` varchar(250) NOT NULL,
  `nilai_nominal` varchar(250) NOT NULL,
  `jenis` varchar(250) NOT NULL,
  `keterangan` varchar(250) NOT NULL
) ENGINE=InnoDB DEFAULT CHARSET=utf8mb4 COLLATE=utf8mb4_general_ci;

--
-- Dumping data for table `bank_titipan_a`
--

INSERT INTO `bank_titipan_a` (`id_bta`, `kode_perkiraan`, `nama_properti`, `status_properti`, `id_marketing`, `tgl_input`, `nilai_nominal`, `jenis`, `keterangan`) VALUES
(4, 1, 'Northwest Boulevard', 'Jual/Sewa', 2, '2023-10-12', '50000000', 'Debit', 'Uang UTJ'),
(5, 2, 'Dukuh Kupang XXIII', 'Sewa', 3, '2023-11-15', '20000000', 'Debit', 'UTJ Tahap Pertama'),
(6, 45, 'Surabaya, Indonesia', 'Sewa', 10, '2023-11-08', '10000000', 'Kredit', 'UTJ Terus-Terusan'),
(7, 23, 'Bukit Palma', 'Sewa', 11, '2023-11-15', '10000000', 'Debit', 'UTJ Tahap Pertama'),
(8, 23, 'Pengiriman Barang', '', 0, '2023-11-15', '5000000', 'Kredit', 'Pengiriman 2 Pak'),
(9, 454, 'Citraland, Surabaya', 'Jual', 11, '2023-10-13', '10000000', 'Debit', 'Uang UTJ A'),
(10, 12, 'Northwest Boulevard3', 'Sewa', 38, '2023-09-13', '2000000', 'Debit', 'Uang UTJ Ayo');

-- --------------------------------------------------------

--
-- Table structure for table `co_broke`
--

CREATE TABLE `co_broke` (
  `id_cobroke` int(250) NOT NULL,
  `id_komisi` int(250) NOT NULL,
  `id_komisi_unik` int(250) NOT NULL,
  `nama_cobroke` varchar(250) NOT NULL,
  `status_cobroke` varchar(250) NOT NULL,
  `jenis_cobroke` varchar(250) NOT NULL,
  `persen_komisi_cobroke` int(250) NOT NULL
) ENGINE=InnoDB DEFAULT CHARSET=utf8mb4 COLLATE=utf8mb4_general_ci;

--
-- Dumping data for table `co_broke`
--

INSERT INTO `co_broke` (`id_cobroke`, `id_komisi`, `id_komisi_unik`, `nama_cobroke`, `status_cobroke`, `jenis_cobroke`, `persen_komisi_cobroke`) VALUES
(85, 303, 1693, 'MERLEN', 'Selling', '2', 50);

-- --------------------------------------------------------

--
-- Table structure for table `jabatan_pengaturan`
--

CREATE TABLE `jabatan_pengaturan` (
  `id_jabatan` int(250) NOT NULL,
  `nama_jabatan` varchar(250) NOT NULL,
  `nilai_jabatan` int(250) NOT NULL
) ENGINE=InnoDB DEFAULT CHARSET=utf8mb4 COLLATE=utf8mb4_general_ci;

--
-- Dumping data for table `jabatan_pengaturan`
--

INSERT INTO `jabatan_pengaturan` (`id_jabatan`, `nama_jabatan`, `nilai_jabatan`) VALUES
(2, 'Marketing Executive (ME)', 3),
(3, 'Executive Marketing Director (EMD)', 5),
(4, 'Chief Marketing Officer (CMO)', 5);

-- --------------------------------------------------------

--
-- Table structure for table `jurnal_bttb`
--

CREATE TABLE `jurnal_bttb` (
  `id_bttb` int(250) NOT NULL,
  `tgl_input` date NOT NULL,
  `kode_perkiraan` varchar(250) NOT NULL,
  `nomor_perkiraan` varchar(250) NOT NULL,
  `keterangan` varchar(250) NOT NULL,
  `admin_input` int(250) NOT NULL
) ENGINE=InnoDB DEFAULT CHARSET=utf8mb4 COLLATE=utf8mb4_general_ci;

--
-- Dumping data for table `jurnal_bttb`
--

INSERT INTO `jurnal_bttb` (`id_bttb`, `tgl_input`, `kode_perkiraan`, `nomor_perkiraan`, `keterangan`, `admin_input`) VALUES
(9, '2023-12-05', 'UTJ', '0001', 'RUKO CROWN SHO BS 10/51', 11),
(10, '2023-12-05', 'BT', '000', 'BANK TITIPAN', 11),
(11, '2023-12-05', 'UTJ', '0002', 'TPI HX 8', 11),
(12, '2023-12-05', 'UTJ', '0003', 'GREENLAKE C/12', 11),
(13, '2023-12-05', 'UTJ', '0004', 'LEAD NSW DRIYOREJO B5/06', 11),
(15, '2023-12-05', 'UTJ', '0005', 'KEMAYORAN BARU 59', 11),
(16, '2023-12-05', 'UTJ', '0006', 'WISATA BUKIT SENTUL LAWANG-MALANG', 11),
(17, '2023-12-05', 'UTJ', '0007', 'GREEN MENGANTI RESIDENCE', 11),
(18, '2023-12-05', 'UTJ', '0008', 'PERMATA MENGANTI RESIDENCE E5-02', 11),
(19, '2023-12-05', 'UTJ', '0009', 'ROYAL EMRAN 2', 11),
(20, '2023-12-05', 'UTJ', '0010', 'RUKO MENUR MUMPUNGAN (RUKO MANYAR)', 11),
(21, '2023-12-05', 'UTJ', '0011', 'RUKO KARANG EMPAT TIMUR II/68', 11),
(23, '2023-12-05', 'UTJ', '0012', 'RUKO GOLDEN PALACE A9-10 HR MUHAMMAD', 11),
(24, '2023-12-05', 'UTJ', '0013', 'ESPLANADE GA 8/7', 11),
(25, '2023-12-05', 'UTJ', '0014', 'DRIYOREJO', 11),
(26, '2023-12-05', 'UTJ', '0015', 'UTJ EASTWOOD BLOK EW 5/12', 11),
(27, '2023-12-05', 'UTJ', '0016', 'UTJ BUKIT GOLF GB 3/26', 11),
(28, '2023-12-05', 'UTJ', '0017', 'UTJ SEWA RUKO CROWN SOHO BS10 NO 60 ROYAL RESIDENCE', 11),
(29, '2023-12-05', 'UTJ', '0018', 'UTJ RUKO SATELIT TOWN SQUARE B/1', 11),
(30, '2023-12-05', 'UTJ', '0019', 'UTJ RUKO JL RAYA MENGANTI NO 411C', 11),
(31, '2023-12-05', 'BI', '001', 'ADM BANK', 11),
(32, '2023-12-05', 'H', '001', 'HUTANG CV', 11),
(35, '2023-12-05', 'UTJ', '0020', 'UTJ SEWA GUDANG SIMO TAMBAAN SEKOLAH NO 30', 11),
(36, '2023-12-05', 'UTJ', '0021', 'UTJ RUMAH GRIYA ASRI 64/20', 11),
(37, '2023-12-05', 'UTJ', '0022', 'UTJ SEWA GUDANG TANGGUL NO 5', 11),
(38, '2023-12-05', 'UTJ', '0023', 'UTJ TAMAN GAPURA E2/30 ', 11),
(39, '2023-12-05', 'UTJ', '0024', 'TANAH ROMOKALISARI ADVENTURE PERSIL 68', 11),
(40, '2023-12-05', 'UTJ', '0025', 'RUKO NORTHWEST NV 11/27', 11),
(41, '2023-12-05', 'UTJ', '0026', 'RUKO DARMO PARK 2 BLOK II NO 3', 11),
(42, '2023-12-05', 'UTJ', '0027', 'JL. GUBENG KERTAJAYA IXB NO.11', 11),
(43, '2023-12-05', 'UTJ', '0028', 'BUKIT GOLF B2 NO.7', 11),
(44, '2023-12-05', 'UTJ', '0029', 'JL SIMPANG DARMO PERMAI SELATAN XIV/20', 11),
(45, '2023-12-05', 'UTJ', '0030', ' BTG TC3/29', 11),
(46, '2023-12-05', 'UTJ', '0031', 'EMERALD MANSION BLOK TN 1 NO 29', 11),
(47, '2023-12-05', 'UTJ', '0032', 'TANAH KANDANGAN GRESIK ', 11),
(48, '2023-12-07', 'B', '001', 'BUNGA BANK', 11),
(50, '2023-12-08', 'BI', '002', 'PAJAK BUNGA', 11),
(51, '2023-12-10', 'UTJ', '0033', 'UTJ NORTHWEST PARK NA6/11', 11),
(52, '2023-12-10', 'UTJ', '0034', 'SEWA GUDANG MARGOMULYO A5', 11),
(54, '2023-12-13', 'TTP', '0001', 'TITIP BAYAR', 11),
(55, '2023-12-13', 'UTJ', '0035', 'UTJ SEWA TANAH DIAMOND HILL DR 1 NO 9', 11),
(56, '2023-12-13', 'UTJ', '0036', 'UTJ RUKO NORTHWEST NV 3/2', 11),
(57, '2023-12-13', 'UTJ', '0037', 'UTJ GUDANG KEDINDING TENGAH JAYA 2 TIMUR A2-4', 11),
(58, '2023-12-13', 'UTJ', '0038', 'UTJ JL KENJERAN NO 88/II', 11),
(59, '2023-12-13', '701', '00100', 'BI GAJI ADMIN', 11),
(60, '2023-12-13', '701', '00101', 'BI THR ', 11),
(61, '2023-12-13', '701', '00102', 'BI LEMBUR', 11),
(62, '2023-12-13', '701', '00103', 'BI INSENTIF/ CUTI/ BONUS', 11),
(63, '2023-12-13', '701', '00200', 'BI ALAT TULIS KANTOR', 11),
(64, '2023-12-13', '701', '00201', 'BI PEMBELIAN KERTAS HVS', 11),
(65, '2023-12-13', '701', '00202', 'BI PEMBELIAN BALLPOINT/BUKU', 11),
(66, '2023-12-13', '701', '00203', 'BI CETAK FORM', 11),
(67, '2023-12-13', '701', '00204', 'BI MATERAI', 11),
(68, '2023-12-13', '701', '00300', 'BI KEPERLUAN KANTOR', 11),
(69, '2023-12-13', '701', '00301', 'BI PEMBELIAN BERAS', 11),
(70, '2023-12-13', '701', '00302', 'BI PROGRAM', 11),
(71, '2023-12-13', '701', '00303', 'BI KONSUMSI', 11),
(72, '2023-12-13', '701', '00304', 'BI MAINTENANCE', 11),
(73, '2023-12-13', '701', '00400', 'BI PENOBATAN', 11),
(74, '2023-12-13', '701', '00401', 'BI PENGOBATAN ADMIN STAFF', 11),
(75, '2023-12-13', '701', '00402', 'BI PENOBATAN ADMIN LAPANGAN', 11),
(76, '2023-12-13', '701', '00500', 'BI TELP / AIR / LISTRIK', 11),
(77, '2023-12-13', '701', '00501', 'BI AIR', 11),
(78, '2023-12-13', '701', '00503', 'BI LISTRIK', 11),
(79, '2023-12-13', '701', '00504', 'BI INTERNET DAN RETRIBUSI', 11),
(80, '2023-12-13', '701', '00600', 'BI KENDARAAN (PAJAK KENDARAAN/STNK)', 11),
(81, '2023-12-13', '701', '00601', 'BI BENSIN', 11),
(82, '2023-12-13', '701', '00602', 'BI PARKIR', 11),
(83, '2023-12-13', '701', '00603', 'BI TOL', 11),
(84, '2023-12-13', '701', '00604', 'BI GPS', 11),
(85, '2023-12-13', '701', '00900', 'BI LAIN-LAIN', 11),
(86, '2023-12-13', '701', '00901', 'BI ADM', 11),
(87, '2023-12-13', '701', '01000', 'BI SUMBANGAN/IURAN/IJIN/KONSULTASI', 11),
(88, '2023-12-13', '701', '01001', 'BI SUMBANGAN', 11),
(89, '2023-12-13', '701', '01002', 'BI IURAN', 11),
(90, '2023-12-13', '701', '01003', 'BI PERIJINAN', 11),
(91, '2023-12-13', '701', '01004', 'BI KONSULTASI', 11),
(92, '2023-12-13', '701', '01005', 'BI KEANGGOTAAN', 11),
(93, '2023-12-13', '701', '02000', 'BI ASSURANSI', 11),
(94, '2023-12-13', '701', '03000', 'BI SEWA', 11),
(95, '2023-12-13', '701', '04000', 'BI PERJALANAN', 11),
(96, '2023-12-13', '701', '04001', 'BI PERJALANAN ADMIN', 11),
(97, '2023-12-13', '701', '05000', 'BI KIRIM SURAT/BARANG', 11),
(98, '2023-12-13', '701', '05001', 'BI KIRIM SURAT', 11),
(99, '2023-12-13', '701', '05002', 'BI KIRIM SPANDUK', 11),
(100, '2023-12-13', '701', '05003', 'BI KIRIM BARANG', 11),
(101, '2023-12-13', '701', '06000', 'PAJAK PPH 25', 11),
(102, '2023-12-13', '701', '06001', 'PAJAK PPH FINAL 0,5%', 11),
(103, '2023-12-13', '701', '06002', 'PAJAK PPH 21', 11),
(104, '2023-12-13', '701', '06003', 'PAJAK PPH 23', 11),
(105, '2023-12-13', '701', '06004', 'PAJAK LAIN-LAIN', 11),
(106, '2023-12-13', '701', '07000', 'BI BANK/BUKU BANK', 11),
(107, '2023-12-13', '701', '07001', 'BUNGA BANK', 11),
(108, '2023-12-13', '701', '07002', 'DENDA BANK', 11),
(109, '2023-12-13', '701', '07003', 'BI PAJAK BANK', 11),
(110, '2023-12-13', '701', '08000', 'BI PEMBULATAN', 11),
(111, '2023-12-13', '801', '00100', 'BI GAJI ', 11),
(112, '2023-12-13', '801', '00102', 'BI THR', 11),
(113, '2023-12-13', '801', '00103', 'BI INSENTIF P/VP', 11),
(114, '2023-12-13', '801', '00200', 'BI ALAT TULIS KANTOR', 11),
(115, '2023-12-13', '801', '00300', 'BI KEPERLUAN KANTOR', 11),
(116, '2023-12-13', '801', '00301', 'BI TRAINING PFT', 11),
(117, '2023-12-13', '801', '00400', 'BI PENGOBATAN DIREKSI', 11),
(118, '2023-12-13', '801', '00500', 'BI TELP / AIR / LISTRIK', 11),
(119, '2023-12-13', '801', '00501', 'BI TELP (MARKETING)', 11),
(120, '2023-12-13', '801', '00502', 'BI TELP (ADM LAPANGAN)', 11),
(121, '2023-12-13', '801', '00503', 'BI TELP DIREKSI', 11),
(122, '2023-12-13', '801', '00504', 'BI TELP KOMISARIS', 11),
(123, '2023-12-13', '801', '00600', 'BI KENDARAAN (LAP/DIREKSI)', 11),
(125, '2023-12-19', 'UTJ', '0039', 'UTJ NORTHWEST NV 11/3,5,6', 11),
(126, '2023-12-19', 'UTJ', '0040', 'UTJ RUMAH PRAMBANAN EC', 11),
(127, '2023-12-22', '801', '00601', 'BI BENSIN', 11),
(128, '2023-12-22', '801', '00602', 'BI PARKIR', 11),
(129, '2023-12-22', '801', '00603', 'BI TOL', 11),
(130, '2023-12-22', '801', '00604', 'BI SERVICE', 11),
(131, '2023-12-22', '801', '00700', 'BI PROMOSI', 11),
(132, '2023-12-22', '801', '00701', 'BI IKLAN', 11),
(133, '2023-12-22', '801', '00702', 'BI SPANDUK', 11),
(134, '2023-12-22', '801', '00703', 'BI KARTU NAMA', 11),
(135, '2023-12-22', '801', '00704', 'BI REKRUTMEN', 11),
(136, '2023-12-22', '801', '00705', 'BI HADIAH', 11),
(137, '2023-12-22', '801', '00706', 'BI CETAK STEMPEL', 11),
(138, '2023-12-22', '801', '00707', 'BI ENTERTAIN', 11),
(139, '2023-12-22', '801', '00708', 'BI KAYU PAKU DLL', 11),
(140, '2023-12-22', '801', '00709', 'BI EVENT', 11),
(141, '2023-12-22', '801', '00710', 'BI KEANGGOTAAN AREBI', 11),
(142, '2023-12-22', '801', '00711', 'BI ID CARD', 11),
(143, '2023-12-22', '801', '00712', 'BI MERCHANDISE', 11),
(144, '2023-12-22', '801', '00713', 'BI ATRIBUT', 11),
(145, '2023-12-22', '801', '01000', 'BI SUMBANGAN/IURAN/IJIN/KONSULTASI', 11),
(146, '2023-12-22', '801', '01001', 'BI SUMBANGAN', 11),
(147, '2023-12-22', '801', '01002', 'BI IURAN', 11),
(148, '2023-12-22', '801', '01003', 'BI PERIJINAN DIREKSI', 11),
(149, '2023-12-22', '801', '01004', 'BI KONSULTASI', 11),
(150, '2023-12-22', '801', '01005', 'BI KEANGGOTAAN', 11),
(151, '2023-12-22', '801', '02000', 'BI ASSURANSI', 11),
(152, '2023-12-22', '801', '03000', 'BI SEWA', 11),
(153, '2023-12-22', '801', '04000', 'B PERJALANAN', 11),
(154, '2023-12-22', '801', '04001', 'BI PERJALANAN MARKETING', 11),
(155, '2023-12-22', '801', '04002', 'BI PERJALANAN ANAK MAGANG', 11),
(156, '2023-12-22', '801', '04003', 'BI PERJALANAN KOORDINATOR', 11),
(157, '2023-12-22', '801', '04004', 'BI PERJALANAN DIREKSI', 11),
(158, '2023-12-22', '801', '05000', 'BI KIRIM SURAT/BARANG (MARKETING)', 11),
(159, '2023-12-22', '801', '05001', 'BI KIRIM SURAT', 11),
(160, '2023-12-22', '801', '05002', 'BI KIRIM SPANDUK', 11),
(161, '2023-12-22', '801', '05003', 'BI KIRIM BARANG', 11),
(162, '2023-12-22', '0111', '2001', 'PRIVE', 11),
(163, '2023-12-22', '0001', '9001', 'CLAIM PETTY CASH', 11),
(164, '2023-12-22', '103', '001', 'TITIPAN SEMENTARA', 11),
(165, '2023-12-22', '101', '00001', 'KOMISII PENJUALAN BRUTO', 11),
(166, '2023-12-22', '101', '00002', 'PENDAFTARAN MARKETING BARU', 11),
(167, '2023-12-22', '101', '00003', 'PENDAPATAN LAIN-LAIN', 11),
(168, '2023-12-22', '101', '00004', 'PEMINDAHBUKUAN ANTAR CABANG', 11),
(169, '2023-12-22', '101', '00005', 'PEMBULATAN', 11),
(170, '2023-12-22', '801', '00101', 'FEE MARKETING', 11),
(171, '2023-12-22', '801', '00104', 'FEE PRIMARY', 11),
(172, '2023-12-22', '801', '00105', 'FEE CO BROKE', 11),
(173, '2023-12-22', '801', '00106', 'FEE REFFERAL/BT', 11),
(175, '2023-12-22', '101', '00000', 'BANK FEE', 11),
(176, '2023-12-23', '801', '00107', 'TITIPAN PEMBAGIAN FEE CABANG A&A', 11);

-- --------------------------------------------------------

--
-- Table structure for table `jurnal_pesan`
--

CREATE TABLE `jurnal_pesan` (
  `id_pesan` int(250) NOT NULL,
  `pesan` varchar(250) NOT NULL,
  `tgl_input_pesan` date NOT NULL,
  `tgl_pesan` varchar(250) NOT NULL,
  `bulan_pesan` varchar(250) NOT NULL,
  `status_pesan` varchar(250) NOT NULL,
  `admin_input` int(250) NOT NULL
) ENGINE=InnoDB DEFAULT CHARSET=latin1 COLLATE=latin1_swedish_ci;

-- --------------------------------------------------------

--
-- Table structure for table `jurnal_umum`
--

CREATE TABLE `jurnal_umum` (
  `id_jurnal` int(250) NOT NULL,
  `tgl_input_asli_jurnal` date NOT NULL,
  `tgl_input_jurnal` date NOT NULL,
  `id_bttb` int(250) NOT NULL,
  `keterangan_jurnal` varchar(250) NOT NULL,
  `jenis_jurnal` varchar(250) NOT NULL,
  `nominal_jurnal` double DEFAULT NULL,
  `admin_jurnal` int(250) NOT NULL
) ENGINE=InnoDB DEFAULT CHARSET=utf8mb4 COLLATE=utf8mb4_general_ci;

--
-- Dumping data for table `jurnal_umum`
--

INSERT INTO `jurnal_umum` (`id_jurnal`, `tgl_input_asli_jurnal`, `tgl_input_jurnal`, `id_bttb`, `keterangan_jurnal`, `jenis_jurnal`, `nominal_jurnal`, `admin_jurnal`) VALUES
(92, '2023-12-05', '2022-01-01', 9, 'UTJ RUKO CROWN SHO BS 10/51', 'Kredit', 20000000, 11),
(93, '2023-12-05', '2022-01-01', 10, 'UTJ RUKO CROWN SHO BS 10/51', 'Debit', 20000000, 11),
(94, '2023-12-05', '2022-01-01', 11, 'UTJ TPI HX 8', 'Kredit', 200000, 11),
(95, '2023-12-05', '2022-01-01', 10, 'UTJ TPI HX 8', 'Debit', 200000, 11),
(97, '2023-12-05', '2022-01-14', 12, 'UTJ GREENLAKE C/12', 'Kredit', 20000000, 11),
(98, '2023-12-05', '2022-01-14', 10, 'UTJ GREENLAKE C/12', 'Debit', 20000000, 11),
(99, '2023-12-05', '2022-01-19', 13, 'UTJ LEAD NSW DRIYOREJO B5/06', 'Kredit', 2486204, 11),
(100, '2023-12-05', '2022-01-19', 10, 'LEAD NSW DRIYOREJO B5/06', 'Debit', 2486204, 11),
(102, '2023-12-05', '2022-03-18', 15, 'UTJ KEMAYORAN BARU 59', 'Kredit', 20000000, 11),
(103, '2023-12-05', '2022-03-18', 10, 'UTJ KEMAYORAN BARU 59', 'Debit', 20000000, 11),
(104, '2023-12-05', '2022-03-07', 16, 'UTJ WISATA BUKIT SENTUL LAWANG-MALANG', 'Kredit', 12000000, 11),
(105, '2023-12-05', '2022-03-07', 10, 'UTJ WISATA BUKIT SENTUL LAWANG-MALANG', 'Debit', 12000000, 11),
(106, '2023-12-05', '2022-12-30', 17, 'UTJ GREEN MENGANTI RESIDENCE', 'Kredit', 1000000, 11),
(107, '2023-12-05', '2022-12-30', 10, 'UTJ GREEN MENGANTI RESIDENCE', 'Debit', 1000000, 11),
(108, '2023-12-05', '2023-05-22', 18, 'UTJ PERMATA MENGANTI RESIDENCE E5-02', 'Kredit', 9137481, 11),
(109, '2023-12-05', '2023-05-22', 10, 'UTJ PERMATA MENGANTI RESIDENCE E5-02', 'Debit', 9137481, 11),
(110, '2023-12-05', '2023-05-17', 19, 'UTJ ROYAL EMRAN 2', 'Kredit', 2000000, 11),
(111, '2023-12-05', '2023-05-17', 10, 'UTJ ROYAL EMRAN 2', 'Debit', 2000000, 11),
(122, '2023-12-05', '2023-05-22', 20, 'UTJ RUKO MENUR MUMPUNGAN (RUKO MANYAR)', 'Kredit', 3750000, 11),
(123, '2023-12-05', '2023-05-22', 10, 'UTJ RUKO MENUR MUMPUNGAN (RUKO MANYAR)', 'Debit', 3750000, 11),
(124, '2023-12-05', '2023-06-26', 21, 'UTJ RUKO JL KARANG EMPAT TIMUR', 'Kredit', 30000000, 11),
(125, '2023-12-05', '2023-06-26', 10, 'UTJ RUKO JL KARANG EMPAT TIMUR', 'Debit', 30000000, 11),
(126, '2023-12-05', '2023-06-30', 23, 'UTJ RUKO GOLDEN PALACE A9-10 HR MUHAMMAD', 'Kredit', 35000000, 11),
(127, '2023-12-05', '2023-06-30', 10, 'UTJ RUKO GOLDEN PALACE A9-10 HR MUHAMMAD', 'Debit', 35000000, 11),
(128, '2023-12-05', '2023-08-17', 24, 'UTJ ESPLANADE GA 8/7', 'Kredit', 100000000, 11),
(129, '2023-12-05', '2023-08-17', 10, 'UTJ ESPLANADE GA 8/7', 'Debit', 100000000, 11),
(130, '2023-12-05', '2023-09-10', 25, 'UTJ DRIYOREJO', 'Kredit', 10000000, 11),
(131, '2023-12-05', '2023-09-10', 10, 'UTJ DRIYOREJO', 'Debit', 10000000, 11),
(132, '2023-12-05', '2023-10-02', 26, 'UTJ EASTWOOD BLOK EW 5/12', 'Kredit', 68, 11),
(133, '2023-12-05', '2023-10-02', 10, 'UTJ EASTWOOD BLOK EW 5/12', 'Debit', 68, 11),
(134, '2023-12-05', '2023-10-06', 27, 'UTJ BUKIT GOLF GB 3/26', 'Kredit', 100000000, 11),
(135, '2023-12-05', '2023-10-06', 10, 'UTJ BUKIT GOLF GB 3/26', 'Debit', 100000000, 11),
(136, '2023-12-05', '2023-10-11', 28, 'UTJ SEWA RUKO CROWN SOHO BS10 NO 60 ROYAL RESIDENCE ', 'Kredit', 7000000, 11),
(137, '2023-12-05', '2023-10-11', 10, 'UTJ SEWA RUKO CROWN SOHO BS10 NO 60 ROYAL RESIDENCE ', 'Debit', 7000000, 11),
(138, '2023-12-05', '2023-10-12', 29, 'UTJ RUKO SATELIT TOWN SQUARE B/1', 'Kredit', 10000000, 11),
(139, '2023-12-05', '2023-10-12', 10, 'UTJ RUKO SATELIT TOWN SQUARE B/1', 'Debit', 10000000, 11),
(140, '2023-12-05', '2023-10-26', 30, 'UTJ RUKO JL RAYA MENGANTI NO 411C', 'Kredit', 50000000, 11),
(141, '2023-12-05', '2023-10-26', 10, 'UTJ RUKO JL RAYA MENGANTI NO 411C', 'Debit', 50000000, 11),
(146, '2023-12-10', '2023-11-02', 35, 'TAMBAHAN UTJ SEWA GUDANG SIMO TAMBAAN SEKOLAH 30', 'Kredit', 20000000, 11),
(147, '2023-12-10', '2023-11-02', 10, 'TAMBAHAN UTJ SEWA GUDANG SIMO TAMBAAN SEKOLAH 30', 'Debit', 20000000, 11),
(148, '2023-12-10', '2023-11-02', 35, 'TAMBAHAN UTJ SEWA GUDANG SIMO DI TRANSFER KE XMARKS', 'Debit', 20000000, 11),
(149, '2023-12-10', '2023-11-02', 10, 'TAMBAHAN UTJ SEWA GUDANG SIMO DI TRANSFER KE XMARKS', 'Kredit', 20000000, 11),
(150, '2023-12-06', '2023-11-02', 29, 'PENGEMBALIAN UTJ RUKO SATELIT TOWN SQUARE B/1', 'Debit', 10000000, 11),
(151, '2023-12-06', '2023-11-02', 10, 'PENGEMBALIAN UTJ RUKO SATELIT TOWN SQUARE B/1', 'Kredit', 10000000, 11),
(152, '2023-12-10', '2023-11-02', 36, 'UTJ RUMAH GRIYA ASRI 64/20', 'Kredit', 3000000, 11),
(153, '2023-12-10', '2023-11-02', 10, 'UTJ RUMAH GRIYA ASRI 64/20', 'Debit', 3000000, 11),
(154, '2023-12-06', '2023-11-03', 21, 'UTJ KARANG EMPAT TIMUR II/68 DI TRANSFER KE PENJUAL', 'Debit', 30000000, 11),
(155, '2023-12-06', '2023-11-03', 10, 'UTJ KARANG EMPAT TIMUR II/68 DI TRANSFER KE PENJUAL', 'Kredit', 30000000, 11),
(156, '2023-12-06', '2023-11-03', 37, 'UTJ SEWA GUDANG TANGGUL NO 5', 'Kredit', 25000000, 11),
(157, '2023-12-06', '2023-11-03', 10, 'UTJ SEWA GUDANG TANGGUL NO 5', 'Debit', 25000000, 11),
(158, '2023-12-06', '2023-11-03', 38, 'UTJ TAMAN GAPURA E2/30', 'Kredit', 100000000, 11),
(159, '2023-12-06', '2023-11-03', 10, 'UTJ TAMAN GAPURA E2/30', 'Debit', 100000000, 11),
(160, '2023-12-06', '2023-11-03', 18, 'PEMINDAHAN FEE GREEN MEGANTI E5', 'Debit', 9137841, 11),
(161, '2023-12-06', '2023-11-03', 10, 'PEMINDAHAN FEE GREEN MEGANTI E5', 'Kredit', 9137841, 11),
(162, '2023-12-06', '2023-11-03', 37, 'UTJ SEWA GUDANG TANGGUL NO 5 DITRANSFER KE PROPNEX', 'Debit', 25000000, 11),
(163, '2023-12-06', '2023-11-03', 10, 'UTJ SEWA GUDANG TANGGUL NO 5 DITRANSFER KE PROPNEX', 'Kredit', 25000000, 11),
(164, '2023-12-08', '2023-10-31', 32, 'HUTANG CV KE BANK TITIPAN', 'Debit', 130000000, 11),
(165, '2023-12-08', '2023-10-31', 10, 'HUTANG CV KE BANK TITIPAN', 'Kredit', 130000000, 11),
(167, '2023-12-06', '2022-02-01', 0, 'Saldo Awal Februari', '', 42686204, 11),
(168, '2023-12-06', '2022-03-01', 0, 'Saldo Awal Maret', '', 42686204, 11),
(169, '2023-12-06', '2022-04-01', 0, 'Saldo Awal April', '', 74686204, 11),
(170, '2023-12-06', '2022-05-01', 0, 'Saldo Awal Mei', '', 74686204, 11),
(171, '2023-12-06', '2022-06-01', 0, 'Saldo Awal Juni', '', 74686204, 11),
(172, '2023-12-06', '2022-07-01', 0, 'Saldo Awal Juli', '', 74686204, 11),
(173, '2023-12-06', '2022-08-01', 0, 'Saldo Awal Agustus', '', 74686204, 11),
(174, '2023-12-06', '2022-09-01', 0, 'Saldo Awal September', '', 74686204, 11),
(176, '2023-12-06', '2022-10-01', 0, 'Saldo Awal Oktober', '', 74686204, 11),
(177, '2023-12-06', '2022-11-01', 0, 'Saldo Awal November', '', 74686204, 11),
(178, '2023-12-06', '2022-12-01', 0, 'Saldo Awal Desember', '', 74686204, 11),
(179, '2023-12-06', '2023-01-01', 0, 'Saldo Awal Januari', '', 75686204, 11),
(180, '2023-12-06', '2023-02-01', 0, 'Saldo Awal Februari', '', 75686204, 11),
(181, '2023-12-06', '2023-03-01', 0, 'Saldo Awal Maret', '', 75686204, 11),
(182, '2023-12-06', '2023-04-01', 0, 'Saldo Awal April', '', 75686204, 11),
(183, '2023-12-06', '2023-05-01', 0, 'Saldo Awal Mei', '', 75686204, 11),
(184, '2023-12-06', '2023-06-01', 0, 'Saldo Awal Juni', '', 90573685, 11),
(185, '2023-12-06', '2023-07-01', 0, 'Saldo Awal Juli', '', 155573685, 11),
(186, '2023-12-06', '2023-08-01', 0, 'Saldo Awal Agustus', '', 155573685, 11),
(187, '2023-12-06', '2023-09-01', 0, 'Saldo Awal September', '', 255573685, 11),
(190, '2023-12-05', '2023-09-30', 0, 'Koreksi Saldo', '', 35530, 11),
(191, '2023-12-07', '2023-10-01', 0, 'Saldo Awal Oktober', '', 265609215, 11),
(194, '2023-12-09', '2023-10-31', 31, 'ADM BANK', 'Kredit', 349200.62, 11),
(195, '2023-12-09', '2023-10-31', 10, 'ADM BANK', 'Debit', 349200.62, 11),
(206, '2023-12-10', '2023-11-07', 36, 'TAMBAHAN UTJ RUMAH GRIYA ASRI 64/20', 'Kredit', 500000, 11),
(207, '2023-12-10', '2023-11-07', 10, 'TAMBAHAN UTJ RUMAH GRIYA ASRI 64/20', 'Debit', 500000, 11),
(208, '2023-12-10', '2023-11-07', 36, 'TAMBAHAN UTJ RUMAH GRIYA ASRI 64/20', 'Kredit', 59500000, 11),
(209, '2023-12-10', '2023-11-07', 10, 'TAMBAHAN UTJ RUMAH GRIYA ASRI 64/20', 'Debit', 59500000, 11),
(210, '2023-12-10', '2023-11-07', 39, 'UTJ 2 BIDANG TANAH ROMOKALISARI ADVENTURE PERSIL 68', 'Kredit', 100000000, 11),
(211, '2023-12-10', '2023-11-07', 10, 'UTJ 2 BIDANG TANAH ROMOKALISARI ADVENTURE PERSIL 68', 'Debit', 100000000, 11),
(212, '2023-12-10', '2023-11-07', 39, 'UTJ 2 BIDANG TANAH ROMOKALISARI ADVENTURE PERSIL 68 DI TRANSFER KE PEMILIK', 'Debit', 100000000, 11),
(213, '2023-12-10', '2023-11-07', 10, 'UTJ 2 BIDANG TANAH ROMOKALISARI ADVENTURE PERSIL 68 DI TRANSFER KE PEMILIK', 'Kredit', 100000000, 11),
(214, '2023-12-10', '2023-11-07', 40, 'UTJ RUKO NORTHWEST NV 11/27', 'Kredit', 5000000, 11),
(215, '2023-12-10', '2023-11-07', 10, 'UTJ RUKO NORTHWEST NV 11/27', 'Debit', 5000000, 11),
(216, '2023-12-10', '2023-11-08', 36, 'FEE RUMAH GRIYA ASRI 64/20 DIPINDAH KE A&A CV (CABANG)', 'Debit', 3000000, 11),
(217, '2023-12-10', '2023-11-08', 10, 'FEE RUMAH GRIYA ASRI 64/20 DIPINDAH KE A&A CV (CABANG)', 'Kredit', 3000000, 11),
(218, '2023-12-10', '2023-11-08', 36, 'UTJ RUMAH GRIYA ASRI 64/20 DI TRANSFER KE ANDREW CHRISTIAN (PELUNASAN)', 'Debit', 60000000, 11),
(219, '2023-12-10', '2023-11-08', 10, 'UTJ RUMAH GRIYA ASRI 64/20 DI TRANSFER KE ANDREW CHRISTIAN (PELUNASAN)', 'Kredit', 60000000, 11),
(220, '2023-12-10', '2023-11-09', 30, 'PELUNASAN SISA UTJ RUKO RAYA MENGANTI 411C', 'Debit', 34375000, 11),
(221, '2023-12-10', '2023-11-09', 10, 'PELUNASAN SISA UTJ RUKO RAYA MENGANTI 411C', 'Kredit', 34375000, 11),
(222, '2023-12-10', '2023-11-09', 30, 'FEE RUKO RAYA MENGANTI 411C DIPINDAH KE A&A CV (CABANG)', 'Debit', 15625000, 11),
(223, '2023-12-10', '2023-11-09', 10, 'FEE RUKO RAYA MENGANTI 411C DIPINDAH KE A&A CV (CABANG)', 'Kredit', 15625000, 11),
(224, '2023-12-10', '2023-11-09', 38, 'TRANSFER SISA UTJ TAMAN GAPURA E2/30', 'Debit', 9460000, 11),
(225, '2023-12-10', '2023-11-09', 10, 'TRANSFER SISA UTJ TAMAN GAPURA E2/30', 'Kredit', 9460000, 11),
(226, '2023-12-10', '2023-11-10', 41, 'UTJ RUKO DRMO PARK 2 BLOK II NO 3', 'Kredit', 200000000, 11),
(227, '2023-12-10', '2023-11-10', 10, 'UTJ RUKO DRMO PARK 2 BLOK II NO 3', 'Debit', 200000000, 11),
(228, '2023-12-10', '2023-11-10', 38, 'TALANGAN BIAYA SHM TAMAN GAPURA E2/30', 'Debit', 15000000, 11),
(229, '2023-12-10', '2023-11-10', 10, 'TALANGAN BIAYA SHM TAMAN GAPURA E2/30', 'Kredit', 15000000, 11),
(230, '2023-12-10', '2023-11-10', 42, 'TERMIN 1 SIDANG PENGADILAN PENJUAL GUBENG KERTAJAYA IXB NO 11', 'Kredit', 7000000, 11),
(231, '2023-12-10', '2023-11-10', 10, 'TERMIN 1 SIDANG PENGADILAN PENJUAL GUBENG KERTAJAYA IXB NO 11', 'Debit', 7000000, 11),
(232, '2023-12-10', '2023-11-11', 41, 'UTJ  RUKO DARMO PARK II BLOK 2 NO 3', 'Kredit', 250000000, 11),
(233, '2023-12-10', '2023-11-11', 10, 'UTJ  RUKO DARMO PARK II BLOK 2 NO 3', 'Debit', 250000000, 11),
(234, '2023-12-10', '2023-11-13', 38, 'FEE TAMAN GAPURA E2/30 DIPINDAH KE CVA&A (PUSAT)', 'Debit', 75540000, 11),
(235, '2023-12-10', '2023-11-13', 10, 'FEE TAMAN GAPURA E2/30 DIPINDAH KE CVA&A (PUSAT)', 'Kredit', 75540000, 11),
(236, '2023-12-10', '2023-11-13', 42, 'TERMIN 1 PENGURUSAN GUBENG KERTAJAYA IXB NO 11', 'Debit', 7000000, 11),
(237, '2023-12-10', '2023-11-13', 10, 'TERMIN 1 PENGURUSAN GUBENG KERTAJAYA IXB NO 11', 'Kredit', 7000000, 11),
(238, '2023-12-10', '2023-11-13', 43, 'UTJ BUKIT GOLF B2 NO 7', 'Kredit', 100000000, 11),
(239, '2023-12-10', '2023-11-13', 10, 'UTJ BUKIT GOLF B2 NO 7', 'Debit', 100000000, 11),
(240, '2023-12-10', '2023-11-14', 44, 'UTJ SIMPANG DARMO PERMAI SELATAN', 'Kredit', 5000000, 11),
(241, '2023-12-10', '2023-11-14', 10, 'UTJ SIMPANG DARMO PERMAI SELATAN', 'Debit', 5000000, 11),
(242, '2023-12-10', '2023-11-15', 45, 'TITIP BAYAR RETRIBUSI PBG IMB SEWA BTG TC3/29', 'Kredit', 17016160, 11),
(243, '2023-12-10', '2023-11-15', 10, 'TITIP BAYAR RETRIBUSI PBG IMB SEWA BTG TC3/29', 'Debit', 17016160, 11),
(244, '2023-12-10', '2023-11-15', 43, 'UTJ BUKIT GOLF B2 NO 7 DI TRANSFER KE PENJUAL', 'Debit', 100000000, 11),
(245, '2023-12-10', '2023-11-15', 10, 'UTJ BUKIT GOLF B2 NO 7 DI TRANSFER KE PENJUAL', 'Kredit', 100000000, 11),
(246, '2023-12-10', '2023-11-15', 31, 'BI ADM BUKIT GOLF B2 NO 7', 'Debit', 2500, 11),
(247, '2023-12-10', '2023-11-15', 10, 'BI ADM BUKIT GOLF B2 NO 7', 'Kredit', 2500, 11),
(248, '2023-12-10', '2023-11-15', 46, 'TITIP PAJAK EMERALD MANSION BLOK TN 1 NO 29', 'Kredit', 333750000, 11),
(249, '2023-12-10', '2023-11-15', 10, 'TITIP PAJAK EMERALD MANSION BLOK TN 1 NO 29', 'Debit', 333750000, 11),
(250, '2023-12-10', '2023-11-16', 47, 'UTJ TANAH KANDANGAN GRESIK ', 'Kredit', 50000000, 11),
(251, '2023-12-10', '2023-11-16', 10, 'UTJ TANAH KANDANGAN GRESIK ', 'Debit', 50000000, 11),
(252, '2023-12-10', '2023-11-16', 45, 'BAYAR RETRIBUSI PBG IMB SEWA BTG TC3/29', 'Debit', 17016000, 11),
(253, '2023-12-10', '2023-11-16', 10, 'BAYAR RETRIBUSI PBG IMB SEWA BTG TC3/29', 'Kredit', 17016000, 11),
(254, '2023-12-10', '2023-11-16', 43, 'PENGALIHAN HAK TANAH BUKIT GOLF B2 NO.7', 'Kredit', 300000000, 11),
(255, '2023-12-10', '2023-11-16', 10, 'PENGALIHAN HAK TANAH BUKIT GOLF B2 NO.7', 'Debit', 300000000, 11),
(256, '2023-12-10', '2023-11-16', 24, 'UTJ ESPLANADE GA 8/7 DI TRANSFER KE PENJUAL', 'Debit', 100000000, 11),
(257, '2023-12-10', '2023-11-16', 10, 'UTJ ESPLANADE GA 8/7 DI TRANSFER KE PENJUAL', 'Kredit', 100000000, 11),
(258, '2023-12-10', '2023-11-17', 43, 'PPH FINAL BUKIT GOLF B2 NO 7', 'Debit', 90000000, 11),
(259, '2023-12-10', '2023-11-17', 10, 'PPH FINAL BUKIT GOLF B2 NO 7', 'Kredit', 90000000, 11),
(260, '2023-12-10', '2023-11-17', 43, 'PPH FINAL BUKIT GOLF B2 NO 7', 'Debit', 60000000, 11),
(261, '2023-12-10', '2023-11-17', 10, 'PPH FINAL BUKIT GOLF B2 NO 7', 'Kredit', 60000000, 11),
(262, '2023-12-10', '2023-11-17', 45, 'TITIP BAYAR IMB SEWA BTG TC 3-29', 'Kredit', 25000000, 11),
(263, '2023-12-10', '2023-11-17', 10, 'TITIP BAYAR IMB SEWA BTG TC 3-29', 'Debit', 25000000, 11),
(264, '2023-12-10', '2023-11-17', 43, 'PENGALIHAN HAK TANAH BUKIT GOLF B2 NO.7', 'Debit', 150000000, 11),
(265, '2023-12-10', '2023-11-17', 10, 'PENGALIHAN HAK TANAH BUKIT GOLF B2 NO.7', 'Kredit', 150000000, 11),
(266, '2023-12-10', '2023-11-17', 41, 'UTJ RUKO DARMO PARK 2 BLOK II NO 3 DI TRANSFER KE PENJUAL', 'Debit', 450000000, 11),
(267, '2023-12-10', '2023-11-17', 10, 'UTJ RUKO DARMO PARK 2 BLOK II NO 3 DI TRANSFER KE PENJUAL', 'Kredit', 450000000, 11),
(268, '2023-12-10', '2023-11-17', 45, 'TITIP BAYAR PELUNASAN IMB SEWA BTG TC 3-29', 'Debit', 18500000, 11),
(269, '2023-12-10', '2023-11-17', 10, 'TITIP BAYAR PELUNASAN IMB SEWA BTG TC 3-29', 'Kredit', 18500000, 11),
(270, '2023-12-10', '2023-11-17', 45, 'REFUND POT REKOM IMB BTG TC 3-29', 'Debit', 1500000, 11),
(271, '2023-12-10', '2023-11-17', 10, 'REFUND POT REKOM IMB BTG TC 3-29', 'Kredit', 1500000, 11),
(272, '2023-12-10', '2023-11-17', 45, 'FEE IMB SEWA BTG TC 3-29 DI TRANSFER  KE CV A&A', 'Debit', 5000000, 11),
(273, '2023-12-10', '2023-11-17', 10, 'FEE IMB SEWA BTG TC 3-29 DI TRANSFER  KE CV A&A (PUSAT)', 'Kredit', 5000000, 11),
(274, '2023-12-10', '2023-11-17', 27, 'TITIP BAYAR RETRI OKT PENJUAL BGI GB 3/26', 'Debit', 1275912, 11),
(275, '2023-12-10', '2023-11-17', 10, 'TITIP BAYAR RETRI OKT PENJUAL BGI GB 3/26', 'Kredit', 1275912, 11),
(276, '2023-12-10', '2023-11-18', 27, 'KEKURANGAN TITIP BAYAR RETRIBUSI BGI GB3/26', 'Debit', 47344, 11),
(277, '2023-12-10', '2023-11-18', 10, 'KEKURANGAN TITIP BAYAR RETRIBUSI BGI GB3/26', 'Kredit', 47344, 11),
(278, '2023-12-10', '2023-11-20', 51, 'UTJ RUMAH NORTHWEST PARK NA 6/11', 'Kredit', 5000000, 11),
(279, '2023-12-10', '2023-11-20', 10, 'UTJ RUMAH NORTHWEST PARK NA 6/11', 'Debit', 5000000, 11),
(280, '2023-12-10', '2023-11-20', 27, 'FEE BUKIT GOLF GB 3/26 DI PINDAH KE CVA&A (PUSAT)', 'Debit', 98676744, 11),
(281, '2023-12-10', '2023-11-20', 10, 'FEE BUKIT GOLF GB 3/26 DI PINDAH KE CVA&A (PUSAT)', 'Kredit', 98676744, 11),
(282, '2023-12-10', '2023-11-20', 44, 'UTJ SIMPANG DARMO PERMAI SELATAN DI TRANSFER KE PEMILIK', 'Debit', 2825000, 11),
(283, '2023-12-10', '2023-11-20', 10, 'UTJ SIMPANG DARMO PERMAI SELATAN DI TRANSFER KE PEMILIK', 'Kredit', 2825000, 11),
(284, '2023-12-10', '2023-11-20', 44, 'FEE SIMPANG DARMO PERMAI SELATAN DI PINDAH KE A&A CV (CABANG)', 'Debit', 1875000, 11),
(285, '2023-12-10', '2023-11-20', 10, 'FEE SIMPANG DARMO PERMAI SELATAN DI PINDAH KE A&A CV (CABANG)', 'Kredit', 1875000, 11),
(286, '2023-12-10', '2023-11-20', 44, 'FEE NOTARIS SIMPANG DARMO PERMAI SELATAN XIV/20 STEVEN SANTOSO', 'Debit', 300000, 11),
(287, '2023-12-10', '2023-11-20', 10, 'FEE NOTARIS SIMPANG DARMO PERMAI SELATAN XIV/20 STEVEN SANTOSO', 'Kredit', 300000, 11),
(288, '2023-12-12', '2023-11-21', 46, 'TITIP BAYAR REKOM PERUMNAS HPL TN 1/29', 'Debit', 5000000, 11),
(289, '2023-12-10', '2023-11-21', 10, 'TITIP BAYAR REKOM PERUMNAS HPL TN 1/29', 'Kredit', 5000000, 11),
(290, '2023-12-10', '2023-11-22', 46, 'TITIP BAYAR BPHTB PEMBELI TN 1/29', 'Debit', 333750000, 11),
(291, '2023-12-10', '2023-11-22', 10, 'TITIP BAYAR BPHTB PEMBELI TN 1/29', 'Kredit', 333750000, 11),
(292, '2023-12-10', '2023-11-22', 31, 'BI ADM EMERALD MANSION TN 1/29', 'Debit', 25000, 11),
(293, '2023-12-10', '2023-11-22', 10, 'BI ADM EMERALD MANSION TN 1/29', 'Kredit', 25000, 11),
(294, '2023-12-10', '2023-11-28', 51, 'UTJ NORTHWEST PARK NA6/11 DI TRANSFER KE PEMILIK', 'Debit', 3000000, 11),
(295, '2023-12-10', '2023-11-28', 10, 'UTJ NORTHWEST PARK NA6/11 DI TRANSFER KE PEMILIK', 'Kredit', 3000000, 11),
(296, '2023-12-10', '2023-11-28', 51, 'FEE NORTHWEST PARK NA6/11 DI PINDAH KE A&A CV (CABANG)', 'Debit', 2000000, 11),
(297, '2023-12-10', '2023-11-28', 10, 'FEE NORTHWEST PARK NA6/11 DI PINDAH KE A&A CV (CABANG)', 'Kredit', 2000000, 11),
(298, '2023-12-10', '2023-11-30', 52, 'DEPOSIT SEWA GUDANG MARGOMULYO A5', 'Kredit', 10000000, 11),
(299, '2023-12-10', '2023-11-30', 10, 'DEPOSIT SEWA GUDANG MARGOMULYO A5', 'Debit', 10000000, 11),
(300, '2023-12-10', '2023-11-30', 31, 'BIAYA ADM', 'Debit', 30000, 11),
(301, '2023-12-10', '2023-11-30', 10, 'BIAYA ADM', 'Kredit', 30000, 11),
(302, '2023-12-10', '2023-11-30', 48, 'BUNGA', 'Kredit', 104850.02, 11),
(303, '2023-12-10', '2023-11-30', 10, 'BUNGA', 'Debit', 104850.02, 11),
(304, '2023-12-10', '2023-11-30', 50, 'PAJAK BUNGA', 'Debit', 20970, 11),
(305, '2023-12-10', '2023-11-30', 10, 'PAJAK BUNGA', 'Kredit', 20970, 11),
(306, '2023-12-10', '2023-11-03', 32, 'PENGEMBALIAN PINJAMAN CV', 'Kredit', 130000000, 11),
(307, '2023-12-10', '2023-11-03', 10, 'PENGEMBALIAN PINJAMAN CV', 'Debit', 130000000, 11),
(312, '2023-12-12', '2023-11-01', 0, 'Saldo Awal November', '', 562958483.62, 11),
(313, '2023-12-12', '2023-11-01', 0, 'Saldo Awal BT November', '', 302958483.62, 11),
(314, '2023-12-12', '2023-11-01', 0, 'Saldo Awal UTJ November', '', 432609283, 11),
(315, '2023-12-11', '2023-11-01', 35, 'UTJ SEWA GUDANG SIMO TAMBAAN SEKOLAH NO 30', 'Kredit', 10000000, 11),
(316, '2023-12-11', '2023-11-01', 10, 'UTJ SEWA GUDANG SIMO TAMBAAN SEKOLAH NO 30', 'Debit', 10000000, 11),
(317, '2023-12-11', '2023-11-01', 35, 'UTJ SEWA GUDANG SIMO TAMBAAN SEKOLAH NO 30 DI TRANSFER KE XMARKS', 'Debit', 10000000, 11),
(318, '2023-12-11', '2023-11-01', 10, 'UTJ SEWA GUDANG SIMO TAMBAAN SEKOLAH NO 30 DI TRANSFER KE XMARKS', 'Kredit', 10000000, 11),
(319, '2023-12-13', '2023-12-01', 0, 'Saldo Awal Desember', '', 4053462604.02, 11),
(320, '2023-12-13', '2023-12-01', 0, 'Saldo Awal BT Desember', '', 193847182.64, 11),
(321, '2023-12-13', '2023-12-01', 0, 'Saldo Awal UTJ Desember', '', 193471602, 11),
(322, '2023-12-13', '2023-12-01', 10, 'TITIP BAYAR PENGURUSAN KLAMPIS JAYA 80 ', 'Debit', 600000, 11),
(323, '2023-12-13', '2023-12-01', 54, 'TITIP BAYAR PENGURUSAN KLAMPIS JAYA 80 ', 'Kredit', 600000, 11),
(324, '2023-12-13', '2023-12-01', 52, 'TAMBAHAN UTJ GUDANG MARGOMULYO A5', 'Kredit', 150000000, 11),
(325, '2023-12-13', '2023-12-01', 10, 'TAMBAHAN UTJ GUDANG MARGOMULYO A5', 'Debit', 150000000, 11),
(326, '2023-12-13', '2023-12-01', 52, 'DEPOSIT SEWA GUDANG MARGOMULYO A5', 'Debit', 10000000, 11),
(327, '2023-12-13', '2023-12-01', 10, 'DEPOSIT SEWA GUDANG MARGOMULYO A5', 'Kredit', 10000000, 11),
(328, '2023-12-13', '2023-12-01', 52, 'UTJ SEWA TAHUN KE 1 GUDANG MARGOMULYO A5 DI TRANSFER KE PEMILIK', 'Debit', 135000000, 11),
(329, '2023-12-13', '2023-12-01', 10, 'UTJ SEWA TAHUN KE 1 GUDANG MARGOMULYO A5 DI TRANSFER KE PEMILIK', 'Kredit', 135000000, 11),
(330, '2023-12-13', '2023-12-01', 52, 'FEE SEWA GUDANG MARGOMULYO A5 DI PINDAH KE CV A&A (PUSAT)', 'Debit', 15000000, 11),
(331, '2023-12-13', '2023-12-01', 10, 'FEE SEWA GUDANG MARGOMULYO A5 DI PINDAH KE CV A&A (PUSAT)', 'Kredit', 15000000, 11),
(332, '2023-12-13', '2023-12-04', 54, 'PENGEMBALIAN UANG DARI CENTRO DIGITAL (UANG KELUAR DI BANK FEE)', 'Kredit', 88000, 11),
(333, '2023-12-13', '2023-12-04', 10, 'PENGEMBALIAN UANG DARI CENTRO DIGITAL (UANG KELUAR DI BANK FEE)', 'Debit', 88000, 11),
(334, '2023-12-13', '2023-12-04', 55, 'UTJ SEWA TANAH DIAMOND HILL DR 1 NO 9', 'Kredit', 25000000, 11),
(335, '2023-12-13', '2023-12-04', 10, 'UTJ SEWA TANAH DIAMOND HILL DR 1 NO 9', 'Debit', 25000000, 11),
(336, '2023-12-13', '2023-12-04', 56, 'UTJ RUKO NORTHWEST NV 3/2', 'Kredit', 10000000, 11),
(337, '2023-12-13', '2023-12-04', 10, 'UTJ RUKO NORTHWEST NV 3/2', 'Debit', 10000000, 11),
(338, '2023-12-13', '2023-12-05', 55, 'TAMBAHAN UTJ TANAH DIAMOND HILL DR 1 NO 9', 'Kredit', 75000000, 11),
(339, '2023-12-13', '2023-12-05', 10, 'TAMBAHAN UTJ TANAH DIAMOND HILL DR 1 NO 9', 'Debit', 75000000, 11),
(340, '2023-12-13', '2023-12-05', 55, 'UTJ SEWA TANAH DIAMOND HILL DR 1 NO 9 DITRANSFER KE PEMILIK', 'Debit', 25000000, 11),
(341, '2023-12-13', '2023-12-05', 10, 'UTJ SEWA TANAH DIAMOND HILL DR 1 NO 9 DITRANSFER KE PEMILIK', 'Kredit', 25000000, 11),
(342, '2023-12-13', '2023-12-05', 56, 'UTJ NORTHWEST NV 03/02 DI TRANSFER KE PEMILIK', 'Debit', 10000000, 11),
(343, '2023-12-13', '2023-12-05', 10, 'UTJ NORTHWEST NV 03/02 DI TRANSFER KE PEMILIK', 'Kredit', 10000000, 11),
(344, '2023-12-13', '2023-12-06', 40, 'UTJ SEWA 1 TAHUN NORTHWEST NV 11/27', 'Kredit', 40000000, 11),
(345, '2023-12-13', '2023-12-06', 10, 'UTJ SEWA 1 TAHUN NORTHWEST NV 11/27', 'Debit', 40000000, 11),
(346, '2023-12-13', '2023-12-06', 55, 'UTJ SEWA TANAH DIAMOND HILL DR 1 NO 9 DITRANSFER KE PEMILIK', 'Debit', 75000000, 11),
(347, '2023-12-13', '2023-12-06', 10, 'UTJ SEWA TANAH DIAMOND HILL DR 1 NO 9 DITRANSFER KE PEMILIK', 'Kredit', 75000000, 11),
(348, '2023-12-13', '2023-12-06', 40, 'UTJ RUKO NORTHWEST BOULEVARD  NV 11/27', 'Debit', 5000000, 11),
(349, '2023-12-13', '2023-12-06', 10, 'UTJ RUKO NORTHWEST BOULEVARD  NV 11/27', 'Kredit', 5000000, 11),
(350, '2023-12-13', '2023-12-06', 54, 'KARANGAN BUNGA PEMBUKAAN MIE BEAR', 'Debit', 350000, 11),
(351, '2023-12-13', '2023-12-06', 10, 'TITP BAYAR KARANGAN BUNGA PEMBUKAAN MIE BEAR', 'Kredit', 350000, 11),
(352, '2023-12-13', '2023-12-06', 57, 'UTJ GUDANG KEDINDING TENGAH JAYA 2 TIMUR A2-4', 'Kredit', 20000000, 11),
(353, '2023-12-13', '2023-12-06', 10, 'UTJ GUDANG KEDINDING TENGAH JAYA 2 TIMUR A2-4', 'Debit', 20000000, 11),
(354, '2023-12-13', '2023-12-07', 54, 'TITIP BAYAR KARANGAN BUNGA MIE BEAR', 'Debit', 350000, 11),
(355, '2023-12-13', '2023-12-07', 10, 'TITIP BAYAR KARANGAN BUNGA MIE BEAR', 'Kredit', 350000, 11),
(356, '2023-12-13', '2023-12-08', 58, 'UTJ JL KENJERAN NO 88/II', 'Kredit', 9000000, 11),
(357, '2023-12-13', '2023-12-08', 10, 'UTJ JL KENJERAN NO 88/II', 'Debit', 9000000, 11),
(358, '2023-12-13', '2023-12-08', 54, 'TITIP BAYAR PENGURUSAN KLAMPIS JAYA 80 ', 'Debit', 600000, 11),
(359, '2023-12-13', '2023-12-08', 10, 'TITIP BAYAR PENGURUSAN KLAMPIS JAYA 80 ', 'Kredit', 600000, 11),
(361, '2023-12-19', '2023-12-18', 47, 'UTJ TANAH KANDANGAN GRESIK ', 'Kredit', 150000000, 11),
(362, '2023-12-19', '2023-12-12', 125, 'UTJ NORTHWEST NV 11/3,5,6', 'Kredit', 10000000, 11),
(363, '2023-12-19', '2023-12-12', 10, 'UTJ NORTHWEST NV 11/3,5,6', 'Debit', 10000000, 11),
(364, '2023-12-19', '2023-12-12', 46, 'TITIP BIAYA AJB PPAT, BIAYA BALK NAMA, BIAYA PPJB DAN KUASA EMERALD MANSION TN 1/29', 'Kredit', 275000000, 11),
(365, '2023-12-19', '2023-12-12', 10, 'TITIP BIAYA AJB PPAT, BIAYA BALK NAMA, BIAYA PPJB DAN KUASA EMERALD MANSION TN 1/29', 'Debit', 275000000, 11),
(366, '2023-12-19', '2023-12-12', 57, 'UTJ SEWA GUDANG KEDINDING TENGAH JAYA 2 TIMUR A2-4', 'Debit', 12750000, 11),
(367, '2023-12-19', '2023-12-12', 10, 'UTJ SEWA GUDANG KEDINDING TENGAH JAYA 2 TIMUR A2-4', 'Kredit', 12750000, 11),
(368, '2023-12-19', '2023-12-12', 57, 'FEE GUDANG KEDINDING TENGAH JAYA 2 TIMUR A2-4 DIPINDAH KE A&A CV (CABANG)', 'Debit', 7250000, 11),
(370, '2023-12-19', '2023-12-12', 10, 'FEE GUDANG KEDINDING TENGAH JAYA 2 TIMUR A2-4 DIPINDAH KE A&A CV (CABANG)', 'Kredit', 7250000, 11),
(371, '2023-12-19', '2023-12-12', 40, 'DEPOSIT SEWA RUKO NV 11/27', 'Debit', 5000000, 11),
(372, '2023-12-19', '2023-12-12', 10, 'DEPOSIT SEWA RUKO NV 11/27', 'Kredit', 5000000, 11),
(373, '2023-12-19', '2023-12-12', 40, 'PEMBAYARAN TERMIN 1 SEWA RUKO NV 11/27', 'Debit', 33000000, 11),
(374, '2023-12-19', '2023-12-12', 10, 'PEMBAYARAN TERMIN 1 SEWA RUKO NV 11/27', 'Kredit', 33000000, 11),
(375, '2023-12-19', '2023-12-12', 40, 'FEE AGENT TERMIN 1 SEWA RUKO NV 11/27 DIPINDAH KE PUSAT', 'Debit', 2000000, 11),
(376, '2023-12-19', '2023-12-12', 10, 'FEE AGENT TERMIN 1 SEWA RUKO NV 11/27 DIPINDAH KE PUSAT', 'Kredit', 2000000, 11),
(377, '2023-12-19', '2023-12-13', 46, 'TITIP BIAYA PNBP BN 2 SERTIFIKT TN1 NO 29 ', 'Kredit', 5000000, 11),
(378, '2023-12-19', '2023-12-13', 46, 'BAYAR REKOM PERUMNAS HPL TN1 NO 29 KE BANK TITIPAN', 'Kredit', 5000000, 11),
(379, '2023-12-19', '2023-12-13', 10, 'TITIP BIAYA PNBP BN 2 DAN BAYAR REKOM PERUMNAS HPL TN1 NO 29', 'Debit', 10000000, 11),
(380, '2023-12-19', '2023-12-14', 46, 'TITIP BIAYA AJB PPAT, BIAYA BALK NAMA, BIAYA PPJB DAN KUASA EMERALD MANSION TN 1/29', 'Debit', 275000000, 11),
(381, '2023-12-19', '2023-12-14', 10, 'TITIP BIAYA AJB PPAT, BIAYA BALK NAMA, BIAYA PPJB DAN KUASA EMERALD MANSION TN 1/29', 'Kredit', 275000000, 11),
(382, '2023-12-19', '2023-12-14', 58, 'SISA UTJ RUKO KENJERAN 88/II DI TRANSFER KE PEMILIK', 'Debit', 3625000, 11),
(383, '2023-12-19', '2023-12-14', 10, 'SISA UTJ RUKO KENJERAN 88/II DI TRANSFER KE PEMILIK', 'Kredit', 3625000, 11),
(384, '2023-12-19', '2023-12-14', 58, 'FEE AGENT RUKO KENJERAN 88/II DIPINDAH KE CVA&A (PUSAT)', 'Debit', 5000000, 11),
(385, '2023-12-19', '2023-12-14', 10, 'FEE AGENT RUKO KENJERAN 88/II DIPINDAH KE CVA&A (PUSAT)', 'Kredit', 5000000, 11),
(386, '2023-12-19', '2023-12-14', 58, 'TITIP BAYAR BIAYA NOTARIS PEMILIK RUKO KENJERAN 88/II', 'Debit', 375000, 11),
(387, '2023-12-19', '2023-12-14', 10, 'TITIP BAYAR BIAYA NOTARIS PEMILIK RUKO KENJERAN 88/II', 'Kredit', 375000, 11),
(388, '2023-12-19', '2023-12-14', 46, 'TITIP BIAYA PNBP BN SERTIFIKAT TN 1/29', 'Debit', 5000000, 11),
(389, '2023-12-19', '2023-12-14', 10, 'TITIP BIAYA PNBP BN SERTIFIKAT TN 1/29', 'Kredit', 5000000, 11),
(390, '2023-12-19', '2023-12-18', 10, 'UTJ TANAH KANDANGAN GRESIK ', 'Debit', 150000000, 11),
(391, '2023-12-19', '2023-12-18', 126, 'UTJ RUMAH PRAMBANAN EC', 'Kredit', 10000000, 11),
(392, '2023-12-19', '2023-12-18', 10, 'UTJ RUMAH PRAMBANAN EC', 'Debit', 10000000, 11),
(393, '2023-12-21', '2023-12-19', 47, 'BAYA PENGURUSN SPLITZING SERTFIKAT TANAH KANDANGAN GRESIK', 'Debit', 45500000, 11),
(394, '2023-12-21', '2023-12-19', 10, 'BAYA PENGURUSN SPLITZING SERTFIKAT TANAH KANDANGAN GRESIK', 'Kredit', 45500000, 11),
(395, '2023-12-21', '2023-12-20', 125, 'UTJ RUKO NORTHWEST NV 11 NO 3,5 & 6 DITRANSFER KE PEMILIK', 'Debit', 10000000, 11),
(396, '2023-12-21', '2023-12-20', 10, 'UTJ RUKO NORTHWEST NV 11 NO 3,5 & 6 DITRANSFER KE PEMILIK', 'Kredit', 10000000, 11);

-- --------------------------------------------------------

--
-- Table structure for table `kantor_pengaturan`
--

CREATE TABLE `kantor_pengaturan` (
  `id_kantor` int(250) NOT NULL,
  `kantor` varchar(250) NOT NULL
) ENGINE=InnoDB DEFAULT CHARSET=utf8mb4 COLLATE=utf8mb4_general_ci;

--
-- Dumping data for table `kantor_pengaturan`
--

INSERT INTO `kantor_pengaturan` (`id_kantor`, `kantor`) VALUES
(1, 'Pusat'),
(2, 'Vision');

-- --------------------------------------------------------

--
-- Table structure for table `komisi`
--

CREATE TABLE `komisi` (
  `id_komisi` int(12) NOT NULL,
  `kantor_komisi` int(250) NOT NULL,
  `nomor_kantor_komisi` int(250) NOT NULL,
  `jenis_hitungan_komisi` varchar(250) NOT NULL,
  `alamat_komisi` varchar(250) NOT NULL,
  `jt_komisi` varchar(250) NOT NULL,
  `tgl_closing_komisi` date NOT NULL,
  `mar_listing_komisi` int(250) NOT NULL,
  `mar_listing2_komisi` int(250) NOT NULL,
  `mar_selling_komisi` int(250) NOT NULL,
  `mar_selling2_komisi` int(250) NOT NULL,
  `bruto_komisi` varchar(250) NOT NULL,
  `waktu_komisi` date NOT NULL,
  `tgl_disetujui` date NOT NULL,
  `status_komisi` varchar(250) NOT NULL,
  `status_transfer` varchar(250) NOT NULL,
  `keterangan_komisi` varchar(250) NOT NULL
) ENGINE=InnoDB DEFAULT CHARSET=utf8mb4 COLLATE=utf8mb4_general_ci;

--
-- Dumping data for table `komisi`
--

INSERT INTO `komisi` (`id_komisi`, `kantor_komisi`, `nomor_kantor_komisi`, `jenis_hitungan_komisi`, `alamat_komisi`, `jt_komisi`, `tgl_closing_komisi`, `mar_listing_komisi`, `mar_listing2_komisi`, `mar_selling_komisi`, `mar_selling2_komisi`, `bruto_komisi`, `waktu_komisi`, `tgl_disetujui`, `status_komisi`, `status_transfer`, `keterangan_komisi`) VALUES
(302, 2, 1, 'Secondary', 'APARTEMEN PURIMAS TOWER A UNIT 1528', 'Jual', '2023-09-29', 3, 0, 3, 0, '6500000', '2023-11-02', '2023-12-08', 'Approve', '', ''),
(303, 2, 2, 'Secondary', 'EASTWOOD BLOK EW5/12 CITRALAND, SURABAYA', 'Jual', '2023-10-02', 11, 0, 1693, 0, '43312500', '2023-11-02', '2023-12-08', 'Approve', '', ''),
(304, 2, 3, 'Secondary', 'DUKUH KUPANG BARAT 107A, SURABAYA', 'Sewa', '2023-08-15', 53, 0, 53, 0, '1500000', '2023-11-02', '2023-12-08', 'Approve', '', ''),
(305, 2, 4, 'Secondary', 'DUKUH KUPANG BARAT 107A, SURABAYA', 'Sewa', '2023-08-15', 53, 0, 53, 0, '1500000', '2023-11-02', '2023-12-08', 'Approve', '', ''),
(321, 2, 5, 'Secondary', 'Jl. Kedinding tengah jaya 2 timur A/2-4 Surabaya', 'Sewa', '2023-06-12', 38, 0, 11, 0, '7250000', '2023-12-13', '0000-00-00', 'Proses Approve', 'Proses Transfer', ''),
(323, 2, 6, 'Secondary', 'Surya Inti Permata 1 Blok C 06 Hr. Muhammad Surabaya', 'Sewa', '2023-09-12', 49, 0, 49, 0, '20000000', '2023-12-13', '0000-00-00', 'Proses Approve', 'Proses Transfer', 'FEE cobroke yang dihitung punya bu Lily Tan saja'),
(330, 1, 1, 'KPR', 'Dukuh Kupang XXIII', 'Jual/Sewa', '2023-12-19', 11, 0, 9, 0, '50000000', '2023-12-19', '0000-00-00', 'Proses Approve', 'Proses Transfer', 'Ini Hanya Testing'),
(331, 1, 2, 'Primary', 'Dukuh Kupang XXIII', 'Jual/Sewa', '2023-12-19', 11, 0, 9, 0, '50000000', '2023-12-19', '0000-00-00', 'Proses Approve', 'Proses Transfer', 'Ini Hanya Testing'),
(334, 2, 7, 'Secondary', 'Jl. Sukomanunggal Jaya 3Z (CSH No.26), Surabaya', 'Sewa', '2023-09-22', 48, 0, 48, 0, '4250000', '2023-12-19', '2023-12-19', 'Approve', 'Proses Transfer', ''),
(335, 1, 3, 'Primary', 'Woodland Blok WL No.5 Citraland, Surabaya', 'Jual/Sewa', '2023-12-19', 3, 0, 3, 0, '50000000', '2023-12-19', '0000-00-00', 'Proses Approve', 'Proses Transfer', 'Ini Hanya Testing');

-- --------------------------------------------------------

--
-- Table structure for table `kredit_bank_titipan_a`
--

CREATE TABLE `kredit_bank_titipan_a` (
  `id_kredit` int(250) NOT NULL,
  `id_bta` int(250) NOT NULL,
  `tgl_input_kredit` date NOT NULL,
  `keterangan_kredit` varchar(250) NOT NULL,
  `nominal_kredit` int(250) NOT NULL
) ENGINE=InnoDB DEFAULT CHARSET=utf8mb4 COLLATE=utf8mb4_general_ci;

--
-- Dumping data for table `kredit_bank_titipan_a`
--

INSERT INTO `kredit_bank_titipan_a` (`id_kredit`, `id_bta`, `tgl_input_kredit`, `keterangan_kredit`, `nominal_kredit`) VALUES
(7, 4, '2023-11-11', 'Pengiriman Kucing', 10000),
(12, 5, '2023-11-13', 'Berkas Ini Itu', 12000),
(13, 4, '2023-11-13', 'Pengiriman Jerapah', 50000),
(14, 4, '2023-11-13', 'Pengiriman Kura-Kura', 120000),
(18, 8, '2023-11-15', 'Pengiriman Jerapah', 50000),
(20, 6, '2023-11-15', 'Pengiriman Kura-Kura', 50000);

-- --------------------------------------------------------

--
-- Table structure for table `level_pengaturan`
--

CREATE TABLE `level_pengaturan` (
  `id_level` int(250) NOT NULL,
  `level` varchar(250) NOT NULL,
  `akses_level` varchar(250) NOT NULL
) ENGINE=InnoDB DEFAULT CHARSET=latin1 COLLATE=latin1_swedish_ci;

--
-- Dumping data for table `level_pengaturan`
--

INSERT INTO `level_pengaturan` (`id_level`, `level`, `akses_level`) VALUES
(1, 'Super Administrator', 'Semua'),
(2, 'Admin Komisi', 'Komisi'),
(3, 'Admin Akuntan', 'Akunting'),
(4, 'Administrator', 'Komisi & Akunting'),
(5, 'CMO', 'Komisi & Akunting');

-- --------------------------------------------------------

--
-- Table structure for table `marketing`
--

CREATE TABLE `marketing` (
  `id_mar` int(50) NOT NULL,
  `nama_mar` varchar(50) NOT NULL,
  `nomor_mar` varchar(250) NOT NULL,
  `member_mar` int(250) NOT NULL,
  `upline_emd_mar` varchar(50) NOT NULL,
  `upline_cmo_mar` varchar(50) NOT NULL,
  `norek_mar` varchar(250) NOT NULL,
  `fasilitas_mar` varchar(250) NOT NULL,
  `jabatan_mar` varchar(250) NOT NULL,
  `gambar_ktp_mar` varchar(250) NOT NULL,
  `gambar_npwp_mar` varchar(250) NOT NULL
) ENGINE=InnoDB DEFAULT CHARSET=utf8mb4 COLLATE=utf8mb4_general_ci;

--
-- Dumping data for table `marketing`
--

INSERT INTO `marketing` (`id_mar`, `nama_mar`, `nomor_mar`, `member_mar`, `upline_emd_mar`, `upline_cmo_mar`, `norek_mar`, `fasilitas_mar`, `jabatan_mar`, `gambar_ktp_mar`, `gambar_npwp_mar`) VALUES
(2, 'Henny', 'AA0005', 2, '9', '3', 'BCA-6730311638 (Henny)', '', '3', 'ktp.png', 'npwp.png'),
(3, 'Jonatan / Lydia', 'AA0271', 1, '', '', 'BCA-0100359723 (Lydia Susanto)', '', '4', 'ktp1.png', 'npwp1.png'),
(7, 'Purnomo', 'AA0445', 1, '3', '2', 'BCA-3681745040 - Purnomo', '', '2', 'ktp2.png', 'npwp2.png'),
(9, 'Yenny', 'AA0065', 2, '3', '', 'BCA-8290541221 - Yenny', '', '2', 'ktp3.png', 'npwp3.png'),
(10, 'Julia / Jeffy', 'AA0053', 1, '39', '', 'BCA-7880384320 - Julia/Jeffry', '', '4', 'ktp4.png', 'npwp4.png'),
(11, 'Claudia', 'AA0008', 3, '10', '', 'BCA-4700271779 (Claudia Florensia Sri P)', '', '3', 'ktp6.png', 'npwp6.png'),
(35, 'Ang', 'AA0007', 1, '10', '', 'BCA 472-018-1717 (Anggraini Angkawidjaya)', '', '2', 'ktp7.png', 'npwp7.png'),
(36, 'Fran', 'AA0009', 1, '35', '', 'BCA-102 031 4776 - (Fransiska)', '', '2', 'ktp8.png', 'npwp8.png'),
(37, 'Winata', 'AA0207', 1, '35', '', 'BCA 018-365-6161 (Winata Ciputra)', '', '2', 'ktp9.png', 'npwp9.png'),
(38, 'Ang/Fran/Win', 'AA0013', 1, '', '', '-', '', '2', '', ''),
(39, 'Gun', 'AA0001', 1, '', '', 'BCA-4631 91 0022 - Gunawan', '', '2', 'ktp5.png', 'npwp5.png'),
(40, 'Ana', 'AA0002', 1, '39', '', 'BCA-4632 91 0011 - Ana', '', '2', 'ktp10.png', 'npwp10.png'),
(41, 'Johan', 'AA0399', 1, '39', '', 'Belum Ada', '', '4', 'ktp11.png', 'npwp11.png'),
(42, 'Yuhuu / Ani', 'AA0387', 1, '10', '', 'Belum Ada', '', '2', 'ktp12.png', 'npwp12.png'),
(43, 'Handoko', 'AA0293', 1, '48', '', 'BCA-2581421241 - Handoko Angkasastro', '', '2', 'ktp13.png', 'npwp13.png'),
(44, 'Ersiana', 'AA0447', 1, '48', '', 'BCA-0871216711 - Ersiana', '', '2', 'ktp14.png', 'npwp14.png'),
(45, 'Albert / Monic', 'AA0148', 1, '', '', 'BCA-5060198791 - Albert / Monic', '', '2', 'ktp15.png', 'npwp15.png'),
(46, 'Budi', 'AA0418', 1, '10', '', 'Belum Ada', '', '2', 'ktp16.png', 'npwp16.png'),
(47, 'Ibnu Chandra / Sherla', 'AA0075', 1, '', '', 'BCA-5085007308 - Ibnu Chandra', '', '2', 'ktp17.png', 'npwp17.png'),
(48, 'Indri', 'AA0064', 2, '', '', 'BCA-8290693021 - Indri', '', '3', 'ktp18.png', 'npwp18.png'),
(49, 'Lily Tan', ' AA0080', 2, '48', '10', 'BCA-6720460708 - Lily Tan', '', '2', 'ktp19.png', 'npwp19.png'),
(50, 'Dyah CA', 'AA00402', 1, '', '', 'Belum Ada', '', '2', 'ktp20.png', 'npwp20.png'),
(51, 'Indrawati Prajogo', 'AA0429', 1, '48', '', '	BCA-6720144717 - Indrawati Prajogo', '', '2', 'ktp21.png', 'npwp21.png'),
(52, 'Mariana', 'AA0378', 1, '10', '', 'BCA-1011397447 - Maria Yuliawati', '', '2', 'ktp22.png', 'npwp22.png'),
(53, 'Ghary / Yoan', 'AA0311', 1, '', '', 'BCA-8220334881 - Ghary Yoan', '', '2', 'ktp23.png', 'npwp23.png'),
(54, 'Jonny Gunawan', 'AA0350', 1, '', '', 'BCA-8220726755 - Jonny Gunawan', '', '2', 'ktp24.png', 'npwp24.png'),
(55, 'Ida / Boyong', 'AA0440', 1, '', '', 'BCA-6720576293 - Geertruida Margaretha', '', '2', 'ktp25.png', 'npwp25.png'),
(56, 'Teryan / Bian', 'AA0446', 1, '35', '', 'BCA-4641255437 - Teryan Bian', '', '2', 'ktp26.png', 'npwp26.png'),
(57, 'Aditya', 'AA0430', 1, '54', '', 'BCA-6965071290 - Aditya Risqi Putra', '', '2', 'ktp27.png', 'npwp27.png'),
(58, 'Aming Go', 'AA0196', 1, '', '', 'BCA-675 0220 353 - Aming', '', '2', 'ktp28.png', 'npwp28.png'),
(59, 'Mery', 'AA0452', 1, '', '', 'Belum Ada', '', '2', 'ktp29.png', 'npwp29.png'),
(60, 'Inata', 'AA0436', 1, '41', '', 'BCA-2582093009 - Inata', '', '2', 'ktp30.png', 'npwp30.png'),
(61, 'Aghata', 'AA0444', 1, '60', '', 'BCA-6750379441 - Nathania Agatha Benita', '', '2', 'ktp31.png', 'npwp31.png'),
(62, 'Syauqi', 'AA0305', 1, '65', '', 'BCA Syariah-0050061977 - Qomarul Fata Assyauqi', '', '2', 'ktp32.png', 'npwp32.png'),
(63, 'Deddy Tansen', 'AA0453', 1, '', '', 'Belum Ada', '', '2', 'ktp33.png', 'npwp33.png'),
(64, 'Naning', 'AA0454', 1, '', '', 'Belum Ada', '', '2', 'ktp34.png', 'npwp34.png'),
(65, 'Anita / Steven', 'AA0070', 1, '48', '', 'BCA-6720334061 - Anita Steven', '', '2', 'ktp35.png', 'npwp35.png'),
(66, 'Vonny C', 'AA0337', 1, '48', '', 'Belum Ada', '', '2', 'ktp36.png', 'npwp36.png'),
(67, 'Hokky', 'AA0210', 1, '47', '', 'BCA-0180670904 - Hokky Gunawan', '', '2', 'ktp37.png', 'npwp37.png'),
(68, 'Tristya', 'AA0438', 1, '10', '', 'BCA-8630299242 - Novan Hari Tristya', '', '2', 'ktp38.png', 'npwp38.png'),
(69, 'Nita', 'AA0456', 1, '', '', 'Belum Ada', '', '2', 'ktp39.png', 'npwp39.png'),
(70, 'Owen', 'AA0419', 1, '', '', 'Mandiri - 1410019762400 - Jordan Yuseno Putra', '', '2', 'ktp40.png', 'npwp40.png'),
(71, 'Yanes / Nira', 'AA0264', 1, '', '', 'BCA-0885931265 - Yanes Nira', '', '2', 'ktp41.png', 'npwp41.png');

-- --------------------------------------------------------

--
-- Table structure for table `master_pph`
--

CREATE TABLE `master_pph` (
  `id_pph` int(250) NOT NULL,
  `id_komisi` int(250) NOT NULL
) ENGINE=InnoDB DEFAULT CHARSET=utf8mb4 COLLATE=utf8mb4_general_ci;

--
-- Dumping data for table `master_pph`
--

INSERT INTO `master_pph` (`id_pph`, `id_komisi`) VALUES
(74, 302),
(75, 303),
(76, 304),
(77, 305),
(78, 334);

-- --------------------------------------------------------

--
-- Table structure for table `master_pph_aavision`
--

CREATE TABLE `master_pph_aavision` (
  `id_pph_aavision` int(250) NOT NULL,
  `id_pph` int(250) NOT NULL,
  `id_marketing` int(250) NOT NULL,
  `status_marketing` varchar(250) NOT NULL,
  `fee_setelah_adm` int(250) NOT NULL,
  `fgs` int(250) NOT NULL,
  `ptn_pph` int(250) NOT NULL,
  `total_pph` int(250) NOT NULL
) ENGINE=InnoDB DEFAULT CHARSET=utf8mb4 COLLATE=utf8mb4_general_ci;

--
-- Dumping data for table `master_pph_aavision`
--

INSERT INTO `master_pph_aavision` (`id_pph_aavision`, `id_pph`, `id_marketing`, `status_marketing`, `fee_setelah_adm`, `fgs`, `ptn_pph`, `total_pph`) VALUES
(325, 74, 3, 'Listing/Selling', 3250000, 0, 81250, 81250),
(326, 75, 11, 'Listing/Selling', 14780391, 0, 369510, 369510),
(327, 75, 10, 'Upline', 0, 324844, 8121, 8121),
(328, 76, 53, 'Listing/Selling', 750000, 0, 18750, 18750),
(329, 77, 53, 'Listing/Selling', 750000, 0, 18750, 18750),
(330, 78, 48, 'Listing/Selling', 2237625, 0, 55941, 55941);

-- --------------------------------------------------------

--
-- Table structure for table `master_pph_cobroke`
--

CREATE TABLE `master_pph_cobroke` (
  `id_pph_cobroke` int(250) NOT NULL,
  `id_pph` int(250) NOT NULL,
  `fee_cobroke` int(250) NOT NULL,
  `pph_cobroke` int(250) NOT NULL
) ENGINE=InnoDB DEFAULT CHARSET=utf8mb4 COLLATE=utf8mb4_general_ci;

--
-- Dumping data for table `master_pph_cobroke`
--

INSERT INTO `master_pph_cobroke` (`id_pph_cobroke`, `id_pph`, `fee_cobroke`, `pph_cobroke`) VALUES
(21, 75, 21656250, 433125),
(22, 78, 425000, 12750);

-- --------------------------------------------------------

--
-- Table structure for table `member_pengaturan`
--

CREATE TABLE `member_pengaturan` (
  `id_member` int(250) NOT NULL,
  `member` varchar(250) NOT NULL,
  `nilai_secondary` int(250) NOT NULL,
  `nilai_kpr` int(250) NOT NULL
) ENGINE=InnoDB DEFAULT CHARSET=utf8mb4 COLLATE=utf8mb4_general_ci;

--
-- Dumping data for table `member_pengaturan`
--

INSERT INTO `member_pengaturan` (`id_member`, `member`, `nilai_secondary`, `nilai_kpr`) VALUES
(0, 'Setting Nilai Primary', 50, 0),
(1, 'Silver', 50, 50),
(2, 'Gold Express', 60, 60),
(3, 'Prime Pro', 70, 60),
(4, 'Black Jack', 80, 60);

-- --------------------------------------------------------

--
-- Table structure for table `omzet`
--

CREATE TABLE `omzet` (
  `id_omzet` int(250) NOT NULL,
  `id_komisi` int(250) NOT NULL
) ENGINE=InnoDB DEFAULT CHARSET=utf8mb4 COLLATE=utf8mb4_general_ci;

--
-- Dumping data for table `omzet`
--

INSERT INTO `omzet` (`id_omzet`, `id_komisi`) VALUES
(127, 302),
(128, 303),
(129, 304),
(130, 305),
(131, 334);

-- --------------------------------------------------------

--
-- Table structure for table `omzet_aavision`
--

CREATE TABLE `omzet_aavision` (
  `id_omzetvision` int(250) NOT NULL,
  `id_omzet` int(250) NOT NULL,
  `id_marketing` int(250) NOT NULL,
  `fee_kantor` int(250) NOT NULL,
  `fee_marketing` int(250) NOT NULL,
  `ptn_admin` int(250) NOT NULL,
  `ptn_pph` int(250) NOT NULL,
  `ptn_pribadi` int(250) NOT NULL,
  `netto_vision` int(250) NOT NULL,
  `netto_marketing` int(250) NOT NULL
) ENGINE=InnoDB DEFAULT CHARSET=utf8mb4 COLLATE=utf8mb4_general_ci;

--
-- Dumping data for table `omzet_aavision`
--

INSERT INTO `omzet_aavision` (`id_omzetvision`, `id_omzet`, `id_marketing`, `fee_kantor`, `fee_marketing`, `ptn_admin`, `ptn_pph`, `ptn_pribadi`, `netto_vision`, `netto_marketing`) VALUES
(259, 127, 3, 3250000, 3250000, 0, 81250, 0, 3250000, 3168750),
(260, 128, 11, 6496875, 15159375, 378984, 369510, 0, 6875859, 14410881),
(261, 129, 53, 750000, 750000, 0, 18750, 0, 750000, 731250),
(262, 130, 53, 750000, 750000, 0, 18750, 0, 750000, 731250),
(263, 131, 48, 1530000, 2295000, 57375, 55941, 0, 1587375, 2181684);

-- --------------------------------------------------------

--
-- Table structure for table `pengguna`
--

CREATE TABLE `pengguna` (
  `id_pengguna` int(250) NOT NULL,
  `nama_pengguna` varchar(250) NOT NULL,
  `username_pengguna` varchar(250) NOT NULL,
  `pass_pengguna` varchar(250) NOT NULL,
  `gambar_ttd_pengguna` varchar(250) NOT NULL,
  `level_pengguna` varchar(250) NOT NULL
) ENGINE=InnoDB DEFAULT CHARSET=utf8mb4 COLLATE=utf8mb4_general_ci;

--
-- Dumping data for table `pengguna`
--

INSERT INTO `pengguna` (`id_pengguna`, `nama_pengguna`, `username_pengguna`, `pass_pengguna`, `gambar_ttd_pengguna`, `level_pengguna`) VALUES
(1, 'Rohman', 'rohman', '2397977a0e43fb1f5ee26fe993674b5b', 'ttd_ku_baru.jpg', '1'),
(4, 'Julia', 'julia', 'c2e285cb33cecdbeb83d2189e983a8c0', 'ttd_baru.jpg', '5'),
(10, 'Risca', 'risca', 'f5787529cb944fa9600457d30438d20d', 'ttd_baru1.jpg', '2'),
(11, 'Salwa', 'salwa', 'af003347e9ad13dcb79763e2f66339d5', '', '3'),
(12, 'Febri', 'febri', '4689c75fd0935ff5818d62fd2083ed98', '', '2');

-- --------------------------------------------------------

--
-- Table structure for table `pengurangan_fee`
--

CREATE TABLE `pengurangan_fee` (
  `id_pengurangan` int(250) NOT NULL,
  `id_komisi` int(250) NOT NULL,
  `id_marketing` int(250) NOT NULL,
  `keterangan_pengurangan` varchar(250) NOT NULL,
  `jumlah_pengurangan` int(250) NOT NULL,
  `status_pengurangan` varchar(250) NOT NULL
) ENGINE=InnoDB DEFAULT CHARSET=utf8mb4 COLLATE=utf8mb4_general_ci;

-- --------------------------------------------------------

--
-- Table structure for table `potongan`
--

CREATE TABLE `potongan` (
  `id_potongan` int(250) NOT NULL,
  `id_komisi` int(250) NOT NULL,
  `keterangan_potongan` varchar(250) NOT NULL,
  `jumlah_potongan` varchar(250) NOT NULL
) ENGINE=InnoDB DEFAULT CHARSET=utf8mb4 COLLATE=utf8mb4_general_ci;

--
-- Dumping data for table `potongan`
--

INSERT INTO `potongan` (`id_potongan`, `id_komisi`, `keterangan_potongan`, `jumlah_potongan`) VALUES
(70, 330, 'Biaya Spanduk Baru', '2500000'),
(71, 335, 'Biaya Spanduk Baru', '1000000');

-- --------------------------------------------------------

--
-- Table structure for table `referal`
--

CREATE TABLE `referal` (
  `id_referal` int(250) NOT NULL,
  `id_komisi` int(250) NOT NULL,
  `jumlah_referal` varchar(250) NOT NULL,
  `pph_referal` varchar(250) NOT NULL,
  `keterangan_referal` varchar(250) NOT NULL
) ENGINE=InnoDB DEFAULT CHARSET=utf8mb4 COLLATE=utf8mb4_general_ci;

--
-- Dumping data for table `referal`
--

INSERT INTO `referal` (`id_referal`, `id_komisi`, `jumlah_referal`, `pph_referal`, `keterangan_referal`) VALUES
(50, 330, '2500000', '2.5', 'Fandi'),
(53, 334, '425000', '3', 'Ratna Yunaningsih'),
(54, 335, '20000000', '2.5', 'Rohman');

-- --------------------------------------------------------

--
-- Table structure for table `sub_komisi`
--

CREATE TABLE `sub_komisi` (
  `id_sub_komisi` int(12) NOT NULL,
  `id_komisi` int(12) NOT NULL,
  `primary_komisi` varchar(250) NOT NULL,
  `mm_listing_komisi` int(250) NOT NULL,
  `npwpm_listing_komisi` int(250) NOT NULL,
  `npwpum_listing_komisi` int(250) NOT NULL,
  `jabatanum_listing_komisi` int(250) NOT NULL,
  `npwpum_listing2_komisi` int(250) NOT NULL,
  `jabatanum_listing2_komisi` int(250) NOT NULL,
  `mm2_listing_komisi` int(250) NOT NULL,
  `npwpm2_listing_komisi` int(250) NOT NULL,
  `npwpum2_listing_komisi` int(250) NOT NULL,
  `jabatanum2_listing_komisi` int(250) NOT NULL,
  `npwpum2_listing2_komisi` int(250) NOT NULL,
  `jabatanum2_listing2_komisi` int(250) NOT NULL,
  `mm_selling_komisi` int(250) NOT NULL,
  `npwpm_selling_komisi` int(250) NOT NULL,
  `npwpum_selling_komisi` int(250) NOT NULL,
  `jabatanum_selling_komisi` int(250) NOT NULL,
  `npwpum_selling2_komisi` int(250) NOT NULL,
  `jabatanum_selling2_komisi` int(250) NOT NULL,
  `mm2_selling_komisi` int(250) NOT NULL,
  `npwpm2_selling_komisi` int(250) NOT NULL,
  `npwpum2_selling_komisi` int(250) NOT NULL,
  `jabatanum2_selling_komisi` int(250) NOT NULL,
  `npwpum2_selling2_komisi` int(250) NOT NULL,
  `jabatanum2_selling2_komisi` int(250) NOT NULL,
  `admin_pengguna` int(250) NOT NULL,
  `admin_status_komisi` int(250) NOT NULL
) ENGINE=InnoDB DEFAULT CHARSET=utf8mb4 COLLATE=utf8mb4_general_ci;

--
-- Dumping data for table `sub_komisi`
--

INSERT INTO `sub_komisi` (`id_sub_komisi`, `id_komisi`, `primary_komisi`, `mm_listing_komisi`, `npwpm_listing_komisi`, `npwpum_listing_komisi`, `jabatanum_listing_komisi`, `npwpum_listing2_komisi`, `jabatanum_listing2_komisi`, `mm2_listing_komisi`, `npwpm2_listing_komisi`, `npwpum2_listing_komisi`, `jabatanum2_listing_komisi`, `npwpum2_listing2_komisi`, `jabatanum2_listing2_komisi`, `mm_selling_komisi`, `npwpm_selling_komisi`, `npwpum_selling_komisi`, `jabatanum_selling_komisi`, `npwpum_selling2_komisi`, `jabatanum_selling2_komisi`, `mm2_selling_komisi`, `npwpm2_selling_komisi`, `npwpum2_selling_komisi`, `jabatanum2_selling_komisi`, `npwpum2_selling2_komisi`, `jabatanum2_selling2_komisi`, `admin_pengguna`, `admin_status_komisi`) VALUES
(201, 302, '0', 50, 1, 0, 0, 0, 0, 0, 0, 0, 0, 0, 0, 50, 1, 0, 0, 0, 0, 0, 0, 0, 0, 0, 0, 10, 4),
(202, 303, '0', 70, 1, 1, 0, 0, 0, 0, 0, 0, 0, 0, 0, 0, 0, 0, 0, 0, 0, 0, 0, 0, 0, 0, 0, 10, 4),
(203, 304, '0', 50, 1, 0, 0, 0, 0, 0, 0, 0, 0, 0, 0, 50, 1, 0, 0, 0, 0, 0, 0, 0, 0, 0, 0, 10, 4),
(204, 305, '0', 50, 1, 1, 0, 0, 0, 0, 0, 0, 0, 0, 0, 50, 1, 1, 0, 0, 0, 0, 0, 0, 0, 0, 0, 10, 4),
(220, 321, '0', 50, 0, 0, 5, 0, 5, 0, 0, 0, 0, 0, 0, 70, 1, 1, 5, 0, 5, 0, 0, 0, 0, 0, 0, 10, 0),
(222, 323, '0', 60, 1, 1, 5, 1, 5, 0, 0, 0, 0, 0, 0, 60, 1, 1, 5, 1, 5, 0, 0, 0, 0, 0, 0, 10, 0),
(229, 330, '0', 60, 1, 1, 5, 0, 5, 0, 0, 0, 0, 0, 0, 60, 1, 1, 5, 0, 5, 0, 0, 0, 0, 0, 0, 1, 0),
(230, 331, '20', 70, 1, 1, 5, 0, 5, 0, 0, 0, 0, 0, 0, 60, 1, 1, 5, 0, 5, 0, 0, 0, 0, 0, 0, 1, 0),
(233, 334, '0', 60, 1, 0, 5, 0, 5, 0, 0, 0, 0, 0, 0, 60, 1, 0, 5, 0, 5, 0, 0, 0, 0, 0, 0, 1, 4),
(234, 335, '50', 50, 1, 0, 5, 0, 5, 0, 0, 0, 0, 0, 0, 50, 1, 0, 5, 0, 5, 0, 0, 0, 0, 0, 0, 1, 0);

-- --------------------------------------------------------

--
-- Table structure for table `sub_komisi_afw`
--

CREATE TABLE `sub_komisi_afw` (
  `id_afw` int(250) NOT NULL,
  `id_sub_komisi` int(250) NOT NULL,
  `m_ang` int(250) NOT NULL,
  `npwp_ang` int(250) NOT NULL,
  `npwp_up_ang` int(250) NOT NULL,
  `jabatan_up_ang` int(250) NOT NULL,
  `npwp_up2_ang` int(250) NOT NULL,
  `jabatan_up2_ang` int(250) NOT NULL,
  `m_fran` int(250) NOT NULL,
  `npwp_fran` int(250) NOT NULL,
  `npwp_up_fran` int(250) NOT NULL,
  `jabatan_up_fran` int(250) NOT NULL,
  `npwp_up2_fran` int(250) NOT NULL,
  `jabatan_up2_fran` int(250) NOT NULL,
  `m_win` int(250) NOT NULL,
  `npwp_win` int(250) NOT NULL,
  `npwp_up_win` int(250) NOT NULL,
  `jabatan_up_win` int(250) NOT NULL,
  `npwp_up2_win` int(250) NOT NULL,
  `jabatan_up2_win` int(250) NOT NULL
) ENGINE=InnoDB DEFAULT CHARSET=utf8mb4 COLLATE=utf8mb4_general_ci;

--
-- Dumping data for table `sub_komisi_afw`
--

INSERT INTO `sub_komisi_afw` (`id_afw`, `id_sub_komisi`, `m_ang`, `npwp_ang`, `npwp_up_ang`, `jabatan_up_ang`, `npwp_up2_ang`, `jabatan_up2_ang`, `m_fran`, `npwp_fran`, `npwp_up_fran`, `jabatan_up_fran`, `npwp_up2_fran`, `jabatan_up2_fran`, `m_win`, `npwp_win`, `npwp_up_win`, `jabatan_up_win`, `npwp_up2_win`, `jabatan_up2_win`) VALUES
(13, 220, 50, 1, 1, 5, 0, 5, 50, 1, 1, 5, 0, 5, 50, 1, 1, 5, 0, 5);

-- --------------------------------------------------------

--
-- Table structure for table `tutup_jurnal`
--

CREATE TABLE `tutup_jurnal` (
  `id_jurnal` int(250) NOT NULL,
  `tgl_jurnal` date NOT NULL,
  `tgl_asli_input` date NOT NULL,
  `bulan_jurnal` varchar(250) NOT NULL,
  `total_saldo` int(250) NOT NULL,
  `total_kredit` int(250) NOT NULL,
  `saldo_akhir` int(250) NOT NULL
) ENGINE=InnoDB DEFAULT CHARSET=utf8mb4 COLLATE=utf8mb4_general_ci;

--
-- Dumping data for table `tutup_jurnal`
--

INSERT INTO `tutup_jurnal` (`id_jurnal`, `tgl_jurnal`, `tgl_asli_input`, `bulan_jurnal`, `total_saldo`, `total_kredit`, `saldo_akhir`) VALUES
(109, '2022-01-28', '2023-12-06', 'Januari', 42686204, 42686204, 0),
(110, '2022-02-28', '2023-12-06', 'Februari', 0, 0, 0),
(112, '2022-03-28', '2023-12-06', 'Maret', 32000000, 32000000, 0),
(113, '2022-04-28', '2023-12-06', 'April', 0, 0, 0),
(114, '2022-05-28', '2023-12-06', 'Mei', 0, 0, 0),
(115, '2022-06-28', '2023-12-06', 'Juni', 0, 0, 0),
(116, '2022-07-28', '2023-12-06', 'Juli', 0, 0, 0),
(117, '2022-08-28', '2023-12-06', 'Agustus', 0, 0, 0),
(118, '2022-09-28', '2023-12-06', 'September', 0, 0, 0),
(119, '2022-10-28', '2023-12-06', 'Oktober', 0, 0, 0),
(120, '2022-11-28', '2023-12-06', 'November', 0, 0, 0),
(121, '2022-12-28', '2023-12-06', 'Desember', 1000000, 1000000, 0),
(122, '2023-01-28', '2023-12-06', 'Januari', 0, 0, 0),
(123, '2023-02-28', '2023-12-06', 'Februari', 0, 0, 0),
(124, '2023-03-28', '2023-12-06', 'Maret', 0, 0, 0),
(125, '2023-04-28', '2023-12-06', 'April', 0, 0, 0),
(126, '2023-05-28', '2023-12-06', 'Mei', 14887481, 14887481, 0),
(128, '2023-06-28', '2023-12-06', 'Juni', 65000000, 65000000, 0),
(129, '2023-07-28', '2023-12-06', 'Juli', 0, 0, 0),
(130, '2023-08-28', '2023-12-06', 'Agustus', 100000000, 100000000, 0),
(134, '2023-09-28', '2023-12-08', 'September', 10000000, 10000000, 0),
(137, '2023-10-28', '2023-12-12', 'Oktober', 297349269, 297349269, 0),
(138, '2023-11-28', '2023-12-13', 'November', 2147483647, 2147483647, 0);

--
-- Indexes for dumped tables
--

--
-- Indexes for table `bank_titipan_a`
--
ALTER TABLE `bank_titipan_a`
  ADD PRIMARY KEY (`id_bta`);

--
-- Indexes for table `co_broke`
--
ALTER TABLE `co_broke`
  ADD PRIMARY KEY (`id_cobroke`),
  ADD KEY `id_komisi` (`id_komisi`);

--
-- Indexes for table `jabatan_pengaturan`
--
ALTER TABLE `jabatan_pengaturan`
  ADD PRIMARY KEY (`id_jabatan`);

--
-- Indexes for table `jurnal_bttb`
--
ALTER TABLE `jurnal_bttb`
  ADD PRIMARY KEY (`id_bttb`);

--
-- Indexes for table `jurnal_pesan`
--
ALTER TABLE `jurnal_pesan`
  ADD PRIMARY KEY (`id_pesan`);

--
-- Indexes for table `jurnal_umum`
--
ALTER TABLE `jurnal_umum`
  ADD PRIMARY KEY (`id_jurnal`),
  ADD KEY `id_bttb` (`id_bttb`);

--
-- Indexes for table `kantor_pengaturan`
--
ALTER TABLE `kantor_pengaturan`
  ADD PRIMARY KEY (`id_kantor`);

--
-- Indexes for table `komisi`
--
ALTER TABLE `komisi`
  ADD PRIMARY KEY (`id_komisi`),
  ADD KEY `mar_listing_komisi` (`mar_listing_komisi`),
  ADD KEY `mar_selling_komisi` (`mar_selling_komisi`);

--
-- Indexes for table `kredit_bank_titipan_a`
--
ALTER TABLE `kredit_bank_titipan_a`
  ADD PRIMARY KEY (`id_kredit`),
  ADD KEY `id_bta` (`id_bta`);

--
-- Indexes for table `level_pengaturan`
--
ALTER TABLE `level_pengaturan`
  ADD PRIMARY KEY (`id_level`);

--
-- Indexes for table `marketing`
--
ALTER TABLE `marketing`
  ADD PRIMARY KEY (`id_mar`),
  ADD KEY `member_mar` (`member_mar`);

--
-- Indexes for table `master_pph`
--
ALTER TABLE `master_pph`
  ADD PRIMARY KEY (`id_pph`),
  ADD KEY `id_komisi` (`id_komisi`);

--
-- Indexes for table `master_pph_aavision`
--
ALTER TABLE `master_pph_aavision`
  ADD PRIMARY KEY (`id_pph_aavision`),
  ADD KEY `id_pph` (`id_pph`);

--
-- Indexes for table `master_pph_cobroke`
--
ALTER TABLE `master_pph_cobroke`
  ADD PRIMARY KEY (`id_pph_cobroke`),
  ADD KEY `id_pph` (`id_pph`);

--
-- Indexes for table `member_pengaturan`
--
ALTER TABLE `member_pengaturan`
  ADD PRIMARY KEY (`id_member`);

--
-- Indexes for table `omzet`
--
ALTER TABLE `omzet`
  ADD PRIMARY KEY (`id_omzet`),
  ADD KEY `id_komisi` (`id_komisi`);

--
-- Indexes for table `omzet_aavision`
--
ALTER TABLE `omzet_aavision`
  ADD PRIMARY KEY (`id_omzetvision`),
  ADD KEY `id_omzet` (`id_omzet`);

--
-- Indexes for table `pengguna`
--
ALTER TABLE `pengguna`
  ADD PRIMARY KEY (`id_pengguna`);

--
-- Indexes for table `pengurangan_fee`
--
ALTER TABLE `pengurangan_fee`
  ADD PRIMARY KEY (`id_pengurangan`),
  ADD KEY `id_komisi` (`id_komisi`);

--
-- Indexes for table `potongan`
--
ALTER TABLE `potongan`
  ADD PRIMARY KEY (`id_potongan`),
  ADD KEY `id_komisi` (`id_komisi`);

--
-- Indexes for table `referal`
--
ALTER TABLE `referal`
  ADD PRIMARY KEY (`id_referal`),
  ADD KEY `id_komisi` (`id_komisi`);

--
-- Indexes for table `sub_komisi`
--
ALTER TABLE `sub_komisi`
  ADD PRIMARY KEY (`id_sub_komisi`),
  ADD KEY `id_komisi` (`id_komisi`);

--
-- Indexes for table `sub_komisi_afw`
--
ALTER TABLE `sub_komisi_afw`
  ADD PRIMARY KEY (`id_afw`),
  ADD KEY `id_sub_komisi` (`id_sub_komisi`);

--
-- Indexes for table `tutup_jurnal`
--
ALTER TABLE `tutup_jurnal`
  ADD PRIMARY KEY (`id_jurnal`);

--
-- AUTO_INCREMENT for dumped tables
--

--
-- AUTO_INCREMENT for table `bank_titipan_a`
--
ALTER TABLE `bank_titipan_a`
  MODIFY `id_bta` int(250) NOT NULL AUTO_INCREMENT, AUTO_INCREMENT=11;

--
-- AUTO_INCREMENT for table `co_broke`
--
ALTER TABLE `co_broke`
  MODIFY `id_cobroke` int(250) NOT NULL AUTO_INCREMENT, AUTO_INCREMENT=101;

--
-- AUTO_INCREMENT for table `jabatan_pengaturan`
--
ALTER TABLE `jabatan_pengaturan`
  MODIFY `id_jabatan` int(250) NOT NULL AUTO_INCREMENT, AUTO_INCREMENT=6;

--
-- AUTO_INCREMENT for table `jurnal_bttb`
--
ALTER TABLE `jurnal_bttb`
  MODIFY `id_bttb` int(250) NOT NULL AUTO_INCREMENT, AUTO_INCREMENT=177;

--
-- AUTO_INCREMENT for table `jurnal_pesan`
--
ALTER TABLE `jurnal_pesan`
  MODIFY `id_pesan` int(250) NOT NULL AUTO_INCREMENT, AUTO_INCREMENT=2;

--
-- AUTO_INCREMENT for table `jurnal_umum`
--
ALTER TABLE `jurnal_umum`
  MODIFY `id_jurnal` int(250) NOT NULL AUTO_INCREMENT, AUTO_INCREMENT=398;

--
-- AUTO_INCREMENT for table `komisi`
--
ALTER TABLE `komisi`
  MODIFY `id_komisi` int(12) NOT NULL AUTO_INCREMENT, AUTO_INCREMENT=336;

--
-- AUTO_INCREMENT for table `kredit_bank_titipan_a`
--
ALTER TABLE `kredit_bank_titipan_a`
  MODIFY `id_kredit` int(250) NOT NULL AUTO_INCREMENT, AUTO_INCREMENT=21;

--
-- AUTO_INCREMENT for table `level_pengaturan`
--
ALTER TABLE `level_pengaturan`
  MODIFY `id_level` int(250) NOT NULL AUTO_INCREMENT, AUTO_INCREMENT=7;

--
-- AUTO_INCREMENT for table `marketing`
--
ALTER TABLE `marketing`
  MODIFY `id_mar` int(50) NOT NULL AUTO_INCREMENT, AUTO_INCREMENT=77;

--
-- AUTO_INCREMENT for table `master_pph`
--
ALTER TABLE `master_pph`
  MODIFY `id_pph` int(250) NOT NULL AUTO_INCREMENT, AUTO_INCREMENT=79;

--
-- AUTO_INCREMENT for table `master_pph_aavision`
--
ALTER TABLE `master_pph_aavision`
  MODIFY `id_pph_aavision` int(250) NOT NULL AUTO_INCREMENT, AUTO_INCREMENT=331;

--
-- AUTO_INCREMENT for table `master_pph_cobroke`
--
ALTER TABLE `master_pph_cobroke`
  MODIFY `id_pph_cobroke` int(250) NOT NULL AUTO_INCREMENT, AUTO_INCREMENT=23;

--
-- AUTO_INCREMENT for table `omzet`
--
ALTER TABLE `omzet`
  MODIFY `id_omzet` int(250) NOT NULL AUTO_INCREMENT, AUTO_INCREMENT=132;

--
-- AUTO_INCREMENT for table `omzet_aavision`
--
ALTER TABLE `omzet_aavision`
  MODIFY `id_omzetvision` int(250) NOT NULL AUTO_INCREMENT, AUTO_INCREMENT=264;

--
-- AUTO_INCREMENT for table `pengguna`
--
ALTER TABLE `pengguna`
  MODIFY `id_pengguna` int(250) NOT NULL AUTO_INCREMENT, AUTO_INCREMENT=13;

--
-- AUTO_INCREMENT for table `pengurangan_fee`
--
ALTER TABLE `pengurangan_fee`
  MODIFY `id_pengurangan` int(250) NOT NULL AUTO_INCREMENT, AUTO_INCREMENT=42;

--
-- AUTO_INCREMENT for table `potongan`
--
ALTER TABLE `potongan`
  MODIFY `id_potongan` int(250) NOT NULL AUTO_INCREMENT, AUTO_INCREMENT=72;

--
-- AUTO_INCREMENT for table `referal`
--
ALTER TABLE `referal`
  MODIFY `id_referal` int(250) NOT NULL AUTO_INCREMENT, AUTO_INCREMENT=55;

--
-- AUTO_INCREMENT for table `sub_komisi`
--
ALTER TABLE `sub_komisi`
  MODIFY `id_sub_komisi` int(12) NOT NULL AUTO_INCREMENT, AUTO_INCREMENT=235;

--
-- AUTO_INCREMENT for table `sub_komisi_afw`
--
ALTER TABLE `sub_komisi_afw`
  MODIFY `id_afw` int(250) NOT NULL AUTO_INCREMENT, AUTO_INCREMENT=18;

--
-- AUTO_INCREMENT for table `tutup_jurnal`
--
ALTER TABLE `tutup_jurnal`
  MODIFY `id_jurnal` int(250) NOT NULL AUTO_INCREMENT, AUTO_INCREMENT=139;

--
-- Constraints for dumped tables
--

--
-- Constraints for table `co_broke`
--
ALTER TABLE `co_broke`
  ADD CONSTRAINT `co_broke_ibfk_1` FOREIGN KEY (`id_komisi`) REFERENCES `komisi` (`id_komisi`) ON DELETE CASCADE ON UPDATE CASCADE;

--
-- Constraints for table `kredit_bank_titipan_a`
--
ALTER TABLE `kredit_bank_titipan_a`
  ADD CONSTRAINT `kredit_bank_titipan_a_ibfk_1` FOREIGN KEY (`id_bta`) REFERENCES `bank_titipan_a` (`id_bta`) ON DELETE CASCADE ON UPDATE CASCADE;

--
-- Constraints for table `marketing`
--
ALTER TABLE `marketing`
  ADD CONSTRAINT `marketing_ibfk_1` FOREIGN KEY (`member_mar`) REFERENCES `member_pengaturan` (`id_member`) ON DELETE NO ACTION ON UPDATE NO ACTION;

--
-- Constraints for table `master_pph`
--
ALTER TABLE `master_pph`
  ADD CONSTRAINT `master_pph_ibfk_1` FOREIGN KEY (`id_komisi`) REFERENCES `komisi` (`id_komisi`) ON DELETE CASCADE ON UPDATE CASCADE;

--
-- Constraints for table `master_pph_aavision`
--
ALTER TABLE `master_pph_aavision`
  ADD CONSTRAINT `master_pph_aavision_ibfk_1` FOREIGN KEY (`id_pph`) REFERENCES `master_pph` (`id_pph`) ON DELETE CASCADE ON UPDATE CASCADE;

--
-- Constraints for table `master_pph_cobroke`
--
ALTER TABLE `master_pph_cobroke`
  ADD CONSTRAINT `master_pph_cobroke_ibfk_1` FOREIGN KEY (`id_pph`) REFERENCES `master_pph` (`id_pph`) ON DELETE CASCADE ON UPDATE CASCADE;

--
-- Constraints for table `omzet`
--
ALTER TABLE `omzet`
  ADD CONSTRAINT `omzet_ibfk_1` FOREIGN KEY (`id_komisi`) REFERENCES `komisi` (`id_komisi`) ON DELETE CASCADE ON UPDATE CASCADE;

--
-- Constraints for table `omzet_aavision`
--
ALTER TABLE `omzet_aavision`
  ADD CONSTRAINT `omzet_aavision_ibfk_1` FOREIGN KEY (`id_omzet`) REFERENCES `omzet` (`id_omzet`) ON DELETE CASCADE ON UPDATE CASCADE;

--
-- Constraints for table `pengurangan_fee`
--
ALTER TABLE `pengurangan_fee`
  ADD CONSTRAINT `pengurangan_fee_ibfk_1` FOREIGN KEY (`id_komisi`) REFERENCES `komisi` (`id_komisi`) ON DELETE CASCADE ON UPDATE CASCADE;

--
-- Constraints for table `potongan`
--
ALTER TABLE `potongan`
  ADD CONSTRAINT `potongan_ibfk_1` FOREIGN KEY (`id_komisi`) REFERENCES `komisi` (`id_komisi`) ON DELETE CASCADE ON UPDATE CASCADE;

--
-- Constraints for table `referal`
--
ALTER TABLE `referal`
  ADD CONSTRAINT `referal_ibfk_1` FOREIGN KEY (`id_komisi`) REFERENCES `komisi` (`id_komisi`) ON DELETE CASCADE ON UPDATE CASCADE;

--
-- Constraints for table `sub_komisi`
--
ALTER TABLE `sub_komisi`
  ADD CONSTRAINT `sub_komisi_ibfk_1` FOREIGN KEY (`id_komisi`) REFERENCES `komisi` (`id_komisi`) ON DELETE CASCADE ON UPDATE CASCADE;

--
-- Constraints for table `sub_komisi_afw`
--
ALTER TABLE `sub_komisi_afw`
  ADD CONSTRAINT `sub_komisi_afw_ibfk_1` FOREIGN KEY (`id_sub_komisi`) REFERENCES `sub_komisi` (`id_sub_komisi`) ON DELETE CASCADE ON UPDATE CASCADE;
COMMIT;

/*!40101 SET CHARACTER_SET_CLIENT=@OLD_CHARACTER_SET_CLIENT */;
/*!40101 SET CHARACTER_SET_RESULTS=@OLD_CHARACTER_SET_RESULTS */;
/*!40101 SET COLLATION_CONNECTION=@OLD_COLLATION_CONNECTION */;
