-- phpMyAdmin SQL Dump
-- version 5.2.1
-- https://www.phpmyadmin.net/
--
-- Host: localhost:3306
-- Waktu pembuatan: 12 Mar 2024 pada 08.28
-- Versi server: 10.6.16-MariaDB-cll-lve
-- Versi PHP: 8.1.25

SET SQL_MODE = "NO_AUTO_VALUE_ON_ZERO";
START TRANSACTION;
SET time_zone = "+00:00";


/*!40101 SET @OLD_CHARACTER_SET_CLIENT=@@CHARACTER_SET_CLIENT */;
/*!40101 SET @OLD_CHARACTER_SET_RESULTS=@@CHARACTER_SET_RESULTS */;
/*!40101 SET @OLD_COLLATION_CONNECTION=@@COLLATION_CONNECTION */;
/*!40101 SET NAMES utf8mb4 */;

--
-- Database: `aain6303_skm`
--

-- --------------------------------------------------------

--
-- Struktur dari tabel `bank_titipan_a`
--

CREATE TABLE `bank_titipan_a` (
  `id_bta` int(250) NOT NULL,
  `kode_perkiraan` int(250) NOT NULL,
  `nama_properti` varchar(250) NOT NULL,
  `status_properti` varchar(250) NOT NULL,
  `id_marketing` int(250) NOT NULL,
  `tgl_input` varchar(250) NOT NULL,
  `nilai_nominal` varchar(250) NOT NULL,
  `jenis` varchar(250) NOT NULL,
  `keterangan` varchar(250) NOT NULL
) ENGINE=InnoDB DEFAULT CHARSET=utf8mb4 COLLATE=utf8mb4_general_ci;

--
-- Dumping data untuk tabel `bank_titipan_a`
--

INSERT INTO `bank_titipan_a` (`id_bta`, `kode_perkiraan`, `nama_properti`, `status_properti`, `id_marketing`, `tgl_input`, `nilai_nominal`, `jenis`, `keterangan`) VALUES
(4, 1, 'Northwest Boulevard', 'Jual/Sewa', 2, '2023-10-12', '50000000', 'Debit', 'Uang UTJ'),
(5, 2, 'Dukuh Kupang XXIII', 'Sewa', 3, '2023-11-15', '20000000', 'Debit', 'UTJ Tahap Pertama'),
(6, 45, 'Surabaya, Indonesia', 'Sewa', 10, '2023-11-08', '10000000', 'Kredit', 'UTJ Terus-Terusan'),
(7, 23, 'Bukit Palma', 'Sewa', 11, '2023-11-15', '10000000', 'Debit', 'UTJ Tahap Pertama'),
(8, 23, 'Pengiriman Barang', '', 0, '2023-11-15', '5000000', 'Kredit', 'Pengiriman 2 Pak'),
(9, 454, 'Citraland, Surabaya', 'Jual', 11, '2023-10-13', '10000000', 'Debit', 'Uang UTJ A'),
(10, 12, 'Northwest Boulevard3', 'Sewa', 38, '2023-09-13', '2000000', 'Debit', 'Uang UTJ Ayo');

-- --------------------------------------------------------

--
-- Struktur dari tabel `co_broke`
--

CREATE TABLE `co_broke` (
  `id_cobroke` int(250) NOT NULL,
  `id_komisi` int(250) NOT NULL,
  `id_komisi_unik` int(250) NOT NULL,
  `nama_cobroke` varchar(250) NOT NULL,
  `status_cobroke` varchar(250) NOT NULL,
  `jenis_cobroke` varchar(250) NOT NULL,
  `persen_komisi_cobroke` int(250) NOT NULL
) ENGINE=InnoDB DEFAULT CHARSET=utf8mb4 COLLATE=utf8mb4_general_ci;

--
-- Dumping data untuk tabel `co_broke`
--

INSERT INTO `co_broke` (`id_cobroke`, `id_komisi`, `id_komisi_unik`, `nama_cobroke`, `status_cobroke`, `jenis_cobroke`, `persen_komisi_cobroke`) VALUES
(85, 303, 1693, 'MERLEN', 'Selling', '2', 50),
(106, 348, 1576, 'SILVER BOYS PROPERTY', 'Listing', '2', 50),
(110, 360, 2447, 'SILVERBOSS_PROPERTY', 'Selling', '2', 50),
(111, 362, 9671, 'SILVER BOYS PROPERTY', 'Listing', '2', 50),
(112, 363, 9074, 'SILVER BOYS PROPERTY', 'Listing', '2', 50),
(115, 376, 4920, 'Afuk ', 'Selling', '2', 45),
(116, 382, 9256, 'XM PAKUWON CITY', 'Selling', '2', 50);

-- --------------------------------------------------------

--
-- Struktur dari tabel `jabatan_pengaturan`
--

CREATE TABLE `jabatan_pengaturan` (
  `id_jabatan` int(250) NOT NULL,
  `nama_jabatan` varchar(250) NOT NULL,
  `nilai_jabatan` int(250) NOT NULL
) ENGINE=InnoDB DEFAULT CHARSET=utf8mb4 COLLATE=utf8mb4_general_ci;

--
-- Dumping data untuk tabel `jabatan_pengaturan`
--

INSERT INTO `jabatan_pengaturan` (`id_jabatan`, `nama_jabatan`, `nilai_jabatan`) VALUES
(2, 'Marketing Executive (ME)', 3),
(3, 'Executive Marketing Director (EMD)', 5),
(4, 'Chief Marketing Officer (CMO)', 5);

-- --------------------------------------------------------

--
-- Struktur dari tabel `jurnal_bttb`
--

CREATE TABLE `jurnal_bttb` (
  `id_bttb` int(250) NOT NULL,
  `tgl_input` date NOT NULL,
  `kode_perkiraan` varchar(250) NOT NULL,
  `nomor_perkiraan` varchar(250) NOT NULL,
  `keterangan` varchar(250) NOT NULL,
  `admin_input` int(250) NOT NULL
) ENGINE=InnoDB DEFAULT CHARSET=utf8mb4 COLLATE=utf8mb4_general_ci;

--
-- Dumping data untuk tabel `jurnal_bttb`
--

INSERT INTO `jurnal_bttb` (`id_bttb`, `tgl_input`, `kode_perkiraan`, `nomor_perkiraan`, `keterangan`, `admin_input`) VALUES
(9, '2023-12-05', 'UTJ', '0001', 'RUKO CROWN SHO BS 10/51', 11),
(10, '2023-12-05', 'BT', '000', 'BANK TITIPAN', 11),
(11, '2023-12-05', 'UTJ', '0002', 'TPI HX 8', 11),
(12, '2023-12-05', 'UTJ', '0003', 'GREENLAKE C/12', 11),
(13, '2023-12-05', 'UTJ', '0004', 'LEAD NSW DRIYOREJO B5/06', 11),
(15, '2023-12-05', 'UTJ', '0005', 'KEMAYORAN BARU 59', 11),
(16, '2023-12-05', 'UTJ', '0006', 'WISATA BUKIT SENTUL LAWANG-MALANG', 11),
(17, '2023-12-05', 'UTJ', '0007', 'GREEN MENGANTI RESIDENCE', 11),
(18, '2023-12-05', 'UTJ', '0008', 'PERMATA MENGANTI RESIDENCE E5-02', 11),
(19, '2023-12-05', 'UTJ', '0009', 'ROYAL EMRAN 2', 11),
(20, '2023-12-05', 'UTJ', '0010', 'RUKO MENUR MUMPUNGAN (RUKO MANYAR)', 11),
(21, '2023-12-05', 'UTJ', '0011', 'RUKO KARANG EMPAT TIMUR II/68', 11),
(23, '2023-12-05', 'UTJ', '0012', 'RUKO GOLDEN PALACE A9-10 HR MUHAMMAD', 11),
(24, '2023-12-05', 'UTJ', '0013', 'ESPLANADE GA 8/7', 11),
(25, '2023-12-05', 'UTJ', '0014', 'DRIYOREJO', 11),
(26, '2023-12-05', 'UTJ', '0015', 'UTJ EASTWOOD BLOK EW 5/12', 11),
(27, '2023-12-05', 'UTJ', '0016', 'UTJ BUKIT GOLF GB 3/26', 11),
(28, '2023-12-05', 'UTJ', '0017', 'UTJ SEWA RUKO CROWN SOHO BS10 NO 60 ROYAL RESIDENCE', 11),
(29, '2023-12-05', 'UTJ', '0018', 'UTJ RUKO SATELIT TOWN SQUARE B/1', 11),
(30, '2023-12-05', 'UTJ', '0019', 'UTJ RUKO JL RAYA MENGANTI NO 411C', 11),
(31, '2023-12-05', 'BI', '001', 'ADM BANK', 11),
(32, '2023-12-05', 'H', '001', 'HUTANG CV', 11),
(35, '2023-12-05', 'UTJ', '0020', 'UTJ SEWA GUDANG SIMO TAMBAAN SEKOLAH NO 30', 11),
(36, '2023-12-05', 'UTJ', '0021', 'UTJ RUMAH GRIYA ASRI 64/20', 11),
(37, '2023-12-05', 'UTJ', '0022', 'UTJ SEWA GUDANG TANGGUL NO 5', 11),
(38, '2023-12-05', 'UTJ', '0023', 'UTJ TAMAN GAPURA E2/30 ', 11),
(39, '2023-12-05', 'UTJ', '0024', 'TANAH ROMOKALISARI ADVENTURE PERSIL 68', 11),
(40, '2023-12-05', 'UTJ', '0025', 'RUKO NORTHWEST NV 11/27', 11),
(41, '2023-12-05', 'UTJ', '0026', 'RUKO DARMO PARK 2 BLOK II NO 3', 11),
(42, '2023-12-05', 'UTJ', '0027', 'JL. GUBENG KERTAJAYA IXB NO.11', 11),
(43, '2023-12-05', 'UTJ', '0028', 'BUKIT GOLF B2 NO.7', 11),
(44, '2023-12-05', 'UTJ', '0029', 'JL SIMPANG DARMO PERMAI SELATAN XIV/20', 11),
(45, '2023-12-05', 'UTJ', '0030', ' BTG TC3/29', 11),
(46, '2023-12-05', 'UTJ', '0031', 'EMERALD MANSION BLOK TN 1 NO 29', 11),
(47, '2023-12-05', 'UTJ', '0032', 'TANAH KANDANGAN GRESIK ', 11),
(48, '2023-12-07', 'B', '001', 'BUNGA BANK', 11),
(50, '2023-12-08', 'BI', '002', 'PAJAK BUNGA', 11),
(51, '2023-12-10', 'UTJ', '0033', 'UTJ NORTHWEST PARK NA6/11', 11),
(52, '2023-12-10', 'UTJ', '0034', 'SEWA GUDANG MARGOMULYO A5', 11),
(54, '2023-12-13', 'TTP', '0001', 'TITIP BAYAR', 11),
(55, '2023-12-13', 'UTJ', '0035', 'UTJ SEWA TANAH DIAMOND HILL DR 1 NO 9', 11),
(56, '2023-12-13', 'UTJ', '0036', 'UTJ RUKO NORTHWEST NV 3/2', 11),
(57, '2023-12-13', 'UTJ', '0037', 'UTJ GUDANG KEDINDING TENGAH JAYA 2 TIMUR A2-4', 11),
(58, '2023-12-13', 'UTJ', '0038', 'UTJ JL KENJERAN NO 88/II', 11),
(59, '2023-12-13', '701', '00100', 'BI GAJI ADMIN', 11),
(60, '2023-12-13', '701', '00101', 'BI THR ', 11),
(61, '2023-12-13', '701', '00102', 'BI LEMBUR', 11),
(62, '2023-12-13', '701', '00103', 'BI INSENTIF/ CUTI/ BONUS', 11),
(63, '2023-12-13', '701', '00200', 'BI ALAT TULIS KANTOR', 11),
(64, '2023-12-13', '701', '00201', 'BI PEMBELIAN KERTAS HVS', 11),
(65, '2023-12-13', '701', '00202', 'BI PEMBELIAN BALLPOINT/BUKU', 11),
(66, '2023-12-13', '701', '00203', 'BI CETAK FORM', 11),
(67, '2023-12-13', '701', '00204', 'BI MATERAI', 11),
(68, '2023-12-13', '701', '00300', 'BI KEPERLUAN KANTOR', 11),
(69, '2023-12-13', '701', '00301', 'BI PEMBELIAN BERAS/KEP RUMAH TANGGA', 11),
(70, '2023-12-13', '701', '00302', 'BI PROGRAM', 11),
(71, '2023-12-13', '701', '00303', 'BI KONSUMSI', 11),
(72, '2023-12-13', '701', '00304', 'BI MAINTENANCE', 11),
(73, '2023-12-13', '701', '00400', 'BI PENOBATAN', 11),
(74, '2023-12-13', '701', '00401', 'BI PENGOBATAN ADMIN STAFF', 11),
(75, '2023-12-13', '701', '00402', 'BI PENOBATAN ADMIN LAPANGAN', 11),
(76, '2023-12-13', '701', '00500', 'BI TELP / AIR / LISTRIK', 11),
(77, '2023-12-13', '701', '00502', 'BI AIR', 11),
(78, '2023-12-13', '701', '00503', 'BI LISTRIK', 11),
(79, '2023-12-13', '701', '00504', 'BI INTERNET DAN RETRIBUSI', 11),
(80, '2023-12-13', '701', '00600', 'BI KENDARAAN (PAJAK KENDARAAN/STNK)', 11),
(81, '2023-12-13', '701', '00601', 'BI BENSIN', 11),
(82, '2023-12-13', '701', '00602', 'BI PARKIR', 11),
(83, '2023-12-13', '701', '00603', 'BI TOL', 11),
(84, '2023-12-13', '701', '00604', 'BI SERVICE', 11),
(85, '2023-12-13', '701', '00900', 'BI LAIN-LAIN', 11),
(86, '2023-12-13', '701', '00901', 'BI ADM', 11),
(87, '2023-12-13', '701', '01000', 'BI SUMBANGAN/IURAN/IJIN/KONSULTASI', 11),
(88, '2023-12-13', '701', '01001', 'BI SUMBANGAN', 11),
(89, '2023-12-13', '701', '01002', 'BI IURAN', 11),
(90, '2023-12-13', '701', '01003', 'BI PERIJINAN', 11),
(91, '2023-12-13', '701', '01004', 'BI KONSULTASI', 11),
(92, '2023-12-13', '701', '01005', 'BI KEANGGOTAAN', 11),
(93, '2023-12-13', '701', '02000', 'BI ASSURANSI', 11),
(94, '2023-12-13', '701', '03000', 'BI SEWA', 11),
(95, '2023-12-13', '701', '04000', 'BI PERJALANAN', 11),
(96, '2023-12-13', '701', '04001', 'BI PERJALANAN ADMIN', 11),
(97, '2023-12-13', '701', '05000', 'BI KIRIM SURAT/BARANG', 11),
(98, '2023-12-13', '701', '05001', 'BI KIRIM SURAT', 11),
(99, '2023-12-13', '701', '05002', 'BI KIRIM SPANDUK', 11),
(100, '2023-12-13', '701', '05003', 'BI KIRIM BARANG', 11),
(101, '2023-12-13', '701', '06000', 'PAJAK PPH 2,5%', 11),
(102, '2023-12-13', '701', '06001', 'PAJAK PPH FINAL 0,5% (PPH 25)', 11),
(103, '2023-12-13', '801', '06002', 'PAJAK PPH 21', 11),
(104, '2023-12-13', '801', '06003', 'PAJAK PPH 23', 11),
(105, '2023-12-13', '701', '06004', 'PAJAK LAIN-LAIN', 11),
(106, '2023-12-13', '701', '07000', 'BI BANK/BUKU BANK', 11),
(107, '2023-12-13', '701', '07001', 'BUNGA BANK', 11),
(108, '2023-12-13', '701', '07002', 'DENDA BANK', 11),
(109, '2023-12-13', '701', '07003', 'BI PAJAK BANK', 11),
(110, '2023-12-13', '701', '08000', 'BI PEMBULATAN', 11),
(111, '2023-12-13', '801', '00100', 'FEE KANTOR A&A', 11),
(112, '2023-12-13', '801', '00102', 'BI THR', 11),
(113, '2023-12-13', '801', '00103', 'BI INSENTIF P/VP', 11),
(114, '2023-12-13', '801', '00200', 'BI ALAT TULIS KANTOR', 11),
(115, '2023-12-13', '801', '00300', 'BI KEPERLUAN KANTOR', 11),
(116, '2023-12-13', '801', '00301', 'BI TRAINING PFT', 11),
(117, '2023-12-13', '801', '00400', 'BI PENGOBATAN DIREKSI', 11),
(118, '2023-12-13', '801', '00500', 'BI TELP / AIR / LISTRIK', 11),
(119, '2023-12-13', '801', '00501', 'BI TELP (MARKETING)', 11),
(120, '2023-12-13', '801', '00502', 'BI TELP (ADM LAPANGAN)', 11),
(121, '2023-12-13', '801', '00503', 'BI TELP DIREKSI', 11),
(122, '2023-12-13', '801', '00504', 'BI TELP KOMISARIS', 11),
(123, '2023-12-13', '801', '00600', 'BI KENDARAAN (LAP/DIREKSI)', 11),
(125, '2023-12-19', 'UTJ', '0039', 'UTJ NORTHWEST NV 11/3,5,6', 11),
(126, '2023-12-19', 'UTJ', '0040', 'UTJ RUMAH PRAMBANAN RESIDENCE BLOK EC-20', 11),
(127, '2023-12-22', '801', '00601', 'BI BENSIN', 11),
(128, '2023-12-22', '801', '00602', 'BI PARKIR', 11),
(129, '2023-12-22', '801', '00603', 'BI TOL', 11),
(130, '2023-12-22', '801', '00604', 'BI SERVICE', 11),
(131, '2023-12-22', '801', '00700', 'BI PROMOSI', 11),
(132, '2023-12-22', '801', '00701', 'BI IKLAN', 11),
(133, '2023-12-22', '801', '00702', 'BI SPANDUK/BANNER', 11),
(134, '2023-12-22', '801', '00703', 'BI KARTU NAMA', 11),
(135, '2023-12-22', '801', '00704', 'BI REKRUTMEN', 11),
(136, '2023-12-22', '801', '00705', 'BI HADIAH', 11),
(137, '2023-12-22', '801', '00706', 'BI CETAK STEMPEL', 11),
(138, '2023-12-22', '801', '00707', 'BI ENTERTAIN', 11),
(139, '2023-12-22', '801', '00708', 'BI KAYU PAKU DLL', 11),
(140, '2023-12-22', '801', '00709', 'BI EVENT', 11),
(141, '2023-12-22', '801', '00710', 'BI KEANGGOTAAN AREBI', 11),
(142, '2023-12-22', '801', '00711', 'BI ID CARD', 11),
(143, '2023-12-22', '801', '00712', 'BI MERCHANDISE', 11),
(144, '2023-12-22', '801', '00713', 'BI ATRIBUT', 11),
(145, '2023-12-22', '801', '01000', 'BI SUMBANGAN/IURAN/IJIN/KONSULTASI', 11),
(146, '2023-12-22', '801', '01001', 'BI SUMBANGAN', 11),
(147, '2023-12-22', '801', '01002', 'BI IURAN', 11),
(148, '2023-12-22', '801', '01003', 'BI PERIJINAN DIREKSI', 11),
(149, '2023-12-22', '801', '01004', 'BI KONSULTASI', 11),
(150, '2023-12-22', '801', '01005', 'BI KEANGGOTAAN', 11),
(151, '2023-12-22', '801', '02000', 'BI ASSURANSI', 11),
(152, '2023-12-22', '801', '03000', 'BI SEWA', 11),
(153, '2023-12-22', '801', '04000', 'B PERJALANAN', 11),
(154, '2023-12-22', '801', '04001', 'BI PERJALANAN MARKETING', 11),
(155, '2023-12-22', '801', '04002', 'BI PERJALANAN ANAK MAGANG', 11),
(156, '2023-12-22', '801', '04003', 'BI PERJALANAN KOORDINATOR', 11),
(157, '2023-12-22', '801', '04004', 'BI PERJALANAN DIREKSI', 11),
(158, '2023-12-22', '801', '05000', 'BI KIRIM SURAT/BARANG (MARKETING)', 11),
(159, '2023-12-22', '801', '05001', 'BI KIRIM SURAT', 11),
(160, '2023-12-22', '801', '05002', 'BI KIRIM SPANDUK', 11),
(161, '2023-12-22', '801', '05003', 'BI KIRIM BARANG', 11),
(162, '2023-12-22', '0111', '02001', 'PRIVE', 11),
(163, '2023-12-22', '0001', '09001', 'TAMBAHAN KAS TUNAI A&A', 11),
(164, '2023-12-22', '103', '00001', 'TITIPAN SEMENTARA', 11),
(165, '2023-12-22', '101', '00001', 'KOMISII PENJUALAN BRUTO', 11),
(166, '2023-12-22', '101', '00002', 'PENDAFTARAN MARKETING BARU', 11),
(167, '2023-12-22', '101', '00003', 'PENDAPATAN LAIN-LAIN', 11),
(168, '2023-12-22', '101', '00004', 'PEMINDAHBUKUAN ANTAR CABANG', 11),
(169, '2023-12-22', '101', '00005', 'PEMBULATAN', 11),
(170, '2023-12-22', '801', '00101', 'FEE MARKETING', 11),
(171, '2023-12-22', '801', '00104', 'FEE PRIMARY', 11),
(172, '2023-12-22', '801', '00105', 'FEE CO BROKE', 11),
(173, '2023-12-22', '801', '00106', 'FEE REFFERAL/BT', 11),
(175, '2023-12-22', '101', '00000', 'BANK FEE PUSAT', 11),
(176, '2023-12-23', '801', '00107', 'TITIPAN PEMBAGIAN FEE CABANG A&A', 11),
(177, '2023-12-26', 'UTJ', '0041', 'RUMAH ROYAL RESIDENCE B19 NO 312', 11),
(178, '2023-12-30', '801', '00001', 'GAJI YANG MASIH HARUS DIBAYAR', 11),
(179, '2024-01-02', 'UTJ', '0042', 'UTJ KAVLING GRAND EASTWOOD EW5/80', 11),
(180, '2024-01-10', 'UTJ', '0043', 'UTJ BUKIT GOLF M2/3 CITRALAND', 11),
(181, '2024-01-12', '701', '00501', 'BI TELP (ADM KANTOR)', 11),
(182, '2024-01-13', '101', '00010', 'BANK VISION NEW', 11),
(183, '2024-01-16', '103', '00003.VS', 'TITIPAN PEMBELIAN MARKETING', 11),
(184, '2024-01-16', '102', '00000', 'KAS KECIL PUSAT', 11),
(185, '2024-01-18', 'UTJ', '0044', 'UTJ SEWA RUKO NORTHWEST NV11/7', 11),
(186, '2024-01-20', '801', '0002', 'PPH FINAL YANG MASIH HARUS DIBAYAR', 11),
(187, '2024-01-24', 'UTJ', '0045', 'UTJ SEWA TANAH BUKIT TELAGA GOLF TA4/16', 11),
(188, '2024-01-24', 'UTJ', '0046', 'TANAH KAVLING ROYAL PARK TK2/1 CITRALAND', 11),
(189, '2024-01-24', '102', '00001', 'KAS KECIL VISION', 11),
(190, '2024-01-26', '701', '00605', 'BI PAJAK KENDARAAN DAN PAJAK LAINNYA', 11),
(191, '2024-01-29', 'UTJ', '0047', 'UTJ SEWA RUMAH JL SIMPANG DARMO PERMAI SELATAN 19 NO 22', 11),
(192, '2024-02-01', 'UTJ', '0048', 'UTJ SEWA RUMAH JL RUNGKUT MAPAN BARAT VII/BG-03', 11),
(193, '2024-02-01', 'UTJ', '0049', 'UTJ PERPANJANGAN SEWA GWALK M6 CITRALAND ', 11),
(194, '2024-02-01', 'UTJ', '0050', 'SEWA APT BENSON LANTAI16 NO 25', 11),
(195, '2024-02-02', '000', '1002', 'PINJAMAN KARYAWAN - EKO', 11),
(196, '2024-02-02', '000', '1003', 'PINJAMAN KARYAWAN - JULIA', 11),
(197, '2024-02-02', '000', '1004', 'PINJAMAN KARYAWAN - ASMI', 11),
(198, '2024-02-02', '000', '1005', 'PINJAMAN KARYAWAN - SUPAR', 11),
(199, '2024-02-02', '000', '1007', 'PINJAMAN KARYAWAN - RUPII', 11),
(200, '2024-02-02', '000', '1008', 'PINJAMAN KARYAWAN - ELINA', 11),
(201, '2024-02-07', '101', '001000', 'PIUTANG SECONDARY PUSAT', 11),
(202, '2024-02-07', '101', '001001', 'PIUTANG PRIMARY PUSAT', 11),
(203, '2024-02-09', '701', '00100.VS', 'BI GAJI ', 11),
(204, '2024-02-09', '701', '00101.VS', 'BI THR', 11),
(205, '2024-02-09', '701', '00102.VS', 'BI LEMBUR', 11),
(206, '2024-02-09', '701', '00103.VS', 'BI INSENTIF', 11),
(207, '2024-02-09', '701', '00200.VS', 'BI ALAT TULIS KANTOR', 11),
(208, '2024-02-09', '701', '00201.VS', 'BI PEMBELIAN KERTAS HVS', 11),
(209, '2024-02-09', '701', '00202.VS', 'BI PEMBELIAN BALLPOINT/BUKU', 11),
(210, '2024-02-09', '701', '00203.VS', 'BI CETAK FORM', 11),
(211, '2024-02-09', '701', '00204.VS', 'BI MATERAI', 11),
(212, '2024-02-09', '701', '00300.VS', 'BI KEPERLUAN KANTOR', 11),
(213, '2024-02-09', '701', '00301.VS', 'BI RUMAH TANGGA', 11),
(214, '2024-02-09', '701', '00302.VS', 'BI PEMBUATAN PROGRAM', 11),
(215, '2024-02-09', '701', '00303.VS', 'BI KONSUMSI', 11),
(216, '2024-02-09', '701', '00304.VS', 'BI MAINTENANCE', 11),
(219, '2024-02-09', '701', '00401.VS', 'BI PENGOBATAN ADMIN STAFF VISION', 11),
(220, '2024-02-09', '701', '00500.VS', 'BI TELP/AIR/LISTRIK', 11),
(221, '2024-02-09', '701', '00501.VS', 'BI TELP (ADM KANTOR)', 11),
(222, '2024-02-09', '701', '00502.VS', 'BI AIR', 11),
(223, '2024-02-09', '701', '00503.VS', 'BI LISTRIK', 11),
(224, '2024-02-09', '701', '00504.VS', 'BI INTERNET DAN RETRIBUSI', 11),
(225, '2024-02-09', '701', '00600.VS', 'BI KENDARAAN (ADMIN)', 11),
(226, '2024-02-09', '701', '00601.VS', 'BI BENSIN', 11),
(227, '2024-02-09', '701', '00602.VS', 'BI PARKIR', 11),
(228, '2024-02-09', '801', '00601.VS', 'BI BENSIN', 11),
(229, '2024-02-09', '801', '00602.VS', 'BI PARKIR', 11),
(230, '2024-02-09', '701', '01002.VS', 'BI IURAN', 11),
(231, '2024-02-09', '801', '03000.VS', 'BI SEWA', 11),
(232, '2024-02-09', '801', '00103.VS', 'BI INSENTIF P/VP', 11),
(233, '2024-02-09', '801', '00604.VS', 'BI SERVICE', 11),
(234, '2024-02-09', '101', '00002.VS', 'PENDAFTARAN MARKETING BARU', 11),
(235, '2024-02-09', '101', '00003.VS', 'PENDAPATAN LAIN-LAIN', 11),
(236, '2024-02-09', '801', '00004.VS', 'PEMINDAHBUKUAN ANTAR CABANG', 11),
(237, '2024-02-09', '801', '00100.VS', 'FEE KANTOR A&A CABANG VISION', 11),
(238, '2024-02-09', '801', '00101.VS', 'FEE MARKETING', 11),
(239, '2024-02-09', '801', '00105.VS', 'FEE CO BROKE', 11),
(240, '2024-02-09', '0001', '09001.VS', 'TAMBAHAN KAS TUNAI VISION', 11),
(241, '2024-02-09', '801', '00001.VS', 'GAJI YANG MASIH HARUS DIBAYAR', 11),
(242, '2024-02-09', '701', '01000.VS', 'BI SUMBANGAN/IURAN/IJIN/KONSULTASI', 11),
(243, '2024-02-09', '701', '01001.VS', 'BI SUMBANGAN', 11),
(244, '2024-02-09', '701', '01004.VS', 'BI KONSULTASI', 11),
(245, '2024-02-09', '701', '01005.VS', 'BI KEANGGOTAAN', 11),
(246, '2024-02-09', '701', '02000.VS', 'BI ASSURANSI', 11),
(247, '2024-02-09', '701', '03000.VS', 'BI SEWA', 11),
(248, '2024-02-09', '701', '04000.VS', 'BI PERJALANAN', 11),
(249, '2024-02-09', '701', '04001.VS', 'BI PERJALANAN ADMIN', 11),
(250, '2024-02-09', '701', '05000.VS', 'BI  KIRIM SURAT/BARANG', 11),
(251, '2024-02-09', '701', '05001.VS', 'BI KIRIM SURAT', 11),
(252, '2024-02-09', '701', '05002.VS', 'BI KIRIM SPANDUK', 11),
(253, '2024-02-09', '701', '05003.VS', 'BI KIRIM BARANG', 11),
(254, '2024-02-09', '701', '07000.VS', 'BI BANK/BUKU BANK', 11),
(255, '2024-02-09', '701', '07001.VS', 'BUNGA BANK', 11),
(256, '2024-02-09', '701', '07002.VS', 'DENDA BANK', 11),
(257, '2024-02-09', '701', '08000.VS', 'BI PEMBULATAN', 11),
(258, '2024-02-09', '801', '00700.VS', 'BI PROMOSI', 11),
(259, '2024-02-09', '801', '00701.VS', 'BI IKLAN', 11),
(260, '2024-02-09', '801', '00702.VS', 'BI SPANDUK/BANNER', 11),
(261, '2024-02-09', '801', '00703.VS', 'BI KARTU NAMA', 11),
(262, '2024-02-09', '801', '00704.VS', 'BI REKRUTMEN', 11),
(263, '2024-02-09', '801', '00705.VS', 'BI HADIAH', 11),
(264, '2024-02-09', '801', '00706.VS', 'BI CETAK STEMPEL', 11),
(265, '2024-02-09', '801', '00707.VS', 'BI ENTERTAIN', 11),
(266, '2024-02-09', '801', '00708.VS', 'BI KAYU PAKU DLL', 11),
(267, '2024-02-09', '801', '00709.VS', 'BI EVENT', 11),
(268, '2024-02-09', '801', '00711.VS', 'BI ID.CARD', 11),
(269, '2024-02-09', '801', '00712.VS', 'BI MERCHANDISE', 11),
(270, '2024-02-09', '801', '00713.VS', 'BI ATRIBUT', 11),
(271, '2024-02-09', '801', '01000.VS', 'BI SUMBANGAN/IURAN/IJIN/KONSULTASI', 11),
(272, '2024-02-09', '801', '01001.VS', 'BI SUMBANGAN', 11),
(273, '2024-02-09', '801', '01002.VS', 'BI IURAN', 11),
(274, '2024-02-09', '801', '01003.VS', 'BI PERIJINAN DIREKSI', 11),
(275, '2024-02-09', '801', '01004.VS', 'BI KONSULTASI', 11),
(276, '2024-02-09', '801', '01005.VS', 'BI KEANGGOTAAN', 11),
(277, '2024-02-09', '801', '02000.VS', 'BI ASURANSI', 11),
(278, '2024-02-09', '801', '04000.VS', 'BI PERJALANAN', 11),
(279, '2024-02-09', '801', '04001.VS', 'BI PERJALANAN MARKETING', 11),
(280, '2024-02-09', '801', '04002.VS', 'BI PERJALANAN P/VP', 11),
(281, '2024-02-09', '801', '04003.VS', 'BI PERJALANAN KOORDINATOR', 11),
(282, '2024-02-09', '801', '04004.VS', 'BI PERJALANAN DIREKSI', 11),
(283, '2024-02-09', '801 ', '05000.VS', 'BI KIRIM SURAT/BARANG (MARKETING)', 11),
(284, '2024-02-09', '801', '05001.VS', 'BI KIRIM SURAT', 11),
(285, '2024-02-09', '801', '05002.VS', 'BI KIRIM SPANDUK', 11),
(286, '2024-02-09', '801', '05003.VS', 'BI KIRIM BARANG', 11),
(287, '2024-02-09', 'UTJ', '0051', 'SEWA RUKO JL AHMAD YANI NO 285', 11),
(288, '2024-02-13', '701', '07003.VS', 'BI PAJAK BANK VISION', 11),
(289, '2024-02-16', 'UTJ', '0052', 'UTJ RUMAH SEMEMI JAYA SELATAN 8/6', 11),
(290, '2024-02-16', 'UTJ', '0053', 'UTJ RUKO GWALK W1/5', 11),
(291, '2024-02-16', 'UTJ', '0054', 'SEWA RUKO PANJI MAKMUR', 11),
(292, '2024-02-16', 'UTJ', '0055', 'UTJ SEWA GRAHA NATURA EDENIA F198', 11),
(293, '2024-02-16', 'UTJ', '0056', 'UTJ RUMAH MANGROVE WONOREJO', 11),
(294, '2024-02-16', 'UTJ', '0057', 'UTJ JL KUTISARI SELATAN II 42/B-1', 11),
(295, '2024-02-16', 'UTJ', '0058', 'UTJ SEWA RUKO WIYUNG PRAJA 10', 11),
(296, '2024-02-16', 'UTJ', '0059', 'UTJ SEWA BUKIT TELAGA GOLF TG 1/33 CITRALAND', 11),
(297, '2024-02-19', '101', '001002', 'PIUTANG KPR PUSAT', 11),
(298, '2024-02-19', '101', '001003', 'PIUTANG SECONDARY VISION', 11),
(299, '2024-02-19', '101', '001004', 'PIUTANG PRIMARY VISION', 11),
(300, '2024-02-19', '101', '001005', 'PIUTANG KPR VISION', 11),
(301, '2024-02-20', '000', '1001', 'KASBON DIREKSI', 11),
(302, '2024-02-22', '103', '00002', 'TITIPAN ATRIBUT/MERCHANDISE', 11),
(303, '2024-02-29', 'UTJ', '0060', 'RUMAH JL SIDODADI IX NO 9', 11),
(304, '2024-02-29', 'UTJ', '0061', 'RUKO PUNCAK BUKIT GOLF UNIT RBE RBF JL BUKIT DARMO BOULEVARD NO 1', 11),
(305, '2024-03-02', 'UTJ', '0062', 'RITZCOAST F2/11 ', 11),
(306, '2024-03-03', '801', '00104.VS', 'FEE PRIMARY VISION', 11),
(307, '2024-03-03', '103', '00002.VS', 'TITIPAN ATRIBUT/MERCHANDISE (VISION)', 11),
(308, '2024-03-04', 'PUT', '00001', 'SECONDARY - TANAH BUKIT TELAGA GOLF TA 4 NO 16', 11),
(309, '2024-03-04', 'PUT', '000002', 'SECONDARY - RUKO NORTHWEST NV 7 NO 8', 11),
(310, '2024-03-04', 'PUT', '00003', 'SECONDARY - RUKO NORTHWEST BOULEVARD NV 11 NO 7', 11),
(311, '2024-03-04', 'PUT', '00004', 'SECONDARY - RUNGKUT MAPAN BARAT 7 BG-03', 11),
(312, '2024-03-04', 'PUT', '00005', 'SECONDARY - APARTEMEN BENSON LT 16 NO 25', 11),
(313, '2024-03-04', 'PUT', '00006', 'SECONDARY - RUKO KAHURIPAN 38, SIDOARJO', 11),
(314, '2024-03-04', 'UTJ', '0063', 'RITZCOAST F5/5', 11),
(315, '2024-03-04', 'UTJ', '0064', 'RITZCOAST F5/21', 11),
(316, '2024-03-05', 'PUT', '00007', 'SECONDARY -  RUKO GWALK W1/5', 11),
(317, '2024-03-05', 'PUT', '00008', 'SECONDARY - GRAHA SURYANATA', 11),
(318, '2024-03-06', 'PUT', '00009', 'SECONDARY - RUKO PUNCAK BUKIT GOLF UNIT RBE RBF JL BUKIT DARMO BOULEVARD NO 1', 11),
(319, '2024-03-12', 'PUT', '00010', 'SECONDARY - NORTHWEST BOULEVARD BLOK NV07 NO 8', 11),
(320, '2024-03-12', 'PUT.VS', '00001', 'SECONDARY - RUKO GWALK W1/5', 11),
(321, '2024-03-12', 'PUT.VS', '00002', 'SECONDARY - APARTEMEN TANGLIN UNIT 0815', 11);

-- --------------------------------------------------------

--
-- Struktur dari tabel `jurnal_persediaan`
--

CREATE TABLE `jurnal_persediaan` (
  `id_jurnal` int(250) NOT NULL,
  `kode_jurnal` varchar(250) NOT NULL,
  `tgl_input_asli_jurnal` date NOT NULL,
  `tgl_input_jurnal` date NOT NULL,
  `id_barang` int(250) NOT NULL,
  `keterangan_jurnal` varchar(250) NOT NULL,
  `jenis_jurnal` varchar(250) NOT NULL,
  `kuantitas_jurnal` int(250) NOT NULL,
  `harga_satuan_jurnal` double NOT NULL,
  `nominal_jurnal` double NOT NULL,
  `admin_jurnal` int(250) NOT NULL
) ENGINE=InnoDB DEFAULT CHARSET=utf8mb4 COLLATE=utf8mb4_general_ci;

-- --------------------------------------------------------

--
-- Struktur dari tabel `jurnal_pesan`
--

CREATE TABLE `jurnal_pesan` (
  `id_pesan` int(250) NOT NULL,
  `pesan` varchar(250) NOT NULL,
  `tgl_input_pesan` date NOT NULL,
  `tgl_pesan` varchar(250) NOT NULL,
  `bulan_pesan` varchar(250) NOT NULL,
  `status_pesan` varchar(250) NOT NULL,
  `admin_input` int(250) NOT NULL
) ENGINE=InnoDB DEFAULT CHARSET=latin1 COLLATE=latin1_swedish_ci;

--
-- Dumping data untuk tabel `jurnal_pesan`
--

INSERT INTO `jurnal_pesan` (`id_pesan`, `pesan`, `tgl_input_pesan`, `tgl_pesan`, `bulan_pesan`, `status_pesan`, `admin_input`) VALUES
(2, 'Buka Jurnal Januari 2024', '2024-03-01', '2024-01', 'Januari', 'Buka', 11),
(3, 'Buka Jurnal Januari 2024', '2024-03-04', '2024-01', 'Januari', 'Buka', 1);

-- --------------------------------------------------------

--
-- Struktur dari tabel `jurnal_umum`
--

CREATE TABLE `jurnal_umum` (
  `id_jurnal` int(250) NOT NULL,
  `kode_jurnal` varchar(250) NOT NULL,
  `tgl_input_asli_jurnal` date NOT NULL,
  `tgl_input_jurnal` date NOT NULL,
  `id_bttb` int(250) NOT NULL,
  `keterangan_jurnal` varchar(250) NOT NULL,
  `jenis_jurnal` varchar(250) NOT NULL,
  `nominal_jurnal` double DEFAULT NULL,
  `admin_jurnal` int(250) NOT NULL
) ENGINE=InnoDB DEFAULT CHARSET=utf8mb4 COLLATE=utf8mb4_general_ci;

--
-- Dumping data untuk tabel `jurnal_umum`
--

INSERT INTO `jurnal_umum` (`id_jurnal`, `kode_jurnal`, `tgl_input_asli_jurnal`, `tgl_input_jurnal`, `id_bttb`, `keterangan_jurnal`, `jenis_jurnal`, `nominal_jurnal`, `admin_jurnal`) VALUES
(92, 'JU1', '2023-12-05', '2022-01-01', 9, 'UTJ RUKO CROWN SHO BS 10/51', 'Kredit', 20000000, 11),
(93, 'JU2', '2023-12-05', '2022-01-01', 10, 'UTJ RUKO CROWN SHO BS 10/51', 'Debit', 20000000, 11),
(94, 'JU3', '2023-12-05', '2022-01-01', 11, 'UTJ TPI HX 8', 'Kredit', 200000, 11),
(95, 'JU4', '2023-12-05', '2022-01-01', 10, 'UTJ TPI HX 8', 'Debit', 200000, 11),
(97, 'JU5', '2023-12-05', '2022-01-14', 12, 'UTJ GREENLAKE C/12', 'Kredit', 20000000, 11),
(98, 'JU6', '2023-12-05', '2022-01-14', 10, 'UTJ GREENLAKE C/12', 'Debit', 20000000, 11),
(99, 'JU7', '2023-12-05', '2022-01-19', 13, 'UTJ LEAD NSW DRIYOREJO B5/06', 'Kredit', 2486204, 11),
(100, 'JU8', '2023-12-05', '2022-01-19', 10, 'LEAD NSW DRIYOREJO B5/06', 'Debit', 2486204, 11),
(102, 'JU9', '2023-12-05', '2022-03-18', 15, 'UTJ KEMAYORAN BARU 59', 'Kredit', 20000000, 11),
(103, 'JU10', '2023-12-05', '2022-03-18', 10, 'UTJ KEMAYORAN BARU 59', 'Debit', 20000000, 11),
(104, 'JU11', '2023-12-05', '2022-03-07', 16, 'UTJ WISATA BUKIT SENTUL LAWANG-MALANG', 'Kredit', 12000000, 11),
(105, 'JU12', '2023-12-05', '2022-03-07', 10, 'UTJ WISATA BUKIT SENTUL LAWANG-MALANG', 'Debit', 12000000, 11),
(106, 'JU13', '2023-12-05', '2022-12-30', 17, 'UTJ GREEN MENGANTI RESIDENCE', 'Kredit', 1000000, 11),
(107, 'JU14', '2023-12-05', '2022-12-30', 10, 'UTJ GREEN MENGANTI RESIDENCE', 'Debit', 1000000, 11),
(108, 'JU15', '2023-12-05', '2023-05-22', 18, 'UTJ PERMATA MENGANTI RESIDENCE E5-02', 'Kredit', 9137481, 11),
(109, 'JU16', '2023-12-05', '2023-05-22', 10, 'UTJ PERMATA MENGANTI RESIDENCE E5-02', 'Debit', 9137481, 11),
(110, 'JU17', '2023-12-05', '2023-05-17', 19, 'UTJ ROYAL EMRAN 2', 'Kredit', 2000000, 11),
(111, 'JU18', '2023-12-05', '2023-05-17', 10, 'UTJ ROYAL EMRAN 2', 'Debit', 2000000, 11),
(122, 'JU19', '2023-12-05', '2023-05-22', 20, 'UTJ RUKO MENUR MUMPUNGAN (RUKO MANYAR)', 'Kredit', 3750000, 11),
(123, 'JU20', '2023-12-05', '2023-05-22', 10, 'UTJ RUKO MENUR MUMPUNGAN (RUKO MANYAR)', 'Debit', 3750000, 11),
(124, 'JU21', '2023-12-05', '2023-06-26', 21, 'UTJ RUKO JL KARANG EMPAT TIMUR', 'Kredit', 30000000, 11),
(125, 'JU22', '2023-12-05', '2023-06-26', 10, 'UTJ RUKO JL KARANG EMPAT TIMUR', 'Debit', 30000000, 11),
(126, 'JU23', '2023-12-05', '2023-06-30', 23, 'UTJ RUKO GOLDEN PALACE A9-10 HR MUHAMMAD', 'Kredit', 35000000, 11),
(127, 'JU24', '2023-12-05', '2023-06-30', 10, 'UTJ RUKO GOLDEN PALACE A9-10 HR MUHAMMAD', 'Debit', 35000000, 11),
(128, 'JU25', '2023-12-05', '2023-08-17', 24, 'UTJ ESPLANADE GA 8/7', 'Kredit', 100000000, 11),
(129, 'JU26', '2023-12-05', '2023-08-17', 10, 'UTJ ESPLANADE GA 8/7', 'Debit', 100000000, 11),
(130, 'JU27', '2023-12-05', '2023-09-10', 25, 'UTJ DRIYOREJO', 'Kredit', 10000000, 11),
(131, 'JU28', '2023-12-05', '2023-09-10', 10, 'UTJ DRIYOREJO', 'Debit', 10000000, 11),
(132, 'JU29', '2023-12-05', '2023-10-02', 26, 'UTJ EASTWOOD BLOK EW 5/12', 'Kredit', 68, 11),
(133, 'JU30', '2023-12-05', '2023-10-02', 10, 'UTJ EASTWOOD BLOK EW 5/12', 'Debit', 68, 11),
(134, 'JU31', '2023-12-05', '2023-10-06', 27, 'UTJ BUKIT GOLF GB 3/26', 'Kredit', 100000000, 11),
(135, 'JU32', '2023-12-05', '2023-10-06', 10, 'UTJ BUKIT GOLF GB 3/26', 'Debit', 100000000, 11),
(136, 'JU33', '2023-12-05', '2023-10-11', 28, 'UTJ SEWA RUKO CROWN SOHO BS10 NO 60 ROYAL RESIDENCE ', 'Kredit', 7000000, 11),
(137, 'JU34', '2023-12-05', '2023-10-11', 10, 'UTJ SEWA RUKO CROWN SOHO BS10 NO 60 ROYAL RESIDENCE ', 'Debit', 7000000, 11),
(138, 'JU35', '2023-12-05', '2023-10-12', 29, 'UTJ RUKO SATELIT TOWN SQUARE B/1', 'Kredit', 10000000, 11),
(139, 'JU36', '2023-12-05', '2023-10-12', 10, 'UTJ RUKO SATELIT TOWN SQUARE B/1', 'Debit', 10000000, 11),
(140, 'JU37', '2023-12-05', '2023-10-26', 30, 'UTJ RUKO JL RAYA MENGANTI NO 411C', 'Kredit', 50000000, 11),
(141, 'JU38', '2023-12-05', '2023-10-26', 10, 'UTJ RUKO JL RAYA MENGANTI NO 411C', 'Debit', 50000000, 11),
(146, 'JU39', '2023-12-10', '2023-11-02', 35, 'TAMBAHAN UTJ SEWA GUDANG SIMO TAMBAAN SEKOLAH 30', 'Kredit', 20000000, 11),
(147, 'JU40', '2023-12-10', '2023-11-02', 10, 'TAMBAHAN UTJ SEWA GUDANG SIMO TAMBAAN SEKOLAH 30', 'Debit', 20000000, 11),
(148, 'JU41', '2023-12-10', '2023-11-02', 35, 'TAMBAHAN UTJ SEWA GUDANG SIMO DI TRANSFER KE XMARKS', 'Debit', 20000000, 11),
(149, 'JU42', '2023-12-10', '2023-11-02', 10, 'TAMBAHAN UTJ SEWA GUDANG SIMO DI TRANSFER KE XMARKS', 'Kredit', 20000000, 11),
(150, 'JU43', '2023-12-06', '2023-11-02', 29, 'PENGEMBALIAN UTJ RUKO SATELIT TOWN SQUARE B/1', 'Debit', 10000000, 11),
(151, 'JU44', '2023-12-06', '2023-11-02', 10, 'PENGEMBALIAN UTJ RUKO SATELIT TOWN SQUARE B/1', 'Kredit', 10000000, 11),
(152, 'JU45', '2023-12-10', '2023-11-02', 36, 'UTJ RUMAH GRIYA ASRI 64/20', 'Kredit', 3000000, 11),
(153, 'JU46', '2023-12-10', '2023-11-02', 10, 'UTJ RUMAH GRIYA ASRI 64/20', 'Debit', 3000000, 11),
(154, 'JU47', '2023-12-06', '2023-11-03', 21, 'UTJ KARANG EMPAT TIMUR II/68 DI TRANSFER KE PENJUAL', 'Debit', 30000000, 11),
(155, 'JU48', '2023-12-06', '2023-11-03', 10, 'UTJ KARANG EMPAT TIMUR II/68 DI TRANSFER KE PENJUAL', 'Kredit', 30000000, 11),
(156, 'JU49', '2023-12-06', '2023-11-03', 37, 'UTJ SEWA GUDANG TANGGUL NO 5', 'Kredit', 25000000, 11),
(157, 'JU50', '2023-12-06', '2023-11-03', 10, 'UTJ SEWA GUDANG TANGGUL NO 5', 'Debit', 25000000, 11),
(158, 'JU51', '2023-12-06', '2023-11-03', 38, 'UTJ TAMAN GAPURA E2/30', 'Kredit', 100000000, 11),
(159, 'JU52', '2023-12-06', '2023-11-03', 10, 'UTJ TAMAN GAPURA E2/30', 'Debit', 100000000, 11),
(160, 'JU53', '2023-12-06', '2023-11-03', 18, 'PEMINDAHAN FEE GREEN MEGANTI E5', 'Debit', 9137841, 11),
(161, 'JU54', '2023-12-06', '2023-11-03', 10, 'PEMINDAHAN FEE GREEN MEGANTI E5', 'Kredit', 9137841, 11),
(162, 'JU55', '2023-12-06', '2023-11-03', 37, 'UTJ SEWA GUDANG TANGGUL NO 5 DITRANSFER KE PROPNEX', 'Debit', 25000000, 11),
(163, 'JU56', '2023-12-06', '2023-11-03', 10, 'UTJ SEWA GUDANG TANGGUL NO 5 DITRANSFER KE PROPNEX', 'Kredit', 25000000, 11),
(164, 'JU57', '2023-12-08', '2023-10-31', 32, 'HUTANG CV KE BANK TITIPAN', 'Debit', 130000000, 11),
(165, 'JU58', '2023-12-08', '2023-10-31', 10, 'HUTANG CV KE BANK TITIPAN', 'Kredit', 130000000, 11),
(167, '0', '2023-12-06', '2022-02-01', 0, 'Saldo Awal Februari', '', 42686204, 11),
(168, '0', '2023-12-06', '2022-03-01', 0, 'Saldo Awal Maret', '', 42686204, 11),
(169, '0', '2023-12-06', '2022-04-01', 0, 'Saldo Awal April', '', 74686204, 11),
(170, '0', '2023-12-06', '2022-05-01', 0, 'Saldo Awal Mei', '', 74686204, 11),
(171, '0', '2023-12-06', '2022-06-01', 0, 'Saldo Awal Juni', '', 74686204, 11),
(172, '0', '2023-12-06', '2022-07-01', 0, 'Saldo Awal Juli', '', 74686204, 11),
(173, '0', '2023-12-06', '2022-08-01', 0, 'Saldo Awal Agustus', '', 74686204, 11),
(174, '0', '2023-12-06', '2022-09-01', 0, 'Saldo Awal September', '', 74686204, 11),
(176, '0', '2023-12-06', '2022-10-01', 0, 'Saldo Awal Oktober', '', 74686204, 11),
(177, '0', '2023-12-06', '2022-11-01', 0, 'Saldo Awal November', '', 74686204, 11),
(178, '0', '2023-12-06', '2022-12-01', 0, 'Saldo Awal Desember', '', 74686204, 11),
(179, '0', '2023-12-06', '2023-01-01', 0, 'Saldo Awal Januari', '', 75686204, 11),
(180, '0', '2023-12-06', '2023-02-01', 0, 'Saldo Awal Februari', '', 75686204, 11),
(181, '0', '2023-12-06', '2023-03-01', 0, 'Saldo Awal Maret', '', 75686204, 11),
(182, '0', '2023-12-06', '2023-04-01', 0, 'Saldo Awal April', '', 75686204, 11),
(183, '0', '2023-12-06', '2023-05-01', 0, 'Saldo Awal Mei', '', 75686204, 11),
(184, '0', '2023-12-06', '2023-06-01', 0, 'Saldo Awal Juni', '', 90573685, 11),
(185, '0', '2023-12-06', '2023-07-01', 0, 'Saldo Awal Juli', '', 155573685, 11),
(186, '0', '2023-12-06', '2023-08-01', 0, 'Saldo Awal Agustus', '', 155573685, 11),
(187, '0', '2023-12-06', '2023-09-01', 0, 'Saldo Awal September', '', 255573685, 11),
(190, 'JU59', '2023-12-05', '2023-09-30', 0, 'Koreksi Saldo', '', 35530, 11),
(191, '0', '2023-12-07', '2023-10-01', 0, 'Saldo Awal Oktober', '', 265609215, 11),
(194, 'JU60', '2023-12-09', '2023-10-31', 31, 'ADM BANK', 'Kredit', 349200.62, 11),
(195, 'JU61', '2023-12-09', '2023-10-31', 10, 'ADM BANK', 'Debit', 349200.62, 11),
(206, 'JU62', '2023-12-10', '2023-11-07', 36, 'TAMBAHAN UTJ RUMAH GRIYA ASRI 64/20', 'Kredit', 500000, 11),
(207, 'JU63', '2023-12-10', '2023-11-07', 10, 'TAMBAHAN UTJ RUMAH GRIYA ASRI 64/20', 'Debit', 500000, 11),
(208, 'JU64', '2023-12-10', '2023-11-07', 36, 'TAMBAHAN UTJ RUMAH GRIYA ASRI 64/20', 'Kredit', 59500000, 11),
(209, 'JU65', '2023-12-10', '2023-11-07', 10, 'TAMBAHAN UTJ RUMAH GRIYA ASRI 64/20', 'Debit', 59500000, 11),
(210, 'JU66', '2023-12-10', '2023-11-07', 39, 'UTJ 2 BIDANG TANAH ROMOKALISARI ADVENTURE PERSIL 68', 'Kredit', 100000000, 11),
(211, 'JU67', '2023-12-10', '2023-11-07', 10, 'UTJ 2 BIDANG TANAH ROMOKALISARI ADVENTURE PERSIL 68', 'Debit', 100000000, 11),
(212, 'JU68', '2023-12-10', '2023-11-07', 39, 'UTJ 2 BIDANG TANAH ROMOKALISARI ADVENTURE PERSIL 68 DI TRANSFER KE PEMILIK', 'Debit', 100000000, 11),
(213, 'JU69', '2023-12-10', '2023-11-07', 10, 'UTJ 2 BIDANG TANAH ROMOKALISARI ADVENTURE PERSIL 68 DI TRANSFER KE PEMILIK', 'Kredit', 100000000, 11),
(214, 'JU70', '2023-12-10', '2023-11-07', 40, 'UTJ RUKO NORTHWEST NV 11/27', 'Kredit', 5000000, 11),
(215, 'JU71', '2023-12-10', '2023-11-07', 10, 'UTJ RUKO NORTHWEST NV 11/27', 'Debit', 5000000, 11),
(216, 'JU72', '2023-12-10', '2023-11-08', 36, 'FEE RUMAH GRIYA ASRI 64/20 DIPINDAH KE A&A CV (CABANG)', 'Debit', 3000000, 11),
(217, 'JU73', '2023-12-10', '2023-11-08', 10, 'FEE RUMAH GRIYA ASRI 64/20 DIPINDAH KE A&A CV (CABANG)', 'Kredit', 3000000, 11),
(218, 'JU74', '2023-12-10', '2023-11-08', 36, 'UTJ RUMAH GRIYA ASRI 64/20 DI TRANSFER KE ANDREW CHRISTIAN (PELUNASAN)', 'Debit', 60000000, 11),
(219, 'JU75', '2023-12-10', '2023-11-08', 10, 'UTJ RUMAH GRIYA ASRI 64/20 DI TRANSFER KE ANDREW CHRISTIAN (PELUNASAN)', 'Kredit', 60000000, 11),
(220, 'JU76', '2023-12-10', '2023-11-09', 30, 'PELUNASAN SISA UTJ RUKO RAYA MENGANTI 411C', 'Debit', 34375000, 11),
(221, 'JU77', '2023-12-10', '2023-11-09', 10, 'PELUNASAN SISA UTJ RUKO RAYA MENGANTI 411C', 'Kredit', 34375000, 11),
(222, 'JU78', '2023-12-10', '2023-11-09', 30, 'FEE RUKO RAYA MENGANTI 411C DIPINDAH KE A&A CV (CABANG)', 'Debit', 15625000, 11),
(223, 'JU79', '2023-12-10', '2023-11-09', 10, 'FEE RUKO RAYA MENGANTI 411C DIPINDAH KE A&A CV (CABANG)', 'Kredit', 15625000, 11),
(224, 'JU80', '2023-12-10', '2023-11-09', 38, 'TRANSFER SISA UTJ TAMAN GAPURA E2/30', 'Debit', 9460000, 11),
(225, 'JU81', '2023-12-10', '2023-11-09', 10, 'TRANSFER SISA UTJ TAMAN GAPURA E2/30', 'Kredit', 9460000, 11),
(226, 'JU82', '2023-12-10', '2023-11-10', 41, 'UTJ RUKO DRMO PARK 2 BLOK II NO 3', 'Kredit', 200000000, 11),
(227, 'JU83', '2023-12-10', '2023-11-10', 10, 'UTJ RUKO DRMO PARK 2 BLOK II NO 3', 'Debit', 200000000, 11),
(228, 'JU84', '2023-12-10', '2023-11-10', 38, 'TALANGAN BIAYA SHM TAMAN GAPURA E2/30', 'Debit', 15000000, 11),
(229, 'JU85', '2023-12-10', '2023-11-10', 10, 'TALANGAN BIAYA SHM TAMAN GAPURA E2/30', 'Kredit', 15000000, 11),
(230, 'JU86', '2023-12-10', '2023-11-10', 42, 'TERMIN 1 SIDANG PENGADILAN PENJUAL GUBENG KERTAJAYA IXB NO 11', 'Kredit', 7000000, 11),
(231, 'JU87', '2023-12-10', '2023-11-10', 10, 'TERMIN 1 SIDANG PENGADILAN PENJUAL GUBENG KERTAJAYA IXB NO 11', 'Debit', 7000000, 11),
(232, 'JU88', '2023-12-10', '2023-11-11', 41, 'UTJ  RUKO DARMO PARK II BLOK 2 NO 3', 'Kredit', 250000000, 11),
(233, 'JU89', '2023-12-10', '2023-11-11', 10, 'UTJ  RUKO DARMO PARK II BLOK 2 NO 3', 'Debit', 250000000, 11),
(234, 'JU90', '2023-12-10', '2023-11-13', 38, 'FEE TAMAN GAPURA E2/30 DIPINDAH KE CVA&A (PUSAT)', 'Debit', 75540000, 11),
(235, 'JU91', '2023-12-10', '2023-11-13', 10, 'FEE TAMAN GAPURA E2/30 DIPINDAH KE CVA&A (PUSAT)', 'Kredit', 75540000, 11),
(236, 'JU92', '2023-12-10', '2023-11-13', 42, 'TERMIN 1 PENGURUSAN GUBENG KERTAJAYA IXB NO 11', 'Debit', 7000000, 11),
(237, 'JU93', '2023-12-10', '2023-11-13', 10, 'TERMIN 1 PENGURUSAN GUBENG KERTAJAYA IXB NO 11', 'Kredit', 7000000, 11),
(238, 'JU94', '2023-12-10', '2023-11-13', 43, 'UTJ BUKIT GOLF B2 NO 7', 'Kredit', 100000000, 11),
(239, 'JU95', '2023-12-10', '2023-11-13', 10, 'UTJ BUKIT GOLF B2 NO 7', 'Debit', 100000000, 11),
(240, 'JU96', '2023-12-10', '2023-11-14', 44, 'UTJ SIMPANG DARMO PERMAI SELATAN', 'Kredit', 5000000, 11),
(241, 'JU97', '2023-12-10', '2023-11-14', 10, 'UTJ SIMPANG DARMO PERMAI SELATAN', 'Debit', 5000000, 11),
(242, 'JU98', '2023-12-10', '2023-11-15', 45, 'TITIP BAYAR RETRIBUSI PBG IMB SEWA BTG TC3/29', 'Kredit', 17016160, 11),
(243, 'JU99', '2023-12-10', '2023-11-15', 10, 'TITIP BAYAR RETRIBUSI PBG IMB SEWA BTG TC3/29', 'Debit', 17016160, 11),
(244, 'JU100', '2023-12-10', '2023-11-15', 43, 'UTJ BUKIT GOLF B2 NO 7 DI TRANSFER KE PENJUAL', 'Debit', 100000000, 11),
(245, 'JU101', '2023-12-10', '2023-11-15', 10, 'UTJ BUKIT GOLF B2 NO 7 DI TRANSFER KE PENJUAL', 'Kredit', 100000000, 11),
(246, 'JU102', '2023-12-10', '2023-11-15', 31, 'BI ADM BUKIT GOLF B2 NO 7', 'Debit', 2500, 11),
(247, 'JU103', '2023-12-10', '2023-11-15', 10, 'BI ADM BUKIT GOLF B2 NO 7', 'Kredit', 2500, 11),
(248, 'JU104', '2023-12-10', '2023-11-15', 46, 'TITIP PAJAK EMERALD MANSION BLOK TN 1 NO 29', 'Kredit', 333750000, 11),
(249, 'JU105', '2023-12-10', '2023-11-15', 10, 'TITIP PAJAK EMERALD MANSION BLOK TN 1 NO 29', 'Debit', 333750000, 11),
(250, 'JU106', '2023-12-10', '2023-11-16', 47, 'UTJ TANAH KANDANGAN GRESIK ', 'Kredit', 50000000, 11),
(251, 'JU107', '2023-12-10', '2023-11-16', 10, 'UTJ TANAH KANDANGAN GRESIK ', 'Debit', 50000000, 11),
(252, 'JU108', '2023-12-10', '2023-11-16', 45, 'BAYAR RETRIBUSI PBG IMB SEWA BTG TC3/29', 'Debit', 17016000, 11),
(253, 'JU109', '2023-12-10', '2023-11-16', 10, 'BAYAR RETRIBUSI PBG IMB SEWA BTG TC3/29', 'Kredit', 17016000, 11),
(254, 'JU110', '2023-12-10', '2023-11-16', 43, 'PENGALIHAN HAK TANAH BUKIT GOLF B2 NO.7', 'Kredit', 300000000, 11),
(255, 'JU111', '2023-12-10', '2023-11-16', 10, 'PENGALIHAN HAK TANAH BUKIT GOLF B2 NO.7', 'Debit', 300000000, 11),
(256, 'JU112', '2023-12-10', '2023-11-16', 24, 'UTJ ESPLANADE GA 8/7 DI TRANSFER KE PENJUAL', 'Debit', 100000000, 11),
(257, 'JU113', '2023-12-10', '2023-11-16', 10, 'UTJ ESPLANADE GA 8/7 DI TRANSFER KE PENJUAL', 'Kredit', 100000000, 11),
(258, 'JU114', '2023-12-10', '2023-11-17', 43, 'PPH FINAL BUKIT GOLF B2 NO 7', 'Debit', 90000000, 11),
(259, 'JU115', '2023-12-10', '2023-11-17', 10, 'PPH FINAL BUKIT GOLF B2 NO 7', 'Kredit', 90000000, 11),
(260, 'JU116', '2023-12-10', '2023-11-17', 43, 'PPH FINAL BUKIT GOLF B2 NO 7', 'Debit', 60000000, 11),
(261, 'JU117', '2023-12-10', '2023-11-17', 10, 'PPH FINAL BUKIT GOLF B2 NO 7', 'Kredit', 60000000, 11),
(262, 'JU118', '2023-12-10', '2023-11-17', 45, 'TITIP BAYAR IMB SEWA BTG TC 3-29', 'Kredit', 25000000, 11),
(263, 'JU119', '2023-12-10', '2023-11-17', 10, 'TITIP BAYAR IMB SEWA BTG TC 3-29', 'Debit', 25000000, 11),
(264, 'JU120', '2023-12-10', '2023-11-17', 43, 'PENGALIHAN HAK TANAH BUKIT GOLF B2 NO.7', 'Debit', 150000000, 11),
(265, 'JU121', '2023-12-10', '2023-11-17', 10, 'PENGALIHAN HAK TANAH BUKIT GOLF B2 NO.7', 'Kredit', 150000000, 11),
(266, 'JU122', '2023-12-10', '2023-11-17', 41, 'UTJ RUKO DARMO PARK 2 BLOK II NO 3 DI TRANSFER KE PENJUAL', 'Debit', 450000000, 11),
(267, 'JU123', '2023-12-10', '2023-11-17', 10, 'UTJ RUKO DARMO PARK 2 BLOK II NO 3 DI TRANSFER KE PENJUAL', 'Kredit', 450000000, 11),
(268, 'JU124', '2023-12-10', '2023-11-17', 45, 'TITIP BAYAR PELUNASAN IMB SEWA BTG TC 3-29', 'Debit', 18500000, 11),
(269, 'JU125', '2023-12-10', '2023-11-17', 10, 'TITIP BAYAR PELUNASAN IMB SEWA BTG TC 3-29', 'Kredit', 18500000, 11),
(270, 'JU126', '2023-12-10', '2023-11-17', 45, 'REFUND POT REKOM IMB BTG TC 3-29', 'Debit', 1500000, 11),
(271, 'JU127', '2023-12-10', '2023-11-17', 10, 'REFUND POT REKOM IMB BTG TC 3-29', 'Kredit', 1500000, 11),
(272, 'JU128', '2023-12-10', '2023-11-17', 45, 'FEE IMB SEWA BTG TC 3-29 DI TRANSFER  KE CV A&A', 'Debit', 5000000, 11),
(273, 'JU129', '2023-12-10', '2023-11-17', 10, 'FEE IMB SEWA BTG TC 3-29 DI TRANSFER  KE CV A&A (PUSAT)', 'Kredit', 5000000, 11),
(274, 'JU130', '2023-12-10', '2023-11-17', 27, 'TITIP BAYAR RETRI OKT PENJUAL BGI GB 3/26', 'Debit', 1275912, 11),
(275, 'JU131', '2023-12-10', '2023-11-17', 10, 'TITIP BAYAR RETRI OKT PENJUAL BGI GB 3/26', 'Kredit', 1275912, 11),
(276, 'JU132', '2023-12-10', '2023-11-18', 27, 'KEKURANGAN TITIP BAYAR RETRIBUSI BGI GB3/26', 'Debit', 47344, 11),
(277, 'JU133', '2023-12-10', '2023-11-18', 10, 'KEKURANGAN TITIP BAYAR RETRIBUSI BGI GB3/26', 'Kredit', 47344, 11),
(278, 'JU134', '2023-12-10', '2023-11-20', 51, 'UTJ RUMAH NORTHWEST PARK NA 6/11', 'Kredit', 5000000, 11),
(279, 'JU135', '2023-12-10', '2023-11-20', 10, 'UTJ RUMAH NORTHWEST PARK NA 6/11', 'Debit', 5000000, 11),
(280, 'JU136', '2023-12-10', '2023-11-20', 27, 'FEE BUKIT GOLF GB 3/26 DI PINDAH KE CVA&A (PUSAT)', 'Debit', 98676744, 11),
(281, 'JU137', '2023-12-10', '2023-11-20', 10, 'FEE BUKIT GOLF GB 3/26 DI PINDAH KE CVA&A (PUSAT)', 'Kredit', 98676744, 11),
(282, 'JU138', '2023-12-10', '2023-11-20', 44, 'UTJ SIMPANG DARMO PERMAI SELATAN DI TRANSFER KE PEMILIK', 'Debit', 2825000, 11),
(283, 'JU139', '2023-12-10', '2023-11-20', 10, 'UTJ SIMPANG DARMO PERMAI SELATAN DI TRANSFER KE PEMILIK', 'Kredit', 2825000, 11),
(284, 'JU140', '2023-12-10', '2023-11-20', 44, 'FEE SIMPANG DARMO PERMAI SELATAN DI PINDAH KE A&A CV (CABANG)', 'Debit', 1875000, 11),
(285, 'JU141', '2023-12-10', '2023-11-20', 10, 'FEE SIMPANG DARMO PERMAI SELATAN DI PINDAH KE A&A CV (CABANG)', 'Kredit', 1875000, 11),
(286, 'JU142', '2023-12-10', '2023-11-20', 44, 'FEE NOTARIS SIMPANG DARMO PERMAI SELATAN XIV/20 STEVEN SANTOSO', 'Debit', 300000, 11),
(287, 'JU143', '2023-12-10', '2023-11-20', 10, 'FEE NOTARIS SIMPANG DARMO PERMAI SELATAN XIV/20 STEVEN SANTOSO', 'Kredit', 300000, 11),
(288, 'JU144', '2023-12-12', '2023-11-21', 46, 'TITIP BAYAR REKOM PERUMNAS HPL TN 1/29', 'Debit', 5000000, 11),
(289, 'JU145', '2023-12-10', '2023-11-21', 10, 'TITIP BAYAR REKOM PERUMNAS HPL TN 1/29', 'Kredit', 5000000, 11),
(290, 'JU146', '2023-12-10', '2023-11-22', 46, 'TITIP BAYAR BPHTB PEMBELI TN 1/29', 'Debit', 333750000, 11),
(291, 'JU147', '2023-12-10', '2023-11-22', 10, 'TITIP BAYAR BPHTB PEMBELI TN 1/29', 'Kredit', 333750000, 11),
(292, 'JU148', '2023-12-10', '2023-11-22', 31, 'BI ADM EMERALD MANSION TN 1/29', 'Debit', 25000, 11),
(293, 'JU149', '2023-12-10', '2023-11-22', 10, 'BI ADM EMERALD MANSION TN 1/29', 'Kredit', 25000, 11),
(294, 'JU150', '2023-12-10', '2023-11-28', 51, 'UTJ NORTHWEST PARK NA6/11 DI TRANSFER KE PEMILIK', 'Debit', 3000000, 11),
(295, 'JU151', '2023-12-10', '2023-11-28', 10, 'UTJ NORTHWEST PARK NA6/11 DI TRANSFER KE PEMILIK', 'Kredit', 3000000, 11),
(296, 'JU152', '2023-12-10', '2023-11-28', 51, 'FEE NORTHWEST PARK NA6/11 DI PINDAH KE A&A CV (CABANG)', 'Debit', 2000000, 11),
(297, 'JU153', '2023-12-10', '2023-11-28', 10, 'FEE NORTHWEST PARK NA6/11 DI PINDAH KE A&A CV (CABANG)', 'Kredit', 2000000, 11),
(298, 'JU154', '2023-12-10', '2023-11-30', 52, 'DEPOSIT SEWA GUDANG MARGOMULYO A5', 'Kredit', 10000000, 11),
(299, 'JU155', '2023-12-10', '2023-11-30', 10, 'DEPOSIT SEWA GUDANG MARGOMULYO A5', 'Debit', 10000000, 11),
(300, 'JU156', '2023-12-10', '2023-11-30', 31, 'BIAYA ADM', 'Debit', 30000, 11),
(301, 'JU157', '2023-12-10', '2023-11-30', 10, 'BIAYA ADM', 'Kredit', 30000, 11),
(302, 'JU158', '2023-12-10', '2023-11-30', 48, 'BUNGA', 'Kredit', 104850.02, 11),
(303, 'JU159', '2023-12-10', '2023-11-30', 10, 'BUNGA', 'Debit', 104850.02, 11),
(304, 'JU160', '2023-12-10', '2023-11-30', 50, 'PAJAK BUNGA', 'Debit', 20970, 11),
(305, 'JU161', '2023-12-10', '2023-11-30', 10, 'PAJAK BUNGA', 'Kredit', 20970, 11),
(306, 'JU162', '2023-12-10', '2023-11-03', 32, 'PENGEMBALIAN PINJAMAN CV', 'Kredit', 130000000, 11),
(307, 'JU163', '2023-12-10', '2023-11-03', 10, 'PENGEMBALIAN PINJAMAN CV', 'Debit', 130000000, 11),
(312, '0', '2023-12-12', '2023-11-01', 0, 'Saldo Awal November', '', 562958483.62, 11),
(313, '0', '2023-12-12', '2023-11-01', 0, 'Saldo Awal BT November', '', 302958483.62, 11),
(314, '0', '2023-12-12', '2023-11-01', 0, 'Saldo Awal UTJ November', '', 432609283, 11),
(315, 'JU164', '2023-12-11', '2023-11-01', 35, 'UTJ SEWA GUDANG SIMO TAMBAAN SEKOLAH NO 30', 'Kredit', 10000000, 11),
(316, 'JU165', '2023-12-11', '2023-11-01', 10, 'UTJ SEWA GUDANG SIMO TAMBAAN SEKOLAH NO 30', 'Debit', 10000000, 11),
(317, 'JU166', '2023-12-11', '2023-11-01', 35, 'UTJ SEWA GUDANG SIMO TAMBAAN SEKOLAH NO 30 DI TRANSFER KE XMARKS', 'Debit', 10000000, 11),
(318, 'JU167', '2023-12-11', '2023-11-01', 10, 'UTJ SEWA GUDANG SIMO TAMBAAN SEKOLAH NO 30 DI TRANSFER KE XMARKS', 'Kredit', 10000000, 11),
(319, '0', '2023-12-13', '2023-12-01', 0, 'Saldo Awal Desember', '', 4053462604.02, 11),
(320, '0', '2023-12-13', '2023-12-01', 0, 'Saldo Awal BT Desember', '', 193847182.64, 11),
(321, '0', '2023-12-13', '2023-12-01', 0, 'Saldo Awal UTJ Desember', '', 193471602, 11),
(322, 'JU168', '2023-12-13', '2023-12-01', 10, 'TITIP BAYAR PENGURUSAN KLAMPIS JAYA 80 ', 'Debit', 600000, 11),
(323, 'JU169', '2023-12-13', '2023-12-01', 54, 'TITIP BAYAR PENGURUSAN KLAMPIS JAYA 80 ', 'Kredit', 600000, 11),
(324, 'JU170', '2023-12-13', '2023-12-01', 52, 'TAMBAHAN UTJ GUDANG MARGOMULYO A5', 'Kredit', 150000000, 11),
(325, 'JU171', '2023-12-13', '2023-12-01', 10, 'TAMBAHAN UTJ GUDANG MARGOMULYO A5', 'Debit', 150000000, 11),
(326, 'JU172', '2023-12-13', '2023-12-01', 52, 'DEPOSIT SEWA GUDANG MARGOMULYO A5', 'Debit', 10000000, 11),
(327, 'JU173', '2023-12-13', '2023-12-01', 10, 'DEPOSIT SEWA GUDANG MARGOMULYO A5', 'Kredit', 10000000, 11),
(328, 'JU174', '2023-12-13', '2023-12-01', 52, 'UTJ SEWA TAHUN KE 1 GUDANG MARGOMULYO A5 DI TRANSFER KE PEMILIK', 'Debit', 135000000, 11),
(329, 'JU175', '2023-12-13', '2023-12-01', 10, 'UTJ SEWA TAHUN KE 1 GUDANG MARGOMULYO A5 DI TRANSFER KE PEMILIK', 'Kredit', 135000000, 11),
(330, 'JU176', '2023-12-13', '2023-12-01', 52, 'FEE SEWA GUDANG MARGOMULYO A5 DI PINDAH KE CV A&A (PUSAT)', 'Debit', 15000000, 11),
(331, 'JU177', '2023-12-13', '2023-12-01', 10, 'FEE SEWA GUDANG MARGOMULYO A5 DI PINDAH KE CV A&A (PUSAT)', 'Kredit', 15000000, 11),
(332, 'JU178', '2023-12-13', '2023-12-04', 54, 'PENGEMBALIAN UANG DARI CENTRO DIGITAL (UANG KELUAR DI BANK FEE)', 'Kredit', 88000, 11),
(333, 'JU179', '2023-12-13', '2023-12-04', 10, 'PENGEMBALIAN UANG DARI CENTRO DIGITAL (UANG KELUAR DI BANK FEE)', 'Debit', 88000, 11),
(334, 'JU180', '2023-12-13', '2023-12-04', 55, 'UTJ SEWA TANAH DIAMOND HILL DR 1 NO 9', 'Kredit', 25000000, 11),
(335, 'JU181', '2023-12-13', '2023-12-04', 10, 'UTJ SEWA TANAH DIAMOND HILL DR 1 NO 9', 'Debit', 25000000, 11),
(336, 'JU182', '2023-12-13', '2023-12-04', 56, 'UTJ RUKO NORTHWEST NV 3/2', 'Kredit', 10000000, 11),
(337, 'JU183', '2023-12-13', '2023-12-04', 10, 'UTJ RUKO NORTHWEST NV 3/2', 'Debit', 10000000, 11),
(338, 'JU184', '2023-12-13', '2023-12-05', 55, 'TAMBAHAN UTJ TANAH DIAMOND HILL DR 1 NO 9', 'Kredit', 75000000, 11),
(339, 'JU185', '2023-12-13', '2023-12-05', 10, 'TAMBAHAN UTJ TANAH DIAMOND HILL DR 1 NO 9', 'Debit', 75000000, 11),
(340, 'JU186', '2023-12-13', '2023-12-05', 55, 'UTJ SEWA TANAH DIAMOND HILL DR 1 NO 9 DITRANSFER KE PEMILIK', 'Debit', 25000000, 11),
(341, 'JU187', '2023-12-13', '2023-12-05', 10, 'UTJ SEWA TANAH DIAMOND HILL DR 1 NO 9 DITRANSFER KE PEMILIK', 'Kredit', 25000000, 11),
(342, 'JU188', '2023-12-13', '2023-12-05', 56, 'UTJ NORTHWEST NV 03/02 DI TRANSFER KE PEMILIK', 'Debit', 10000000, 11),
(343, 'JU189', '2023-12-13', '2023-12-05', 10, 'UTJ NORTHWEST NV 03/02 DI TRANSFER KE PEMILIK', 'Kredit', 10000000, 11),
(344, 'JU190', '2023-12-13', '2023-12-06', 40, 'UTJ SEWA 1 TAHUN NORTHWEST NV 11/27', 'Kredit', 40000000, 11),
(345, 'JU191', '2023-12-13', '2023-12-06', 10, 'UTJ SEWA 1 TAHUN NORTHWEST NV 11/27', 'Debit', 40000000, 11),
(346, 'JU192', '2023-12-13', '2023-12-06', 55, 'UTJ SEWA TANAH DIAMOND HILL DR 1 NO 9 DITRANSFER KE PEMILIK', 'Debit', 75000000, 11),
(347, 'JU193', '2023-12-13', '2023-12-06', 10, 'UTJ SEWA TANAH DIAMOND HILL DR 1 NO 9 DITRANSFER KE PEMILIK', 'Kredit', 75000000, 11),
(348, 'JU194', '2023-12-13', '2023-12-06', 40, 'UTJ RUKO NORTHWEST BOULEVARD  NV 11/27', 'Debit', 5000000, 11),
(349, 'JU195', '2023-12-13', '2023-12-06', 10, 'UTJ RUKO NORTHWEST BOULEVARD  NV 11/27', 'Kredit', 5000000, 11),
(350, 'JU196', '2023-12-13', '2023-12-06', 54, 'KARANGAN BUNGA PEMBUKAAN MIE BEAR', 'Debit', 350000, 11),
(351, 'JU197', '2023-12-13', '2023-12-06', 10, 'TITP BAYAR KARANGAN BUNGA PEMBUKAAN MIE BEAR', 'Kredit', 350000, 11),
(352, 'JU198', '2023-12-13', '2023-12-06', 57, 'UTJ GUDANG KEDINDING TENGAH JAYA 2 TIMUR A2-4', 'Kredit', 20000000, 11),
(353, 'JU199', '2023-12-13', '2023-12-06', 10, 'UTJ GUDANG KEDINDING TENGAH JAYA 2 TIMUR A2-4', 'Debit', 20000000, 11),
(354, 'JU200', '2024-01-02', '2023-12-07', 54, 'TITIP BAYAR KARANGAN BUNGA MIE BEAR', 'Kredit', 350000, 11),
(355, 'JU201', '2024-01-02', '2023-12-07', 10, 'TITIP BAYAR KARANGAN BUNGA MIE BEAR', 'Debit', 350000, 11),
(356, 'JU202', '2023-12-13', '2023-12-08', 58, 'UTJ JL KENJERAN NO 88/II', 'Kredit', 9000000, 11),
(357, 'JU203', '2023-12-13', '2023-12-08', 10, 'UTJ JL KENJERAN NO 88/II', 'Debit', 9000000, 11),
(358, 'JU204', '2023-12-13', '2023-12-08', 54, 'TITIP BAYAR PENGURUSAN KLAMPIS JAYA 80 ', 'Debit', 600000, 11),
(359, 'JU205', '2023-12-13', '2023-12-08', 10, 'TITIP BAYAR PENGURUSAN KLAMPIS JAYA 80 ', 'Kredit', 600000, 11),
(361, 'JU206', '2023-12-19', '2023-12-18', 47, 'UTJ TANAH KANDANGAN GRESIK ', 'Kredit', 150000000, 11),
(362, 'JU207', '2023-12-19', '2023-12-12', 125, 'UTJ NORTHWEST NV 11/3,5,6', 'Kredit', 10000000, 11),
(363, 'JU208', '2023-12-19', '2023-12-12', 10, 'UTJ NORTHWEST NV 11/3,5,6', 'Debit', 10000000, 11),
(364, 'JU209', '2023-12-19', '2023-12-12', 46, 'TITIP BIAYA AJB PPAT, BIAYA BALK NAMA, BIAYA PPJB DAN KUASA EMERALD MANSION TN 1/29', 'Kredit', 275000000, 11),
(365, 'JU210', '2023-12-19', '2023-12-12', 10, 'TITIP BIAYA AJB PPAT, BIAYA BALK NAMA, BIAYA PPJB DAN KUASA EMERALD MANSION TN 1/29', 'Debit', 275000000, 11),
(366, 'JU211', '2023-12-19', '2023-12-12', 57, 'UTJ SEWA GUDANG KEDINDING TENGAH JAYA 2 TIMUR A2-4', 'Debit', 12750000, 11),
(367, 'JU212', '2023-12-19', '2023-12-12', 10, 'UTJ SEWA GUDANG KEDINDING TENGAH JAYA 2 TIMUR A2-4', 'Kredit', 12750000, 11),
(368, 'JU213', '2023-12-19', '2023-12-12', 57, 'FEE GUDANG KEDINDING TENGAH JAYA 2 TIMUR A2-4 DIPINDAH KE A&A CV (CABANG)', 'Debit', 7250000, 11),
(370, 'JU214', '2023-12-19', '2023-12-12', 10, 'FEE GUDANG KEDINDING TENGAH JAYA 2 TIMUR A2-4 DIPINDAH KE A&A CV (CABANG)', 'Kredit', 7250000, 11),
(371, 'JU215', '2023-12-19', '2023-12-12', 40, 'DEPOSIT SEWA RUKO NV 11/27', 'Debit', 5000000, 11),
(372, 'JU216', '2023-12-19', '2023-12-12', 10, 'DEPOSIT SEWA RUKO NV 11/27', 'Kredit', 5000000, 11),
(373, 'JU217', '2023-12-19', '2023-12-12', 40, 'PEMBAYARAN TERMIN 1 SEWA RUKO NV 11/27', 'Debit', 33000000, 11),
(374, 'JU218', '2023-12-19', '2023-12-12', 10, 'PEMBAYARAN TERMIN 1 SEWA RUKO NV 11/27', 'Kredit', 33000000, 11),
(375, 'JU219', '2023-12-19', '2023-12-12', 40, 'FEE AGENT TERMIN 1 SEWA RUKO NV 11/27 DIPINDAH KE PUSAT', 'Debit', 2000000, 11),
(376, 'JU220', '2023-12-19', '2023-12-12', 10, 'FEE AGENT TERMIN 1 SEWA RUKO NV 11/27 DIPINDAH KE PUSAT', 'Kredit', 2000000, 11),
(377, 'JU221', '2023-12-19', '2023-12-13', 46, 'TITIP BIAYA PNBP BN 2 SERTIFIKT TN1 NO 29 ', 'Kredit', 5000000, 11),
(378, 'JU222', '2023-12-19', '2023-12-13', 46, 'BAYAR REKOM PERUMNAS HPL TN1 NO 29 KE BANK TITIPAN', 'Kredit', 5000000, 11),
(379, 'JU223', '2023-12-19', '2023-12-13', 10, 'TITIP BIAYA PNBP BN 2 DAN BAYAR REKOM PERUMNAS HPL TN1 NO 29', 'Debit', 10000000, 11),
(380, 'JU224', '2023-12-19', '2023-12-14', 46, 'TITIP BIAYA AJB PPAT, BIAYA BALK NAMA, BIAYA PPJB DAN KUASA EMERALD MANSION TN 1/29', 'Debit', 275000000, 11),
(381, 'JU225', '2023-12-19', '2023-12-14', 10, 'TITIP BIAYA AJB PPAT, BIAYA BALK NAMA, BIAYA PPJB DAN KUASA EMERALD MANSION TN 1/29', 'Kredit', 275000000, 11),
(382, 'JU226', '2023-12-19', '2023-12-14', 58, 'SISA UTJ RUKO KENJERAN 88/II DI TRANSFER KE PEMILIK', 'Debit', 3625000, 11),
(383, 'JU227', '2023-12-19', '2023-12-14', 10, 'SISA UTJ RUKO KENJERAN 88/II DI TRANSFER KE PEMILIK', 'Kredit', 3625000, 11),
(384, 'JU228', '2023-12-19', '2023-12-14', 58, 'FEE AGENT RUKO KENJERAN 88/II DIPINDAH KE CVA&A (PUSAT)', 'Debit', 5000000, 11),
(385, 'JU229', '2023-12-19', '2023-12-14', 10, 'FEE AGENT RUKO KENJERAN 88/II DIPINDAH KE CVA&A (PUSAT)', 'Kredit', 5000000, 11),
(386, 'JU230', '2023-12-19', '2023-12-14', 58, 'TITIP BAYAR BIAYA NOTARIS PEMILIK RUKO KENJERAN 88/II', 'Debit', 375000, 11),
(387, 'JU231', '2023-12-19', '2023-12-14', 10, 'TITIP BAYAR BIAYA NOTARIS PEMILIK RUKO KENJERAN 88/II', 'Kredit', 375000, 11),
(388, 'JU232', '2023-12-19', '2023-12-14', 46, 'TITIP BIAYA PNBP BN SERTIFIKAT TN 1/29', 'Debit', 5000000, 11),
(389, 'JU233', '2023-12-19', '2023-12-14', 10, 'TITIP BIAYA PNBP BN SERTIFIKAT TN 1/29', 'Kredit', 5000000, 11),
(390, 'JU234', '2023-12-19', '2023-12-18', 10, 'UTJ TANAH KANDANGAN GRESIK ', 'Debit', 150000000, 11),
(391, 'JU235', '2023-12-19', '2023-12-18', 126, 'UTJ RUMAH PRAMBANAN EC', 'Kredit', 10000000, 11),
(392, 'JU236', '2023-12-19', '2023-12-18', 10, 'UTJ RUMAH PRAMBANAN EC', 'Debit', 10000000, 11),
(393, 'JU237', '2023-12-21', '2023-12-19', 47, 'BAYA PENGURUSN SPLITZING SERTFIKAT TANAH KANDANGAN GRESIK', 'Debit', 45500000, 11),
(394, 'JU238', '2023-12-21', '2023-12-19', 10, 'BAYA PENGURUSN SPLITZING SERTFIKAT TANAH KANDANGAN GRESIK', 'Kredit', 45500000, 11),
(395, 'JU239', '2023-12-21', '2023-12-20', 125, 'UTJ RUKO NORTHWEST NV 11 NO 3,5 & 6 DITRANSFER KE PEMILIK', 'Debit', 10000000, 11),
(396, 'JU240', '2023-12-21', '2023-12-20', 10, 'UTJ RUKO NORTHWEST NV 11 NO 3,5 & 6 DITRANSFER KE PEMILIK', 'Kredit', 10000000, 11),
(398, 'JU241', '2023-12-26', '2023-12-25', 177, 'PERPANJANGAN SEWA RUMAH ROYAL RESIDENCE B19 NO 312', 'Kredit', 10000000, 11),
(399, 'JU242', '2023-12-26', '2023-12-25', 10, 'PERPANJANGAN SEWA RUMAH ROYAL RESIDENCE B19 NO 312', 'Debit', 10000000, 11),
(400, 'JU243', '2023-12-29', '2023-12-28', 177, 'PERPANJANGAN SEWA RUMAH ROYAL RESIDENCE BLOK B19 NO 312 DITRANSFER KE PEMILIK', 'Debit', 8600000, 11),
(401, 'JU244', '2023-12-29', '2023-12-28', 10, 'PERPANJANGAN SEWA RUMAH ROYAL RESIDENCE BLOK B19 NO 312 DITRANSFER KE PEMILIK', 'Kredit', 8600000, 11),
(402, 'JU245', '2023-12-29', '2023-12-28', 177, 'FEE PERPANJANGAN SEWA RUMAH ROYAL RESIDENCE B19 NO 312 DITRANSFER KE CABANG (VISION)', 'Debit', 1400000, 11),
(403, 'JU246', '2023-12-29', '2023-12-28', 10, 'FEE PERPANJANGAN SEWA RUMAH ROYAL RESIDENCE B19 NO 312 DITRANSFER KE CABANG (VISION)', 'Kredit', 1400000, 11),
(411, 'JU247', '2024-01-02', '2023-12-31', 179, 'UTJ KAVLING GRAND EASTWOOD EW5/80', 'Kredit', 25000000, 11),
(412, 'JU248', '2024-01-02', '2023-12-31', 10, 'UTJ KAVLING GRAND EASTWOOD EW5/80', 'Debit', 25000000, 11),
(413, 'JU249', '2024-01-02', '2023-12-31', 179, 'UTJ KAVLING GRAND EASTWOOD EW5/80', 'Debit', 25000000, 11),
(414, 'JU250', '2024-01-02', '2023-12-31', 10, 'UTJ KAVLING GRAND EASTWOOD EW5/80', 'Kredit', 25000000, 11),
(415, 'JU251', '2024-01-02', '2023-12-31', 31, 'BIAYA ADMIN', 'Debit', 32500, 11),
(416, 'JU252', '2024-01-02', '2023-12-31', 10, 'BIAYA ADMIN', 'Kredit', 32500, 11),
(417, 'JU253', '2024-01-02', '2023-12-31', 48, 'BUNGA BANK', 'Kredit', 58904.28, 11),
(418, 'JU254', '2024-01-02', '2023-12-31', 10, 'BUNGA BANK', 'Debit', 58904.28, 11),
(419, 'JU255', '2024-01-02', '2023-12-31', 50, 'PAJAK BUNGA', 'Debit', 11780.86, 11),
(420, 'JU256', '2024-01-02', '2023-12-31', 10, 'PAJAK BUNGA', 'Kredit', 11780.86, 11),
(421, 'JU257', '2024-01-02', '2023-12-09', 54, 'TITIP BAYAR KERAMIK PC 9 NO 11', 'Kredit', 4000000, 11),
(422, 'JU258', '2024-01-02', '2023-12-09', 10, 'TITIP BAYAR KERAMIK PC 9 NO 11', 'Debit', 4000000, 11),
(423, 'JU259', '2024-01-05', '2024-01-03', 16, 'FEE TRANSAKSI JUAL BELI RUMAH WISATA BUKIT SENTUL BLOK A1/15 LAWANG MALANG DI TF E REK VS LAMA', 'Debit', 12000000, 11),
(424, 'JU260', '2024-01-05', '2024-01-03', 10, 'FEE TRANSAKSI JUAL BELI RUMAH WISATA BUKIT SENTUL BLOK A1/15 LAWANG MALANG DI TF E REK VS LAMA', 'Kredit', 12000000, 11),
(425, 'JU261', '2024-01-06', '2024-01-05', 54, 'TITIP BAYAR TAGIHAN PLN A. YANI NO 234 BULAN DESEMBER', 'Kredit', 2518112, 11),
(426, 'JU262', '2024-01-06', '2024-01-05', 10, 'TITIP BAYAR TAGIHAN PLN A. YANI NO 234 BULAN DESEMBER', 'Debit', 2518112, 11),
(427, '0', '2024-01-09', '2024-01-01', 0, 'Saldo Awal Januari', '', 1733062787.14, 0),
(428, '0', '2024-01-09', '2024-01-01', 0, 'Saldo Awal BT Januari', '', 302449806.06, 0),
(429, '0', '2024-01-09', '2024-01-01', 0, 'Saldo Awal UTJ Januari', '', 297971602, 0),
(430, 'JU263', '2024-01-09', '2024-01-06', 126, 'FEE AGENT PRAMBANAN RESIDENCE EC/20 DI TRANSFER KE VISION', 'Debit', 4000000, 11),
(431, 'JU264', '2024-01-09', '2024-01-06', 10, 'FEE AGENT PRAMBANAN RESIDENCE EC/20 DI TRANSFER KE VISION', 'Kredit', 4000000, 11),
(432, '0', '2024-01-09', '2024-01-01', 0, 'Saldo Awal Bank Fee Januari', '', 308443717.03, 0),
(433, 'JU265', '2024-01-10', '2024-01-06', 54, 'TITIP BAYAR TAGIHAN PLN A. YANI NO 234 BULAN DESEMBER', 'Debit', 2518112, 11),
(434, 'JU266', '2024-01-10', '2024-01-06', 54, 'TITIP BAYAR TAGIHAN PLN A. YANI NO 234 BULAN NOVEMBER', 'Debit', 2718112, 11),
(435, 'JU267', '2024-01-10', '2024-01-06', 10, 'TITIP BAYAR TAGIHAN PLN A. YANI NO 234 BULAN DESEMBER DAN NOVEMBER', 'Kredit', 5242224, 11),
(436, 'JU268', '2024-01-10', '2024-01-09', 180, 'UTJ JUAL BELI LELANG BUKIT GOLF M2/3 CITRALAND', 'Kredit', 50000000, 11),
(437, 'JU269', '2024-01-10', '2024-01-09', 10, 'UTJ JUAL BELI LELANG BUKIT GOLF M2/3 CITRALAND', 'Debit', 50000000, 11),
(438, 'JU270', '2024-01-10', '2024-01-06', 31, 'BI ADMIN BANK TITIP BAYAR PLN A YANI NO 234', 'Debit', 6000, 11),
(439, 'JU271', '2024-01-10', '2024-01-10', 54, 'TITIP BAYAR TAGIHAN PLN A. YANI NO 234 BULAN NOVEMBER', 'Kredit', 2718112, 11),
(440, 'JU272', '2024-01-10', '2024-01-10', 10, 'TITIP BAYAR TAGIHAN PLN A. YANI NO 234 BULAN NOVEMBER', 'Debit', 2718112, 11),
(442, 'JU273', '2024-01-10', '2024-01-03', 175, 'PERJANJIAN KERJASAMA BP AKR A. YANI 234', 'Debit', 6000000, 11),
(447, 'JU274', '2024-01-10', '2024-01-03', 167, 'PERJANJIAN KERJASAMA BP AKR A. YANI 234', 'Kredit', 6000000, 11),
(448, 'JU275', '2024-01-10', '2024-01-03', 79, 'BI INDIHOME TELKOM PUSAT', 'Debit', 364187, 11),
(449, 'JU276', '2024-01-10', '2024-01-03', 175, 'BI INDIHOME TELKOM PUSAT', 'Kredit', 364187, 11),
(450, 'JU277', '2024-01-10', '2024-01-03', 79, 'BI PLN PUSAT', 'Debit', 1170645, 11),
(452, 'JU278', '2024-01-10', '2024-01-03', 164, 'TITIP BAYAR PLN VISION DESEMBER', 'Debit', 1170645, 11),
(453, 'JU279', '2024-01-10', '2024-01-03', 164, 'TITIP BAYAR PLN HAPPY MOM DESEMBER', 'Debit', 1170645, 11),
(454, 'JU280', '2024-01-10', '2024-01-03', 175, 'BI PLN PUSAT VISION HAPPY MOM', 'Kredit', 3511935, 11),
(455, 'JU281', '2024-01-10', '2024-01-03', 78, 'BI PLN DPT 1', 'Debit', 1713984, 11),
(456, 'JU282', '2024-01-10', '2024-01-03', 175, 'BI PLN DPT 1', 'Kredit', 1713984, 11),
(457, 'JU283', '2024-01-10', '2024-01-03', 78, 'BI PLN DPT 2', 'Debit', 2001171, 11),
(458, 'JU284', '2024-01-10', '2024-01-03', 175, 'BI PLN DPT 2', 'Kredit', 2001171, 11),
(459, 'JU285', '2024-01-26', '2024-01-03', 93, 'BI BPJS EMAK', 'Debit', 102500, 11),
(460, 'JU286', '2024-01-10', '2024-01-03', 175, 'BI BPJS EMAK', 'Kredit', 102500, 11),
(461, 'JU287', '2024-01-26', '2024-01-03', 93, 'BI BPJS BAPAK IBU AXEL', 'Debit', 452500, 11),
(462, 'JU288', '2024-01-10', '2024-01-03', 175, 'BI BPJS BAPAK IBU AXEL', 'Kredit', 452500, 11),
(463, 'JU289', '2024-01-10', '2024-01-03', 77, 'BI PDAM PUSAT', 'Debit', 51214, 11),
(464, 'JU290', '2024-01-10', '2024-01-03', 164, 'TITIP BAYAR PDAM VISION DESEMBER', 'Debit', 51213, 11),
(465, 'JU291', '2024-01-10', '2024-01-03', 164, 'TITIP BAYAR PDAM HAPPY MOM DESEMBER', 'Debit', 51213, 11),
(466, 'JU292', '2024-01-10', '2024-01-03', 175, 'BI PDAM PUSAT VISION HAPPY MOM BLN DESEMBER', 'Kredit', 153640, 11),
(467, 'JU293', '2024-01-10', '2024-01-03', 77, 'BI PDAM PUSAT', 'Debit', 281440, 11),
(468, 'JU294', '2024-01-10', '2024-01-03', 175, 'BI PDAM PUSAT', 'Kredit', 281440, 11),
(469, 'JU295', '2024-01-10', '2024-01-03', 79, 'BI BIZNET PUSAT', 'Debit', 157250, 11),
(470, 'JU296', '2024-01-10', '2024-01-03', 164, 'TITIP BAYAR BIZNET VISION DESEMBER', 'Debit', 157250, 11),
(471, 'JU297', '2024-01-10', '2024-01-03', 164, 'TITIP BAYAR BIZNET HAPPY MOM DESEMBER', 'Debit', 157250, 11),
(472, 'JU298', '2024-01-10', '2024-01-03', 175, 'BI BIZNET PUSAT VISION HAPPY MOM BLN DESEMBER', 'Kredit', 471750, 11),
(473, 'JU299', '2024-01-10', '2024-01-03', 79, 'BI BIZNET LT 3', 'Debit', 832500, 11),
(474, 'JU300', '2024-01-10', '2024-01-03', 175, 'BI BIZNET LT 3', 'Kredit', 832500, 11),
(475, 'JU301', '2024-01-10', '2024-01-03', 72, 'BI MOELJATI', 'Debit', 750000, 11),
(476, 'JU302', '2024-01-10', '2024-01-03', 175, 'BI MOELJATI', 'Kredit', 750000, 11),
(477, 'JU303', '2024-01-25', '2024-01-03', 106, 'BI ADMIN BANK MOELJATI', 'Debit', 2500, 11),
(478, 'JU304', '2024-01-10', '2024-01-03', 175, 'BI ADMIN BANK MOELJATI', 'Kredit', 2500, 11),
(479, 'JU305', '2024-01-10', '2024-01-03', 79, 'BI MYREPUBLIC PUSAT', 'Debit', 736500, 11),
(480, 'JU306', '2024-01-10', '2024-01-03', 175, 'BI MYREPUBLIC PUSAT', 'Kredit', 736500, 11),
(481, 'JU307', '2024-01-10', '2024-01-03', 77, 'BI PDAM JADE HAMLET', 'Debit', 23000, 11),
(483, 'JU308', '2024-01-10', '2024-01-03', 175, 'BI PDAM JADE HAMLET', 'Kredit', 23000, 11),
(484, 'JU309', '2024-01-10', '2024-01-04', 157, 'BI KONSUMSI DIREKSI', 'Debit', 1399500, 11),
(485, 'JU310', '2024-01-10', '2024-01-04', 175, 'BI KONSUMSI DIREKSI', 'Kredit', 1399500, 11),
(486, 'JU311', '2024-01-10', '2024-01-04', 128, 'BI PARKIR DIREKSI', 'Debit', 10000, 11),
(487, 'JU312', '2024-01-10', '2024-01-04', 175, 'BI PARKIR DIREKSI', 'Kredit', 10000, 11),
(488, 'JU313', '2024-01-10', '2024-01-04', 127, 'BI BENSIN DIREKSI', 'Debit', 609206, 11),
(489, 'JU314', '2024-01-10', '2024-01-04', 175, 'BI BENSIN DIREKSI', 'Kredit', 609206, 11),
(490, 'JU315', '2024-01-10', '2024-01-04', 157, 'BI KONSUMSI DIREKSI', 'Debit', 2146745, 11),
(491, 'JU316', '2024-01-10', '2024-01-04', 175, 'BI KONSUMSI DIREKSI', 'Kredit', 2146745, 11),
(492, 'JU317', '2024-01-10', '2024-01-04', 117, 'BI PENGOBATAN DIREKSI', 'Debit', 787600, 11),
(493, 'JU318', '2024-01-10', '2024-01-04', 175, 'BI PENGOBATAN DIREKSI', 'Kredit', 787600, 11),
(494, 'JU319', '2024-01-11', '2024-01-10', 28, 'FEE TRANSAKSI SEWA RUKO CROWN SOHO BS10/60 DI TRANSFER KE VISION', 'Debit', 7000000, 11),
(495, 'JU320', '2024-01-11', '2024-01-10', 10, 'FEE TRANSAKSI SEWA RUKO CROWN SOHO BS10/60 DI TRANSFER KE VISION', 'Kredit', 7000000, 11),
(496, 'JU321', '2024-01-11', '2024-01-10', 126, 'UTJ RUMAH PRAMBANAN RESIDENCE EC-20 DITRANSFER KE BAMBANG ADRIANTO', 'Debit', 6000000, 11),
(497, 'JU322', '2024-01-11', '2024-01-10', 10, 'UTJ RUMAH PRAMBANAN RESIDENCE EC-20 DITRANSFER KE BAMBANG ADRIANTO', 'Kredit', 6000000, 11),
(498, 'JU323', '2024-01-11', '2024-01-10', 57, 'TERMIN 2 UTJ GUDANG KEDINDING TENGAH JAYA 2 TIMUR A2-4', 'Kredit', 125000000, 11),
(499, 'JU324', '2024-01-11', '2024-01-10', 10, 'TERMIN 2 UTJ GUDANG KEDINDING TENGAH JAYA 2 TIMUR A2-4', 'Debit', 125000000, 11),
(500, 'JU325', '2024-01-11', '2024-01-10', 180, 'PENGEMBALIAN UANG KESERIUSAN PEMBELIAN RUMAH BUKIT GOLF BLOK M2/3', 'Debit', 50000000, 11),
(501, 'JU326', '2024-01-11', '2024-01-10', 10, 'PENGEMBALIAN UANG KESERIUSAN PEMBELIAN RUMAH BUKIT GOLF BLOK M2/3', 'Kredit', 50000000, 11),
(502, 'JU327', '2024-01-12', '2024-01-04', 120, 'BI ABONEMEN 6 BULAN 082177777544', 'Debit', 444000, 11),
(503, 'JU328', '2024-01-12', '2024-01-04', 175, 'BI ABONEMEN 6 BULAN 082177777544', 'Kredit', 444000, 11),
(504, 'JU329', '2024-01-12', '2024-01-04', 120, 'BI ABONEMEN 6 BULAN 082130000565', 'Debit', 444000, 11),
(505, 'JU330', '2024-01-12', '2024-01-04', 175, 'BI ABONEMEN 6 BULAN 082130000565', 'Kredit', 444000, 11),
(506, 'JU331', '2024-01-12', '2024-01-04', 120, 'BI ABONEMEN 6 BULAN 085363646566', 'Debit', 444000, 11),
(507, 'JU332', '2024-01-12', '2024-01-04', 175, 'BI ABONEMEN 6 BULAN 085363646566', 'Kredit', 444000, 11),
(508, 'JU333', '2024-01-12', '2024-01-04', 181, 'BI PULSA BULANAN YENNY LEGAL PUSAT', 'Debit', 13000, 11),
(509, 'JU334', '2024-01-12', '2024-01-04', 120, 'BI PULSA BULANAN PRIMARY', 'Debit', 36000, 11),
(510, 'JU335', '2024-01-12', '2024-01-04', 120, 'BI PULSA BULANAN ADMIN GUN/ANA', 'Debit', 13000, 11),
(511, 'JU336', '2024-01-12', '2024-01-04', 120, 'BI PULSA BULANAN TINA ADMIN GUN/ANA', 'Debit', 33000, 11),
(513, 'JU337', '2024-01-12', '2024-01-04', 120, 'BI PULSA BULANAN ADMIN GUN/ANA NIRMALA', 'Debit', 13000, 11),
(514, 'JU338', '2024-01-12', '2024-01-04', 120, 'BI PULSA BULANAN ADMIN GUN/ANA', 'Debit', 13000, 11),
(515, 'JU339', '2024-01-12', '2024-01-04', 181, 'BI PULSA BULANAN ACCOUNTING', 'Debit', 13000, 11),
(516, 'JU340', '2024-01-12', '2024-01-04', 181, 'BI PULSA BULANAN KEUANGAN', 'Debit', 13000, 11),
(517, 'JU341', '2024-01-12', '2024-01-04', 181, 'BI PULSA BULANAN PUTRI LEGAL PUSAT', 'Debit', 13000, 11),
(518, 'JU342', '2024-01-12', '2024-01-04', 181, 'BI PULSA BULANAN YUDYA KREATIF', 'Debit', 13000, 11),
(519, 'JU343', '2024-01-25', '2024-01-04', 106, 'BIAYA ADMIN SHOPEEPAY', 'Debit', 1000, 11),
(520, 'JU344', '2024-01-12', '2024-01-04', 175, 'BI PULSA BULANAN', 'Kredit', 174000, 11),
(521, 'JU345', '2024-01-12', '2024-01-11', 47, 'PEMBAYARAN BIAYA PENGURUSAN PTP & PNBP TRANSAKSI JUAL BELI TANAH KANDANGAN CERME GERESIK', 'Debit', 36765000, 11),
(522, 'JU346', '2024-01-12', '2024-01-11', 10, 'PEMBAYARAN BIAYA PENGURUSAN PTP & PNBP TRANSAKSI JUAL BELI TANAH KANDANGAN CERME GERESIK', 'Kredit', 36765000, 11),
(523, 'JU347', '2024-01-12', '2024-01-11', 31, 'BIAYA ADMIN BANK', 'Debit', 2500, 11),
(524, 'JU348', '2024-01-12', '2024-01-11', 10, 'BIAYA ADMIN BANK', 'Kredit', 2500, 11),
(525, 'JU349', '2024-01-12', '2024-01-04', 119, 'BI TELP PAK JEFFRY', 'Debit', 119550, 11),
(526, 'JU350', '2024-01-12', '2024-01-04', 175, 'BI TELP PAK JEFFRY', 'Kredit', 119550, 11),
(527, 'JU351', '2024-01-12', '2024-01-04', 119, 'BI TELP ELINA', 'Debit', 91800, 11),
(528, 'JU352', '2024-01-12', '2024-01-04', 175, 'BI TELP ELINA', 'Kredit', 91800, 11),
(529, 'JU353', '2024-01-12', '2024-01-04', 119, 'BI TELP FENNY', 'Debit', 141750, 11),
(530, 'JU354', '2024-01-12', '2024-01-04', 175, 'BI TELP FENNY', 'Kredit', 141750, 11),
(531, 'JU355', '2024-01-12', '2024-01-04', 181, 'BI TELP HRD', 'Debit', 91800, 11),
(532, 'JU356', '2024-01-12', '2024-01-04', 175, 'BI TELP HRD', 'Kredit', 91800, 11),
(533, 'JU357', '2024-01-12', '2024-01-04', 122, 'BI TELP BU ANA', 'Debit', 855924, 11),
(534, 'JU358', '2024-01-12', '2024-01-04', 175, 'BI TELP BU ANA', 'Kredit', 855924, 11),
(535, 'JU359', '2024-01-12', '2024-01-04', 121, 'BI TELP PAK GUN', 'Debit', 759995, 11),
(536, 'JU360', '2024-01-12', '2024-01-04', 175, 'BI TELP PAK GUN', 'Kredit', 759995, 11),
(537, 'JU361', '2024-01-20', '2024-01-04', 175, 'PEMBAYARAN PPH 21  BLN DES INSENTIF BU JULIA', 'Debit', 99396, 11),
(538, 'JU362', '2024-01-20', '2024-01-04', 186, 'PEMBAYARAN PPH 21 BLN DES INSENTIF BU JULIA ', 'Kredit', 99396, 11),
(539, 'JU363', '2024-01-12', '2024-01-05', 104, 'PPH 23 BULAN DESEMBER 2023', 'Debit', 63750, 11),
(540, 'JU364', '2024-01-12', '2024-01-05', 175, 'PPH 23 BULAN DESEMBER 2023', 'Kredit', 63750, 11),
(541, 'JU365', '2024-01-26', '2024-01-05', 102, 'PPH 25 BULAN DESEMBER 2023', 'Debit', 2646481, 11),
(542, 'JU366', '2024-01-12', '2024-01-05', 175, 'PPH 25 BULAN DESEMBER 2023', 'Kredit', 2646481, 11),
(543, 'JU367', '2024-01-12', '2024-01-05', 103, 'PPH 21 BULAN DESEMBER 2023', 'Debit', 4670817, 11),
(544, 'JU368', '2024-01-12', '2024-01-05', 175, 'PPH 21 BULAN DESEMBER 2023', 'Kredit', 4670817, 11),
(545, 'JU369', '2024-01-12', '2024-01-05', 157, 'BI KONSUMSI DIREKSI', 'Debit', 1851300, 11),
(546, 'JU370', '2024-01-12', '2024-01-05', 175, 'BI KONSUMSI DIREKSI', 'Kredit', 1851300, 11),
(547, 'JU371', '2024-01-12', '2024-01-05', 128, 'BI PARKIR DIREKSI', 'Debit', 10000, 11),
(548, 'JU372', '2024-01-12', '2024-01-05', 175, 'BI PARKIR DIREKSI', 'Kredit', 10000, 11),
(549, 'JU373', '2024-01-12', '2024-01-05', 127, 'BI BENSIN DIREKSI', 'Debit', 150000, 11),
(550, 'JU374', '2024-01-12', '2024-01-05', 175, 'BI BENSIN DIREKSI', 'Kredit', 150000, 11),
(551, 'JU375', '2024-01-12', '2024-01-05', 139, 'BI JAS HUJAN PAK GIYAT STAFF LAPANGAN', 'Debit', 52000, 11),
(552, 'JU376', '2024-01-12', '2024-01-05', 139, 'B TAS RANSEL UNTUK SEMUA STAFF LAPANGAN', 'Debit', 654000, 11),
(553, 'JU377', '2024-01-12', '2024-01-05', 139, 'BI TAS PINGGANG PAK EKO STAFF LAPANGAN', 'Debit', 43500, 11),
(554, 'JU378', '2024-01-12', '2024-01-05', 139, 'BI WATERPROFF CASE HP STAFF LAPANGAN', 'Debit', 28000, 11),
(555, 'JU379', '2024-01-12', '2024-01-05', 139, 'BI PALU PAK EKO STAFF LAPANGAN', 'Debit', 31000, 11),
(556, 'JU380', '2024-01-25', '2024-01-05', 106, 'BI ADMIN SHOPEEPAY', 'Debit', 2000, 11),
(557, 'JU381', '2024-01-12', '2024-01-05', 175, 'BI KEPERLUAN STAFF LAPANGAN', 'Kredit', 810500, 11),
(558, 'JU382', '2024-01-12', '2024-01-06', 115, 'BI KARANGAN BUNGA MIE BEAR', 'Debit', 350000, 11),
(559, 'JU383', '2024-01-12', '2024-01-06', 175, 'BI KARANGAN BUNGA MIE BEAR', 'Kredit', 350000, 11),
(560, 'JU384', '2024-01-12', '2024-01-08', 103, 'TAMBAHAN PPH 21 DESEMBER 2023', 'Debit', 100000, 11),
(561, 'JU385', '2024-01-12', '2024-01-08', 175, 'TAMBAHAN PPH 21 DESEMBER 2023', 'Kredit', 100000, 11),
(562, 'JU386', '2024-01-20', '2024-01-08', 163, 'KLAIM KAS KECIL PUSAT', 'Debit', 1708685, 11),
(563, 'JU387', '2024-01-20', '2024-01-08', 175, 'KLAIM KAS KECIL PUSAT', 'Kredit', 1708685, 11),
(564, 'JU388', '2024-01-15', '2024-01-12', 57, 'PELUNASAN TAHUN KE 2 SEWA GUDANG JL. KEDINDING TENGAH JAYA 2 TIMUR A2-4', 'Debit', 118750000, 11),
(565, 'JU389', '2024-01-15', '2024-01-12', 10, 'PELUNASAN TAHUN KE 2 SEWA GUDANG JL. KEDINDING TENGAH JAYA 2 TIMUR A2-4', 'Kredit', 118750000, 11),
(566, 'JU390', '2024-01-15', '2024-01-12', 57, 'FEE AGENT TAHUN KE 2 SEWA GUDANG KEDINDING TENGAH JAYA 2 TIMUR A2-4 DITRANSFER KE REK VISION', 'Debit', 6250000, 11),
(567, 'JU391', '2024-01-15', '2024-01-12', 10, 'FEE AGENT TAHUN KE 2 SEWA GUDANG KEDINDING TENGAH JAYA 2 TIMUR A2-4 DITRANSFER KE REK VISION', 'Kredit', 6250000, 11),
(568, 'JU392', '2024-01-15', '2024-01-08', 157, 'BI KONSUMSI DIREKSI', 'Debit', 1698400, 11),
(569, 'JU393', '2024-01-15', '2024-01-08', 175, 'BI KONSUMSI DIREKSI', 'Kredit', 1698400, 11),
(570, 'JU394', '2024-01-15', '2024-01-08', 128, 'BI PARKIR DIREKSI', 'Debit', 10000, 11),
(571, 'JU395', '2024-01-15', '2024-01-08', 175, 'BI PARKIR DIREKSI', 'Kredit', 10000, 11),
(572, 'JU396', '2024-01-15', '2024-01-08', 157, 'BI KONSUMSI DIREKSI', 'Debit', 691000, 11),
(573, 'JU397', '2024-01-15', '2024-01-08', 175, 'BI KONSUMSI DIREKSI', 'Kredit', 691000, 11),
(574, 'JU398', '2024-01-15', '2024-01-08', 181, 'BI ABONEMEN 3 BULAN 081277227722 (YENNY LEGAL)', 'Debit', 222000, 11),
(575, 'JU399', '2024-01-15', '2024-01-08', 175, 'BI ABONEMEN 3 BULAN 081277227722 (YENNY LEGAL)', 'Kredit', 222000, 11),
(576, 'JU400', '2024-01-15', '2024-01-08', 120, 'BI ABONEMEN 3 BULAN 082181828384 (APRIL ADMIN GUN/ANA)', 'Debit', 222000, 11),
(577, 'JU401', '2024-01-15', '2024-01-08', 175, 'BI ABONEMEN 3 BULAN 082181828384 (APRIL ADMIN GUN/ANA)', 'Kredit', 222000, 11),
(578, 'JU402', '2024-01-15', '2024-01-08', 72, 'BI PELUNASAN PEMBUATAN PINTU KAMAR MANDI EMAK', 'Debit', 700000, 11),
(579, 'JU403', '2024-01-15', '2024-01-08', 175, 'BANK FEE PUSAT', 'Kredit', 700000, 11),
(580, 'JU404', '2024-01-25', '2024-01-08', 106, 'BI ADMIN BANK SISWANTO', 'Debit', 2500, 11),
(581, 'JU405', '2024-01-15', '2024-01-08', 175, 'BI ADMIN BANK SISWANTO', 'Kredit', 2500, 11),
(582, 'JU406', '2024-01-15', '2024-01-09', 175, 'TERIMA PEMBAYARAN SEWA RUKO VISION BLN JANUARI', 'Debit', 12500000, 11),
(583, 'JU407', '2024-01-15', '2024-01-09', 164, 'TERIMA PEMBAYARAN SEWA RUKO VISION BLN JANUARI', 'Kredit', 12500000, 11),
(584, 'JU408', '2024-01-15', '2024-01-10', 162, 'PRIVE DIREKSI', 'Debit', 50000000, 11),
(585, 'JU409', '2024-01-15', '2024-01-10', 175, 'PRIVE DIREKSI', 'Kredit', 50000000, 11),
(586, 'JU410', '2024-02-22', '2024-01-10', 154, 'BI KONSUMSI DIREKSI', 'Debit', 703700, 11),
(587, 'JU411', '2024-01-15', '2024-01-10', 175, 'BI KONSUMSI DIREKSI', 'Kredit', 703700, 11),
(588, 'JU412', '2024-01-15', '2024-01-10', 133, 'BI BANNER GUN/ANA SURABAYA', 'Debit', 600000, 11),
(589, 'JU413', '2024-01-15', '2024-01-10', 175, 'BI BANNER GUN/ANA SURABAYA', 'Kredit', 600000, 11),
(590, 'JU414', '2024-01-15', '2024-01-10', 157, 'BI E-VISA JEPANG DIREKSI', 'Debit', 200000, 11),
(591, 'JU415', '2024-01-15', '2024-01-10', 175, 'BI E-VISA JEPANG DIREKSI', 'Kredit', 200000, 11),
(592, '0', '2024-01-09', '2024-01-01', 0, 'Saldo Awal Bank Vision New Januari', '', 120709449.73, 0),
(593, 'JU416', '2024-02-26', '2024-01-11', 105, 'PEMBAYARAN SANKSI ADMINISTRASI KETERLAMBATAN PENYAMPAIAN SPT MASA (PPH 25 BADAN) SEPTEMBER 2023', 'Debit', 100000, 11),
(594, 'JU417', '2024-02-26', '2024-01-11', 175, 'PEMBAYARAN SANKSI ADMINISTRASI KETERLAMBATAN PENYAMPAIAN SPT MASA (PPH 25 BADAN) SEPTEMBER 2023', 'Kredit', 100000, 11),
(595, 'JU418', '2024-01-15', '2024-01-11', 181, 'BI ABONEMEN 3 BULAN 085397009700 (ACCOUNTING)', 'Debit', 222000, 11),
(596, 'JU419', '2024-01-15', '2024-01-11', 175, 'BI ABONEMEN 3 BULAN 085397009700 (ACCOUNTING)', 'Kredit', 222000, 11),
(597, 'JU420', '2024-01-15', '2024-01-11', 181, 'BI ABONEMEN 3 BULAN 082277887588 (ROHMAN IT)', 'Debit', 222000, 11),
(598, 'JU421', '2024-01-15', '2024-01-11', 175, 'BI ABONEMEN 3 BULAN 082277887588 (ROHMAN IT)', 'Kredit', 222000, 11),
(599, 'JU422', '2024-01-15', '2024-01-11', 154, 'BI KONSUMSI MARKETING', 'Debit', 328500, 11),
(600, 'JU423', '2024-01-15', '2024-01-11', 175, 'BI KONSUMSI MARKETING', 'Kredit', 328500, 11),
(601, 'JU424', '2024-01-15', '2024-01-11', 154, 'BI KONSUMSI MARKETING', 'Debit', 207000, 11),
(602, 'JU425', '2024-01-15', '2024-01-11', 175, 'BI KONSUMSI MARKETING', 'Kredit', 207000, 11),
(603, 'JU426', '2024-01-15', '2024-01-11', 115, 'BI KEPERLUAN DIREKSI (PEMBELIAN MASKER)', 'Debit', 70000, 11),
(604, 'JU427', '2024-01-15', '2024-01-11', 175, 'BI KEPERLUAN DIREKSI (PEMBELIAN MASKER)', 'Kredit', 70000, 11),
(605, 'JU428', '2024-01-15', '2024-01-11', 115, 'BI KEPERLUAN DIREKSI (SERVICE TAS DIREKSI)', 'Debit', 620000, 11),
(606, 'JU429', '2024-01-15', '2024-01-11', 175, 'BI KEPERLUAN DIREKSI (SERVICE TAS DIREKSI)', 'Kredit', 620000, 11),
(607, 'JU430', '2024-01-15', '2024-01-12', 175, 'PEMBAYARAN PLN VISION BLN DES', 'Debit', 1170645, 11),
(608, 'JU431', '2024-01-15', '2024-01-12', 164, 'PEMBAYARAN PLN VISION BLN DES', 'Kredit', 1170645, 11),
(609, 'JU432', '2024-01-15', '2024-01-12', 175, 'PEMBAYARAN PDAM VISION BLN DES', 'Debit', 51213, 11);
INSERT INTO `jurnal_umum` (`id_jurnal`, `kode_jurnal`, `tgl_input_asli_jurnal`, `tgl_input_jurnal`, `id_bttb`, `keterangan_jurnal`, `jenis_jurnal`, `nominal_jurnal`, `admin_jurnal`) VALUES
(610, 'JU433', '2024-01-15', '2024-01-12', 164, 'PEMBAYARAN PDAM VISION BLN DES', 'Kredit', 51213, 11),
(611, 'JU434', '2024-01-15', '2024-01-12', 175, 'PEMBAYARAN BIZNET VISION BLN DES', 'Debit', 157250, 11),
(612, 'JU435', '2024-01-15', '2024-01-12', 164, 'PEMBAYARAN BIZNET VISION BLN DES', 'Kredit', 157250, 11),
(613, 'JU436', '2024-02-28', '2024-01-03', 182, 'TERIMA TITIPAN PEMBELIAN BANNER IBNU TOHIR (ME) PO 164', 'Debit', 72000, 11),
(614, 'JU437', '2024-02-28', '2024-01-03', 183, 'TERIMA TITIPAN PEMBELIAN BANNER IBNU TOHIR (ME) PO 164', 'Kredit', 72000, 11),
(615, 'JU438', '2024-02-28', '2024-01-03', 182, 'TERIMA TITIPAN PEMBELIAN BANNER TERYAN (ME) PO 165', 'Debit', 30000, 11),
(616, 'JU439', '2024-02-28', '2024-01-03', 183, 'TERIMA TITIPAN PEMBELIAN BANNER TERYAN (ME) PO 165', 'Kredit', 30000, 11),
(617, 'JU440', '2024-01-19', '2024-01-04', 182, 'TERIMA PEMBAYARAN ONGKOS PASANG BANNER LILY TAN (ME)', 'Debit', 10000, 11),
(618, 'JU441', '2024-01-19', '2024-01-04', 183, 'TERIMA PEMBAYARAN ONGKOS PASANG BANNER LILY TAN (ME)', 'Kredit', 10000, 11),
(619, 'JU442', '2024-02-28', '2024-01-05', 182, 'TERIMA TITIPAN PEMBELIAN BANNER TERYAN (ME) PO 166', 'Debit', 30000, 11),
(620, 'JU443', '2024-02-28', '2024-01-05', 183, 'TERIMA TITIPAN PEMBELIAN BANNER TERYAN (ME) PO 166', 'Kredit', 30000, 11),
(621, 'JU444', '2024-01-16', '2024-01-05', 183, 'BI BANNER JUAL 10 PCS PO 164 IBNU TOHIR (ME)', 'Debit', 72000, 11),
(622, 'JU445', '2024-02-09', '2024-01-05', 260, 'BI BANNER PO 164', 'Debit', 22000, 11),
(623, 'JU446', '2024-01-16', '2024-01-05', 182, 'BI BANNER PO 164', 'Kredit', 94000, 11),
(624, 'JU447', '2024-01-16', '2024-01-05', 183, 'BI BANNER PO 165 TERYAN (ME)', 'Debit', 30000, 11),
(625, 'JU448', '2024-02-09', '2024-01-05', 260, 'BI BANNER PO 165', 'Debit', 30000, 11),
(626, 'JU449', '2024-01-16', '2024-01-05', 182, 'BI BANNER PO 165', 'Kredit', 60000, 11),
(627, 'JU450', '2024-01-16', '2024-01-06', 182, 'FEE AGENT PRAMBANAN RESIDENCE EC/20', 'Debit', 4000000, 11),
(628, '0', '2024-01-09', '2024-01-01', 0, 'Saldo Awal Kas Kecil Pusat Januari', '', 677850, 0),
(629, 'JU451', '2024-01-18', '2024-01-16', 185, 'UTJ SEWA RUKO NORTHWEST NV11/7', 'Kredit', 7500000, 11),
(630, 'JU452', '2024-01-18', '2024-01-16', 10, 'UTJ SEWA RUKO NORTHWEST NV11/7', 'Debit', 7500000, 11),
(631, 'JU453', '2024-01-24', '2024-01-17', 185, 'UTJ KE 2 SEWA RUKO NORTHWEST NV11/7', 'Kredit', 7500000, 11),
(632, 'JU454', '2024-01-24', '2024-01-17', 10, 'UTJ KE 2 SEWA RUKO NORTHWEST NV11/7', 'Debit', 7500000, 11),
(633, 'JU455', '2024-01-18', '2024-01-12', 175, 'FEE AGENT TERMIN 2 RUKO KAHURIPAN NO 38 SIDOARJO', 'Debit', 2000000, 11),
(634, 'JU456', '2024-02-03', '2024-01-12', 111, 'FEE AGENT TERMIN 2 RUKO KAHURIPAN NO 38 SIDOARJO KANTOR PUSAT', 'Kredit', 2000000, 11),
(635, 'JU457', '2024-01-18', '2024-01-12', 139, 'BI ORDER KAYU LIST 60 CM', 'Debit', 350000, 11),
(636, 'JU458', '2024-01-18', '2024-01-12', 175, 'BI ORDER KAYU LIST 60 CM', 'Kredit', 350000, 11),
(637, 'JU459', '2024-01-18', '2024-01-15', 175, 'MAGANG 2024 (YUHUU)', 'Debit', 500000, 11),
(638, 'JU460', '2024-01-18', '2024-01-15', 167, 'MAGANG 2024 (YUHUU)', 'Kredit', 500000, 11),
(639, 'JU461', '2024-01-18', '2024-01-17', 139, 'BI KEURANGAN ORDER KAYU LIST 60 CM', 'Debit', 25000, 11),
(640, 'JU462', '2024-01-18', '2024-01-17', 175, 'BI KEKURANGAN ORDER KAYU LIST 60 CM', 'Kredit', 25000, 11),
(641, 'JU463', '2024-01-20', '2024-01-17', 163, 'KLAIM KAS KECIL PUSAT', 'Debit', 1983000, 11),
(642, 'JU464', '2024-01-20', '2024-01-17', 175, 'KLAIM KAS KECIL PUSAT', 'Kredit', 1983000, 11),
(643, 'JU465', '2024-01-18', '2024-01-17', 89, 'BI IURAN JADE HAMLET SILVER BLOK A-9 BLN JANUARI 2024', 'Debit', 200000, 11),
(644, 'JU466', '2024-01-18', '2024-01-17', 175, 'BI IURAN JADE HAMLET SILVER BLOK A-9 BLN JANUARI 2024', 'Kredit', 200000, 11),
(645, 'JU467', '2024-01-25', '2024-01-17', 106, 'BI ADMIN BANK LEYEN GOSWATI', 'Debit', 2500, 11),
(646, 'JU468', '2024-01-18', '2024-01-17', 175, 'BI ADMIN BANK LEYEN GOSWATI', 'Kredit', 2500, 11),
(647, 'JU469', '2024-01-18', '2024-01-17', 162, 'PRIVE DIREKSI', 'Debit', 30000000, 11),
(648, 'JU470', '2024-01-18', '2024-01-17', 175, 'PRIVE DIREKSI', 'Kredit', 30000000, 11),
(649, 'JU471', '2024-01-18', '2024-01-17', 119, 'BI TELP BU JULIA', 'Debit', 113694, 11),
(650, 'JU472', '2024-01-18', '2024-01-17', 175, 'BI TELP BU JULIA', 'Kredit', 113694, 11),
(651, 'JU473', '2024-01-18', '2024-01-17', 119, 'BI TELP ELINA', 'Debit', 91800, 11),
(652, 'JU474', '2024-01-18', '2024-01-17', 175, 'BI TELP ELINA', 'Kredit', 91800, 11),
(653, 'JU475', '2024-01-18', '2024-01-17', 119, 'BI TELP ASMI', 'Debit', 91800, 11),
(654, 'JU476', '2024-01-18', '2024-01-17', 175, 'BI TELP ASMI', 'Kredit', 91800, 11),
(655, 'JU477', '2024-01-18', '2024-01-17', 181, 'BI TELP HOTLINE', 'Debit', 140138, 11),
(656, 'JU478', '2024-01-18', '2024-01-17', 175, 'BI TELP HOTLINE', 'Kredit', 140138, 11),
(658, 'JU479', '2024-01-18', '2024-01-17', 175, 'PEMINDAHBUKUAN CABANG VISION KE PUSAT', 'Debit', 6951150, 11),
(659, 'JU480', '2024-01-18', '2024-01-17', 168, 'PEMINDAHBUKUAN CABANG VISION KE PUSAT', 'Kredit', 6951150, 11),
(660, 'JU481', '2024-02-09', '2024-01-06', 238, 'FEE AGENT PRAMBANAN RESIDENCE EC/20 IBNU TOHIR', 'Kredit', 1200000, 11),
(661, 'JU482', '2024-02-09', '2024-01-06', 238, 'FEE AGENT PRAMBANAN RESIDENCE EC/20 ANITA TERESIA', 'Kredit', 1000000, 11),
(662, 'JU483', '2024-02-09', '2024-01-06', 237, 'FEE AGENT PRAMBANAN RESIDENCE EC/20 KANTOR VISION', 'Kredit', 1800000, 11),
(663, 'JU484', '2024-02-28', '2024-01-06', 182, 'TERIMA TITIPAN PEMBELIAN BANNER TERYAN (ME) PO167', 'Debit', 15000, 11),
(664, 'JU485', '2024-02-28', '2024-01-06', 183, 'TERIMA TITIPAN PEMBELIAN BANNER TERYAN (ME) PO 167', 'Kredit', 15000, 11),
(665, 'JU486', '2024-02-09', '2024-01-06', 238, 'FEE AGENT PRAMBANAN RESIDENCE EC/20 IBNU TOHIR', 'Debit', 1200000, 11),
(666, 'JU487', '2024-01-18', '2024-01-06', 103, 'PPH 21 FEE AGENT PRAMBANAN RESIDENCE EC/20 IBNU TOHIR', 'Kredit', 29250, 11),
(667, 'JU488', '2024-02-23', '2024-01-06', 237, 'BI ADM 2,5%', 'Kredit', 30000, 11),
(668, 'JU489', '2024-01-18', '2024-01-06', 182, 'FEE AGENT PRAMBANAN RESIDENCE EC/20 IBNU TOHIR', 'Kredit', 1140750, 11),
(669, 'JU490', '2024-02-09', '2024-01-06', 238, 'FEE AGENT PRAMBANAN RESIDENCE EC/20 ANITA TERESIA', 'Debit', 1000000, 11),
(670, 'JU491', '2024-01-18', '2024-01-06', 103, 'PPH 21 FEE AGENT PRAMBANAN RESIDENCE EC/20 ANITA TERESIA', 'Kredit', 25000, 11),
(671, 'JU492', '2024-01-18', '2024-01-06', 182, 'FEE AGENT PRAMBANAN RESIDENCE EC/20 ANITA TERESIA', 'Kredit', 975000, 11),
(672, 'JU493', '2024-02-09', '2024-01-06', 232, 'FEE CMO PRAMBANAN RESIDENCE EC/20 JONATAN/LYDIA', 'Debit', 40000, 11),
(673, 'JU494', '2024-02-02', '2024-01-06', 103, 'PPH 21 FEE CMO PRAMBANAN RESIDENCE EC/20 JONATAN/LYDIA', 'Kredit', 1000, 11),
(674, 'JU495', '2024-01-18', '2024-01-06', 182, 'FEE CMO PRAMBANAN RESIDENCE EC/20 JONATAN/LYDIA', 'Kredit', 39000, 11),
(675, 'JU496', '2024-02-09', '2024-01-06', 232, 'FEE CMO PRAMBANAN RESIDENCE EC/20 JULIA', 'Debit', 50000, 11),
(676, 'JU497', '2024-01-18', '2024-01-06', 103, 'PPH 21 FEE CMO PRAMBANAN RESIDENCE EC/20 JULIA', 'Kredit', 1250, 11),
(677, 'JU498', '2024-01-18', '2024-01-06', 182, 'FEE CMO PRAMBANAN RESIDENCE EC/20 JULIA', 'Kredit', 48750, 11),
(678, 'JU499', '2024-02-28', '2024-01-08', 182, 'TERIMA TITIPAN PEMBELIAN BANNER TERYAN (ME) PO 168', 'Debit', 30000, 11),
(679, 'JU500', '2024-02-28', '2024-01-08', 183, 'TERIMA TITIPAN PEMBELIAN BANNER TERYAN (ME) PO 168', 'Kredit', 30000, 11),
(680, 'JU501', '2024-02-09', '2024-01-09', 212, 'BI KEY BCA', 'Debit', 50000, 11),
(681, 'JU502', '2024-01-18', '2024-01-09', 182, 'BI KEY BCA', 'Kredit', 50000, 11),
(682, 'JU503', '2024-01-18', '2024-01-09', 182, 'FEE AGENT CROWN SOHO BS10 NO 60 ROYAL RESIDENCE', 'Debit', 3000000, 11),
(683, 'JU504', '2024-02-09', '2024-01-09', 237, 'FEE AGENT CROWN SOHO BS10 NO 60 ROYAL RESIDENCE KANTOR VISION', 'Kredit', 2200000, 11),
(684, 'JU505', '2024-02-09', '2024-01-09', 238, 'FEE AGENT CROWN SOHO BS10 NO 60 ROYAL RESIDENCE INDRI', 'Kredit', 800000, 11),
(685, 'JU506', '2024-02-28', '2024-01-09', 182, 'TERIMA TITIPAN PEMBELIAN BANNER YUHUU (ME) PO 168', 'Debit', 337500, 11),
(686, 'JU507', '2024-02-28', '2024-01-09', 183, 'TERIMA TITIPAN PEMBELIAN BANNER YUHUU (ME) PO 168', 'Kredit', 337500, 11),
(687, 'JU508', '2024-02-28', '2024-01-09', 182, 'TERIMA TITIPAN PEMBELIAN BANNER LILY TAN (ME) PO 168', 'Debit', 41800, 11),
(688, 'JU509', '2024-02-28', '2024-01-09', 183, 'TERIMA TITIPAN PEMBELIAN BANNER LILY TAN (ME) PO 168', 'Kredit', 41800, 11),
(689, 'JU510', '2024-02-09', '2024-01-09', 231, 'BI SEWA RUKO VISION BLN JANUARI', 'Debit', 12500000, 11),
(690, 'JU511', '2024-01-18', '2024-01-09', 182, 'BI SEWA RUKO VISION BLN JANUARI', 'Kredit', 12500000, 11),
(691, 'JU512', '2024-02-09', '2024-01-09', 260, 'BI BANNER PO 166', 'Debit', 30000, 11),
(692, 'JU513', '2024-01-18', '2024-01-09', 183, 'BI BANNER PO 166 (ME)', 'Debit', 30000, 11),
(693, 'JU514', '2024-01-18', '2024-01-09', 182, 'BI BANNER PO 166', 'Kredit', 60000, 11),
(694, 'JU515', '2024-02-09', '2024-01-09', 221, 'BI PULSA SYLVA LEGAL VISION', 'Debit', 17000, 11),
(695, 'JU516', '2024-01-19', '2024-01-09', 182, 'BI PULSA SYLVA LEGAL VISION', 'Kredit', 17000, 11),
(696, 'JU517', '2024-02-09', '2024-01-09', 224, 'BI BIZNET VISION LT 2 ', 'Debit', 416250, 11),
(697, 'JU518', '2024-01-19', '2024-01-09', 182, 'BI BIZNET VISION LT 2 ', 'Kredit', 416250, 11),
(698, 'JU519', '2024-02-09', '2024-01-09', 260, 'BI BANNER PO 167 (KANTOR)', 'Debit', 15000, 11),
(699, 'JU520', '2024-01-19', '2024-01-09', 183, 'BI BANNER PO 167 (ME)', 'Debit', 15000, 11),
(700, 'JU521', '2024-01-19', '2024-01-09', 182, 'BI BANNER PO 167 ', 'Kredit', 30000, 11),
(701, 'JU522', '2024-02-09', '2024-01-09', 224, 'BI WIFI TELKOM SPEEDY KANTOR MANYAR', 'Debit', 307750, 11),
(702, 'JU523', '2024-01-19', '2024-01-09', 182, 'BI WIFI TELKOM SPEEDY KANTOR MANYAR', 'Kredit', 307750, 11),
(703, 'JU524', '2024-02-09', '2024-01-09', 221, 'BI TELPON KANTOR VISION', 'Debit', 98903, 11),
(704, 'JU525', '2024-01-19', '2024-01-09', 182, 'BI TELPON KANTOR VISION', 'Kredit', 98903, 11),
(705, 'JU526', '2024-01-19', '2024-01-09', 182, 'TERIMA PEMBAYARAN ONGKOS PASANG BANNER JONNY/YUHUU (ME)', 'Debit', 10000, 11),
(706, 'JU527', '2024-01-19', '2024-01-09', 183, 'TERIMA PEMBAYARAN ONGKOS PASANG BANNER JONNY/YUHUU (ME)', 'Kredit', 10000, 11),
(707, 'JU528', '2024-01-19', '2024-01-09', 182, 'TERIMA PEMBAYARAN ONGKOS PASANG BANNER YOAN (ME)', 'Debit', 6700, 11),
(708, 'JU529', '2024-01-19', '2024-01-09', 183, 'TITIPAN PEMBAYARAN ONGKOS PASANG BANNER YOAN (ME)', 'Kredit', 6700, 11),
(709, 'JU530', '2024-01-19', '2024-01-10', 182, 'TITIPAN PEMBAYARAN ONGKOS PASANG BANNER JONATHAN (ME)', 'Debit', 15000, 11),
(710, 'JU531', '2024-01-19', '2024-01-10', 183, 'TITIPAN PEMBAYARAN ONGKOS PASANG BANNER JONATHAN (ME)', 'Kredit', 15000, 11),
(711, 'JU532', '2024-02-09', '2024-01-10', 240, 'KLAIM KAS KECIL VISION', 'Debit', 998000, 11),
(712, 'JU533', '2024-01-20', '2024-01-10', 182, 'KLAIM KAS KECIL VISION', 'Kredit', 998000, 11),
(713, 'JU534', '2024-01-19', '2024-01-10', 183, 'BI BANNER PO 168 (ME)', 'Debit', 397500, 11),
(714, 'JU535', '2024-02-09', '2024-01-10', 260, 'BI BANNER PO 168 (KANTOR)', 'Debit', 397500, 11),
(715, 'JU536', '2024-01-19', '2024-01-10', 182, 'BI BANNER PO 168', 'Kredit', 795000, 11),
(716, 'JU537', '2024-01-19', '2024-01-10', 182, 'TERIMA PEMBAYARAN ONGKOS PASANG BANNER LYDIA (ME)', 'Debit', 15000, 11),
(717, 'JU538', '2024-01-19', '2024-01-10', 183, 'TERIMA PEMBAYARAN ONGKOS PASANG BANNER LYDIA (ME)', 'Kredit', 15000, 11),
(718, 'JU539', '2024-01-19', '2024-01-10', 182, 'FEE AGENT CROWN SOHO BS10 NO 60 ROYAL RESIDENCE', 'Debit', 7000000, 11),
(719, 'JU540', '2024-02-13', '2024-01-10', 238, 'FEE AGENT CROWN SOHO BS10 NO 60 ROYAL RESIDENCE INDRI', 'Kredit', 2500000, 11),
(720, 'JU541', '2024-02-13', '2024-01-10', 239, 'FEE CO BROKE CROWN SOHO BS10 NO 60 ROYAL RESIDENCE PT DELAPAN BERKAT BERSAMA (AFUK)', 'Kredit', 4500000, 11),
(721, 'JU542', '2024-02-28', '2024-01-10', 182, 'TERIMA TITIPAN PEMBELIAN BANNER LYDIA (ME) PO 169 DAN PO 170', 'Debit', 418500, 11),
(722, 'JU543', '2024-02-28', '2024-01-10', 183, 'TERIMA TITIPAN PEMBELIAN BANNER LYDIA (ME) PO 169', 'Kredit', 375000, 11),
(723, 'JU544', '2024-02-13', '2024-01-10', 221, 'BI PULSA ADMIN VISION', 'Debit', 17000, 11),
(724, 'JU545', '2024-01-19', '2024-01-10', 182, 'BI PULSA ADMIN VISION', 'Kredit', 17000, 11),
(725, 'JU546', '2024-01-19', '2024-01-10', 182, 'TERIMA PEMBAYARAN ONGKOS PASANG BANNER TUESI TORSINA (ME)', 'Debit', 6700, 11),
(726, 'JU547', '2024-01-19', '2024-01-10', 183, 'TERIMA PEMBAYARAN ONGKOS PASANG BANNER TUESI TORSINA (ME)', 'Kredit', 6700, 11),
(727, 'JU548', '2024-02-13', '2024-01-10', 238, 'FEE AGENT CROWN SOHO BS10 NO 60 ROYAL RESIDENCE INDRI', 'Debit', 3300000, 11),
(728, 'JU549', '2024-01-19', '2024-01-10', 103, 'PPH 21 FEE AGENT CROWN SOHO BS10 NO 60 ROYAL RESIDENCE INDRI', 'Kredit', 80438, 11),
(729, 'JU550', '2024-02-23', '2024-01-10', 237, 'BI ADM 2,5%', 'Kredit', 82500, 11),
(730, 'JU551', '2024-01-19', '2024-01-10', 182, 'FEE AGENT CROWN SOHO BS10 NO 60 ROYAL RESIDENCE INDRI', 'Kredit', 3137063, 11),
(731, 'JU552', '2024-02-13', '2024-01-10', 257, 'PEMBULATAN FEE AGENT CROWN SOHO BS10 NO 60 ROYAL RESIDENCE INDRI', 'Debit', 1, 11),
(732, 'JU553', '2024-02-13', '2024-01-10', 239, 'FEE CO BROKE CROWN SOHO BS10 NO 60 ROYAL RESIDENCE PT DELAPAN BERKAT BERSAMA (AFUK)', 'Debit', 4500000, 11),
(733, 'JU554', '2024-02-02', '2024-01-10', 104, 'PPH 23 FEE CO BROKE CROWN SOHO BS10 NO 60 ROYAL RESIDENCE PT DELAPAN BERKAT BERSAMA (AFUK)', 'Kredit', 90000, 11),
(734, 'JU555', '2024-01-19', '2024-01-10', 182, 'FEE CO BROKE CROWN SOHO BS10 NO 60 ROYAL RESIDENCE PT DELAPAN BERKAT BERSAMA (AFUK)', 'Kredit', 4410000, 11),
(735, 'JU556', '2024-02-13', '2024-01-10', 232, 'FEE CMO CROWN SOHO BS10 NO 60 ROYAL RESIDENCE JULIA', 'Debit', 110000, 11),
(736, 'JU557', '2024-01-19', '2024-01-10', 103, 'PPH 21 FEE CMO CROWN SOHO BS10 NO 60 ROYAL RESIDENCE JULIA', 'Kredit', 2750, 11),
(737, 'JU558', '2024-01-19', '2024-01-10', 182, 'FEE CMO CROWN SOHO BS10 NO 60 ROYAL RESIDENCE JULIA', 'Kredit', 107250, 11),
(738, 'JU559', '2024-02-28', '2024-01-11', 182, 'TERIMA TITIPAN PEMBELIAN BANNER HENNY (ME) PO 171', 'Debit', 261000, 11),
(739, 'JU560', '2024-02-28', '2024-01-11', 183, 'TERIMA TITIPAN PEMBELIAN BANNER HENNY (ME) PO 171', 'Kredit', 261000, 11),
(740, 'JU561', '2024-01-19', '2024-01-11', 182, 'TERIMA PEMBAYARAN ONGKOS PASANG BANNER CLAUDIA FLORENSIA (ME)', 'Debit', 10000, 11),
(741, 'JU562', '2024-01-19', '2024-01-11', 183, 'TERIMA PEMBAYARAN ONGKOS PASANG BANNER CLAUDIA FLORENSIA (ME)', 'Kredit', 10000, 11),
(742, 'JU563', '2024-01-19', '2024-01-11', 182, 'TERIMA PEMBAYARAN ONGKOS PASANG BANNER YUHUU (ME)', 'Debit', 10000, 11),
(743, 'JU564', '2024-01-19', '2024-01-11', 183, 'TERIMA PEMBAYARAN ONGKOS PASANG BANNER YUHUU (ME)', 'Kredit', 10000, 11),
(744, 'JU565', '2024-02-28', '2024-01-11', 182, 'TERIMA TITIPAN PEMBELIAN BANNER LEYEN GOSWATI (ME) PO 172', 'Debit', 313500, 11),
(745, 'JU566', '2024-02-28', '2024-01-11', 183, 'TERIMA TITIPAN PEMBELIAN BANNER LEYEN GOSWATI (ME) PO 172', 'Kredit', 261000, 11),
(746, 'JU567', '2024-01-19', '2024-01-12', 183, 'BI BANNER PO 169 (ME)', 'Debit', 375000, 11),
(747, 'JU568', '2024-02-13', '2024-01-12', 260, 'BI BANNER PO 169 (KANTOR)', 'Debit', 375000, 11),
(748, 'JU569', '2024-01-19', '2024-01-12', 182, 'BI BANNER PO 169', 'Kredit', 750000, 11),
(749, 'JU570', '2024-02-13', '2024-01-12', 223, 'BI PLN VISION BLN DESEMBER 2023', 'Debit', 1170645, 11),
(750, 'JU571', '2024-01-19', '2024-01-12', 182, 'BI PLN VISION BLN DESEMBER 2023', 'Kredit', 1170645, 11),
(751, 'JU572', '2024-02-13', '2024-01-12', 222, 'BI PDAM VISION BLN DESEMBER 2023', 'Debit', 51213, 11),
(752, 'JU573', '2024-01-19', '2024-01-12', 182, 'BI PDAM VISION BLN DESEMBER 2023', 'Kredit', 51213, 11),
(753, 'JU574', '2024-02-13', '2024-01-12', 224, 'BI BIZNET VISION BLN DESEMBER 2023', 'Debit', 157250, 11),
(754, 'JU575', '2024-01-19', '2024-01-12', 182, 'BI BIZNET VISION BLN DESEMBER 2023', 'Kredit', 157250, 11),
(755, 'JU576', '2024-01-19', '2024-01-12', 183, 'BI BANNER PO 170 (ME)', 'Debit', 28200, 11),
(756, 'JU577', '2024-01-19', '2024-01-12', 183, 'BI BANNER PO 171 (ME)', 'Debit', 168700, 11),
(757, 'JU578', '2024-01-19', '2024-01-12', 182, 'BI BANNER PO 170 DAN PO 171', 'Kredit', 196900, 11),
(758, 'JU579', '2024-01-19', '2024-01-12', 182, 'REFUND BI BANNER PO 170 DAN 171 (SALAH TRANSFER)', 'Debit', 196900, 11),
(759, 'JU580', '2024-01-19', '2024-01-12', 183, 'BI BANNER PO 170 (ME)', 'Kredit', 28200, 11),
(760, 'JU581', '2024-01-19', '2024-01-12', 183, 'BI BANNER PO 171 (ME)', 'Kredit', 168700, 11),
(761, 'JU582', '2024-02-28', '2024-01-12', 182, 'TERIMA TITIPAN PEMBELIAN BANNER LYDIA (ME) PO 173', 'Debit', 18000, 11),
(762, 'JU583', '2024-02-28', '2024-01-12', 183, 'TERIMA TITIPAN PEMBELIAN BANNER LYDIA (ME) PO 173', 'Kredit', 18000, 11),
(763, 'JU584', '2024-01-19', '2024-01-12', 183, 'BI BANNER PO 170 (ME)', 'Debit', 28200, 11),
(764, 'JU585', '2024-01-19', '2024-01-12', 183, 'BI BANNER PO 171 (ME)', 'Debit', 168700, 11),
(765, 'JU586', '2024-01-19', '2024-01-12', 182, 'BI BANNER PO 170 DAN PO 171 (ME)', 'Kredit', 196900, 11),
(766, 'JU587', '2024-01-19', '2024-01-12', 183, 'BI BANNER PO 172 (ME)', 'Debit', 168700, 11),
(767, 'JU588', '2024-01-19', '2024-01-12', 182, 'BI BANNER PO 172 (ME)', 'Kredit', 168700, 11),
(768, 'JU589', '2024-01-19', '2024-01-12', 182, 'FEE AGENT KEDINDING TENGAH JAYA 2 TIMUR A/2-4', 'Debit', 6250000, 11),
(769, 'JU590', '2024-02-13', '2024-01-12', 237, 'FEE AGENT KEDINDING TENGAH JAYA 2 TIMUR A/2-4 KANTOR VISION', 'Kredit', 2500000, 11),
(770, 'JU591', '2024-02-13', '2024-01-12', 238, 'FEE AGENT KEDINDING TENGAH JAYA 2 TIMUR A/2-4 ANG', 'Kredit', 390625, 11),
(771, 'JU592', '2024-02-13', '2024-01-12', 238, 'FEE AGENT KEDINDING TENGAH JAYA 2 TIMUR A/2-4 FRAN', 'Kredit', 390625, 11),
(772, 'JU593', '2024-02-13', '2024-01-12', 238, 'FEE AGENT KEDINDING TENGAH JAYA 2 TIMUR A/2-4 WINATA', 'Kredit', 781250, 11),
(773, 'JU594', '2024-02-13', '2024-01-12', 238, 'FEE AGENT KEDINDING TENGAH JAYA 2 TIMUR A/2-4 CLAUDIA', 'Kredit', 2187500, 11),
(774, 'JU595', '2024-01-19', '2024-01-12', 183, 'BI BANNER PO 173 (ME)', 'Debit', 18000, 11),
(775, 'JU596', '2024-02-13', '2024-01-12', 260, 'BI BANNER PO 173 (KANTOR)', 'Debit', 8300, 11),
(776, 'JU597', '2024-01-19', '2024-01-12', 182, 'BI BANNER PO 173', 'Kredit', 26300, 11),
(777, 'JU598', '2024-02-13', '2024-01-13', 238, 'FEE AGENT KEDINDING TENGAH JAYA 2 TIMUR A/2-4 ANG', 'Debit', 390625, 11),
(778, 'JU599', '2024-01-19', '2024-01-13', 103, 'PPH 21 FEE AGENT KEDINDING TENGAH JAYA 2 TIMUR A/2-4 ANGGRAINI ANGKAWID', 'Kredit', 9766, 11),
(779, 'JU600', '2024-01-19', '2024-01-13', 182, 'FEE AGENT KEDINDING TENGAH JAYA 2 TIMUR A/2-4 ANG', 'Kredit', 380859, 11),
(780, 'JU601', '2024-02-13', '2024-01-13', 238, 'FEE AGENT KEDINDING TENGAH JAYA 2 TIMUR A/2-4 FRAN', 'Debit', 390625, 11),
(781, 'JU602', '2024-01-19', '2024-01-13', 103, 'PPH 21 FEE AGENT KEDINDING TENGAH JAYA 2 TIMUR A/2-4 FRANSISKA', 'Kredit', 9766, 11),
(782, 'JU603', '2024-01-19', '2024-01-13', 182, 'FEE AGENT KEDINDING TENGAH JAYA 2 TIMUR A/2-4 FRAN', 'Kredit', 380859, 11),
(783, 'JU604', '2024-02-13', '2024-01-13', 238, 'FEE AGENT KEDINDING TENGAH JAYA 2 TIMUR A/2-4 WINATA', 'Debit', 781250, 11),
(784, 'JU605', '2024-01-19', '2024-01-13', 103, 'PPH 21 FEE AGENT KEDINDING TENGAH JAYA 2 TIMUR A/2-4 WINATA', 'Kredit', 19531, 11),
(785, 'JU606', '2024-01-19', '2024-01-13', 182, 'FEE AGENT KEDINDING TENGAH JAYA 2 TIMUR A/2-4 WINATA', 'Kredit', 761719, 11),
(786, 'JU607', '2024-02-13', '2024-01-13', 238, 'FEE AGENT KEDINDING TENGAH JAYA 2 TIMUR A/2-4 CLAUDIA', 'Debit', 2187500, 11),
(787, 'JU608', '2024-01-19', '2024-01-13', 103, 'PPH 21 FEE AGENT KEDINDING TENGAH JAYA 2 TIMUR A/2-4 CLAUDIA', 'Kredit', 53320, 11),
(788, 'JU609', '2024-02-23', '2024-01-13', 237, 'POT BIAYA ADMIN 2,5%', 'Kredit', 54688, 11),
(789, 'JU610', '2024-01-19', '2024-01-13', 182, 'FEE AGENT KEDINDING TENGAH JAYA 2 TIMUR A/2-4 CLAUDIA', 'Kredit', 2079492, 11),
(790, 'JU611', '2024-02-13', '2024-01-13', 259, 'PEMBAYARAN STAND BOOTH A&A DI OPEN TABLE SINLUI', 'Debit', 500016, 11),
(791, 'JU612', '2024-01-19', '2024-01-13', 182, 'PEMBAYARAN STAND BOOTH A&A DI OPEN TABLE SINLUI', 'Kredit', 500016, 11),
(792, 'JU613', '2024-02-13', '2024-01-15', 224, 'BI FIRST MEDIA KANTOR NORTHWEST BLN DES 2023', 'Debit', 572235, 11),
(793, 'JU614', '2024-01-19', '2024-01-15', 182, 'BI FIRST MEDIA KANTOR NORTHWEST BLN DES 2023', 'Kredit', 572235, 11),
(794, 'JU615', '2024-01-19', '2024-01-15', 182, 'TERIMA PEMBAYARAN ONGKOS PASANG BANNER TUESI TORSINA (ME)', 'Debit', 10000, 11),
(795, 'JU616', '2024-01-19', '2024-01-15', 183, 'TERIMA PEMBAYARAN ONGKOS PASANG BANNER TUESI TORSINA (ME)', 'Kredit', 10000, 11),
(796, 'JU617', '2024-02-13', '2024-01-15', 232, 'FEE EMD KEDINDING TENGAH JAYA 2 TIMUR A/2-4 ANGGRAINI ANGKAWID', 'Debit', 39063, 11),
(797, 'JU618', '2024-02-02', '2024-01-15', 103, 'PPH 21 FEE EMD KEDINDING TENGAH JAYA 2 TIMUR A/2-4 ANGGRAINI ANGKAWID', 'Kredit', 977, 11),
(798, 'JU619', '2024-01-19', '2024-01-15', 182, 'FEE EMD KEDINDING TENGAH JAYA 2 TIMUR A/2-4 ANGGRAINI ANGKAWID', 'Kredit', 38086, 11),
(799, 'JU620', '2024-02-13', '2024-01-15', 232, 'FEE EMD KEDINDING TENGAH JAYA 2 TIMUR A/2-4 ANGGRAINI ANGKAWID', 'Debit', 19531, 11),
(800, 'JU621', '2024-01-19', '2024-01-15', 103, 'PPH 21 FEE EMD KEDINDING TENGAH JAYA 2 TIMUR A/2-4 ANGGRAINI ANGKAWID', 'Kredit', 488, 11),
(801, 'JU622', '2024-01-19', '2024-01-15', 182, 'FEE EMD KEDINDING TENGAH JAYA 2 TIMUR A/2-4 ANGGRAINI ANGKAWID', 'Kredit', 19043, 11),
(802, 'JU623', '2024-02-13', '2024-01-15', 232, 'FEE CMO KEDINDING TENGAH JAYA 2 TIMUR A/2-4 JULIA', 'Debit', 19531, 11),
(803, 'JU624', '2024-01-19', '2024-01-15', 103, 'PPH 21 FEE CMO KEDINDING TENGAH JAYA 2 TIMUR A/2-4 JULIA', 'Kredit', 488, 11),
(804, 'JU625', '2024-01-19', '2024-01-15', 182, 'FEE CMO KEDINDING TENGAH JAYA 2 TIMUR A/2-4 JULIA', 'Kredit', 19043, 11),
(805, 'JU626', '2024-02-13', '2024-01-15', 232, 'FEE CMO KEDINDING TENGAH JAYA 2 TIMUR A/2-4 JULIA', 'Debit', 46875, 11),
(806, 'JU627', '2024-01-19', '2024-01-15', 103, 'PPH 21 FEE CMO KEDINDING TENGAH JAYA 2 TIMUR A/2-4 JULIA', 'Kredit', 1172, 11),
(807, 'JU628', '2024-01-19', '2024-01-15', 182, 'FEE CMO KEDINDING TENGAH JAYA 2 TIMUR A/2-4 JULIA', 'Kredit', 45703, 11),
(808, 'JU629', '2024-02-28', '2024-01-15', 182, 'TERIMA TITIPAN PEMBELIAN BANNER YOAN (ME) PO 174', 'Debit', 187500, 11),
(809, 'JU630', '2024-02-28', '2024-01-15', 183, 'TERIMA TITIPAN PEMBELIAN BANNER YOAN (ME) PO 174', 'Kredit', 187500, 11),
(810, 'JU631', '2024-02-13', '2024-01-15', 216, 'BI PERBAIKAN VISION LT 2 ', 'Debit', 550000, 11),
(811, 'JU632', '2024-02-13', '2024-01-15', 216, 'BI PERBAIKAN VISION LT 3 ', 'Debit', 750000, 11),
(812, 'JU633', '2024-01-19', '2024-01-15', 182, 'BI PERBAIKAN VISION LT 2 DAN LT 3', 'Kredit', 1300000, 11),
(813, 'JU634', '2024-02-13', '2024-01-15', 254, 'BI ADMIN BANK SISWANTO', 'Debit', 2500, 11),
(814, 'JU635', '2024-01-19', '2024-01-15', 182, 'BI ADMIN BANK SISWANTO', 'Kredit', 2500, 11),
(815, 'JU636', '2024-02-28', '2024-01-16', 182, 'TERIMA TITIPAN PEMBELIAN BANNER MONIC (ME) PO 175 DAN PO 176', 'Debit', 33000, 11),
(816, 'JU637', '2024-02-28', '2024-01-16', 183, 'TERIMA TITIPAN PEMBELIAN BANNER MONIC (ME) PO 175', 'Kredit', 15000, 11),
(817, 'JU638', '2024-02-28', '2024-01-16', 182, 'TERIMA TITIPAN PEMBELIAN STIKER YENNY (ME) PO 177', 'Debit', 8000, 11),
(818, 'JU639', '2024-02-28', '2024-01-16', 183, 'TERIMA TITIPAN PEMBELIAN STIKER YENNY (ME) PO 177', 'Kredit', 8000, 11),
(819, 'JU640', '2024-02-13', '2024-01-16', 259, 'BI SEWA STAND BAZZAR VASA HOTEL TEGUH KINARTO', 'Debit', 1000000, 11),
(820, 'JU641', '2024-01-19', '2024-01-16', 182, 'BI SEWA STAND BAZZAR VASA HOTEL TEGUH KINARTO', 'Kredit', 1000000, 11),
(821, 'JU642', '2024-02-28', '2024-01-16', 182, 'TERIMA TITIPAN PEMBELIAN STIKER CLAUDIA FLORENSIA (ME) PO 177', 'Debit', 8000, 11),
(822, 'JU643', '2024-02-28', '2024-01-16', 183, 'TERIMA TITIPAN PEMBELIAN STIKER CLAUDIA FLORENSIA (ME) PO 177', 'Kredit', 8000, 11),
(823, 'JU644', '2024-01-19', '2024-01-17', 182, 'PENDAFTARAN MARKETING BARU SONNY DOWNLINE', 'Debit', 500000, 11),
(824, 'JU645', '2024-02-13', '2024-01-17', 234, 'PENDAFTARAN MARKETING BARU SONNY DOWNLINE', 'Kredit', 500000, 11),
(825, 'JU646', '2024-02-28', '2024-01-17', 182, 'TERIMA TITIPAN PEMBELIAN BANNER ANI YUHUU (ME) PO 178', 'Debit', 375000, 11),
(826, 'JU647', '2024-02-28', '2024-01-17', 183, 'TERIMA TITIPAN PEMBELIAN BANNER ANI YUHUU (ME) PO 178', 'Kredit', 375000, 11),
(827, 'JU648', '2024-02-28', '2024-01-17', 182, 'TERIMA TITIPAN PEMBELIAN BANNER TUESI TORSINA (ME) PO 179 DAN PO 180', 'Debit', 193500, 11),
(828, 'JU649', '2024-02-28', '2024-01-17', 183, 'TERIMA TITIPAN PEMBELIAN BANNER TUESI TORSINA (ME) PO 179', 'Kredit', 150000, 11),
(829, 'JU650', '2024-01-19', '2024-01-17', 183, 'BI BANNER PO 178 (ME)', 'Debit', 375000, 11),
(830, 'JU651', '2024-02-13', '2024-01-17', 260, 'BI BANNER PO 178 (KANTOR)', 'Debit', 375000, 11),
(831, 'JU652', '2024-01-19', '2024-01-17', 182, 'BI BANNER PO 178', 'Kredit', 750000, 11),
(832, 'JU653', '2024-01-19', '2024-01-17', 183, 'BI BANNER PO 176 (ME)', 'Debit', 18000, 11),
(833, 'JU654', '2024-02-13', '2024-01-17', 260, 'BI BANNER PO 176 (KANTOR)', 'Debit', 8300, 11),
(834, 'JU655', '2024-01-19', '2024-01-17', 182, 'BI BANNER PO 176', 'Kredit', 26300, 11),
(835, 'JU656', '2024-01-19', '2024-01-17', 183, 'BI BANNER PO 174 (ME)', 'Debit', 187500, 11),
(836, 'JU657', '2024-02-13', '2024-01-17', 260, 'BI BANNER PO 174 (KANTOR)', 'Debit', 187500, 11),
(837, 'JU658', '2024-01-20', '2024-01-17', 183, 'BI BANNER PO 175 (ME)', 'Debit', 15000, 11),
(838, 'JU659', '2024-02-13', '2024-01-17', 260, 'BI BANNER PO 175 (KANTOR)', 'Debit', 15000, 11),
(839, 'JU660', '2024-01-19', '2024-01-17', 182, 'BI BANNER PO 174 DAN PO 175', 'Kredit', 405000, 11),
(840, 'JU661', '2024-02-13', '2024-01-17', 236, 'PEMINDAHBUKUAN CABANG VISION KE PUSAT', 'Debit', 6951150, 11),
(841, 'JU662', '2024-01-20', '2024-01-17', 182, 'PEMINDAHBUKUAN CABANG VISION KE PUSAT', 'Kredit', 6951150, 11),
(842, 'JU663', '2024-01-20', '2024-01-18', 182, 'TERIMA PEMBAYARAN ONGKOS PASANG BANNER LUAR KOTA LYDIA (ME)', 'Debit', 85000, 11),
(843, 'JU664', '2024-01-20', '2024-01-18', 183, 'TERIMA PEMBAYARAN ONGKOS PASANG BANNER LUAR KOTA LYDIA (ME)', 'Kredit', 85000, 11),
(844, 'JU665', '2024-02-28', '2024-01-18', 182, 'TERIMA TITIPAN PEMBELIAN BANNER LYDIA (ME) PO 181', 'Debit', 18000, 11),
(845, 'JU666', '2024-02-28', '2024-01-18', 183, 'TERIMA TITIPAN PEMBELIAN BANNER LYDIA (ME) PO 181', 'Kredit', 18000, 11),
(846, 'JU667', '2024-01-24', '2024-01-19', 185, 'TAMBAHAN UTJ SEWA RUKO NORTHWEST NV11/7', 'Kredit', 15000000, 11),
(848, 'JU668', '2024-01-24', '2024-01-19', 10, 'TAMBAHAN UTJ SEWA RUKO NORTHWEST NV11/7', 'Debit', 15000000, 11),
(849, 'JU669', '2024-01-20', '2024-01-20', 54, 'TITIP BAYAR PBB TH 2023 ROYAL PARK TK 2 NO 1 ', 'Debit', 13330162, 11),
(850, 'JU670', '2024-01-20', '2024-01-20', 10, 'TITIP BAYAR PBB TH 2023 ROYAL PARK TK 2 NO 1 ', 'Kredit', 13330162, 11),
(851, 'JU671', '2024-01-20', '2024-01-20', 54, 'TITIP BAYAR RETRIBUSI BLN DESEMBER 2023 ROYAL PARK TK 2 NO 1', 'Debit', 899172, 11),
(852, 'JU672', '2024-01-20', '2024-01-20', 10, 'TITIP BAYAR RETRIBUSI BLN DESEMBER 2023 ROYAL PARK TK 2 NO 1', 'Kredit', 899172, 11),
(853, 'JU673', '2024-01-20', '2024-01-19', 175, 'FEE NOTARIS BGI GB3/26', 'Debit', 11760000, 11),
(854, 'JU674', '2024-01-20', '2024-01-19', 167, 'FEE NOTARIS BGI GB3/26', 'Kredit', 11760000, 11),
(855, 'JU675', '2024-02-28', '2024-01-19', 182, 'TERIMA TITIPAN PEMBELIAN STIKER YOAN (ME) PO 182', 'Debit', 12000, 11),
(856, 'JU676', '2024-02-28', '2024-01-19', 183, 'TERIMA TITIPAN PEMBELIAN STIKER YOAN (ME) PO 182', 'Kredit', 12000, 11),
(857, 'JU677', '2024-01-20', '2024-01-19', 183, 'BI BANNER PO 179 (ME)', 'Debit', 150000, 11),
(858, 'JU678', '2024-02-13', '2024-01-19', 260, 'BI BANNER PO 179 (KANTOR)', 'Debit', 150000, 11),
(859, 'JU679', '2024-01-20', '2024-01-19', 182, 'BI BANNER PO 179', 'Kredit', 300000, 11),
(860, 'JU680', '2024-01-20', '2024-01-19', 183, 'BI BANNER PO 180 (ME)', 'Debit', 28200, 11),
(861, 'JU681', '2024-01-20', '2024-01-19', 182, 'BI BANNER PO 180 (ME)', 'Kredit', 28200, 11),
(862, 'JU682', '2024-02-13', '2024-01-19', 240, 'KLAIM KAS KECIL VISION', 'Debit', 1003300, 11),
(863, 'JU683', '2024-01-20', '2024-01-19', 182, 'KLAIM KAS KECIL VISION', 'Kredit', 1003300, 11),
(864, 'JU684', '2024-01-20', '2024-01-19', 183, 'BI STIKER PO 177 (ME)', 'Debit', 16000, 11),
(865, 'JU685', '2024-01-20', '2024-01-19', 182, 'BI STIKER PO 177 (ME)', 'Kredit', 16000, 11),
(866, 'JU686', '2024-02-28', '2024-01-19', 182, 'TERIMA TITIPAN PEMBELIAN BANNER CLAUDIA (ME) PO 183', 'Debit', 716100, 11),
(867, 'JU687', '2024-02-28', '2024-01-19', 183, 'TERIMA TITIPAN PEMBELIAN BANNER CLAUDIA (ME) PO 183', 'Kredit', 716100, 11),
(868, 'JU688', '2024-01-20', '2024-01-19', 183, 'BI BANNER PO 181 (ME)', 'Debit', 18000, 11),
(869, 'JU689', '2024-02-13', '2024-01-19', 260, 'BI BANNER PO 181 (KANTOR)', 'Debit', 8300, 11),
(870, 'JU690', '2024-01-20', '2024-01-19', 182, 'BI BANNER PO 181', 'Kredit', 26300, 11),
(871, 'JU691', '2024-01-22', '2024-01-20', 183, 'BI BANNER PO 183 (ME)', 'Debit', 391700, 11),
(872, 'JU692', '2024-01-22', '2024-01-20', 182, 'BI BANNER PO 183 (ME)', 'Kredit', 391700, 11),
(873, 'JU693', '2024-02-28', '2024-01-20', 182, 'TERIMA TITIPAN PEMBELIAN STIKER SONNY UDAYANA (ME) PO 184', 'Debit', 4000, 11),
(874, 'JU694', '2024-02-28', '2024-01-20', 183, 'TERIMA TITIPAN PEMBELIAN STIKER SONNY UDAYANA (ME) PO 184', 'Kredit', 4000, 11),
(875, 'JU695', '2024-01-23', '2024-01-22', 185, 'PELUNASAN TAHUN PERTAMA SEWA RUKO NV11/7', 'Kredit', 10000000, 11),
(876, 'JU696', '2024-01-23', '2024-01-22', 10, 'PELUNASAN TAHUN PERTAMA SEWA RUKO NV11/7', 'Debit', 10000000, 11),
(877, 'JU697', '2024-01-24', '2024-01-23', 187, 'UTJ SEWA TANAH BUKIT TELAGA GOLF TA4/16', 'Kredit', 100000000, 11),
(878, 'JU698', '2024-01-24', '2024-01-23', 10, 'UTJ SEWA TANAH BUKIT TELAGA GOLF TA4/16', 'Debit', 100000000, 11),
(879, 'JU699', '2024-01-24', '2024-01-23', 188, 'UANG DEPOSIT SEWA TANAH KAVLING ROYAL PARK TK2/1 CITRALAND', 'Kredit', 50000000, 11),
(880, 'JU700', '2024-01-24', '2024-01-23', 10, 'UANG DEPOSIT SEWA TANAH KAVLING ROYAL PARK TK2/1 CITRALAND', 'Debit', 50000000, 11),
(881, 'JU701', '2024-01-24', '2024-01-23', 185, 'PELUNASAN TAHUN PERTAMA SEWA RUKO NV 11 NO 7', 'Debit', 36000000, 11),
(882, 'JU702', '2024-01-24', '2024-01-23', 10, 'PELUNASAN TAHUN PERTAMA SEWA RUKO NV 11 NO 7', 'Kredit', 36000000, 11),
(883, 'JU703', '2024-01-24', '2024-01-23', 185, 'FEE AGENT SEWA RUKO NV 11 NO 7 DI TRANSFER KE REK PUSAT', 'Debit', 4000000, 11),
(884, 'JU704', '2024-01-24', '2024-01-23', 10, 'FEE AGENT SEWA RUKO NV 11 NO 7 DI TRANSFER KE REK PUSAT', 'Kredit', 4000000, 11),
(885, 'JU705', '2024-01-24', '2024-01-02', 81, 'BI BENSIN PAK PII 23 DES-29 DES', 'Debit', 48000, 11),
(886, 'JU706', '2024-01-24', '2024-01-02', 184, 'BI BENSIN PAK PII 23 DES-29 DES', 'Kredit', 48000, 11),
(887, 'JU707', '2024-01-24', '2024-01-02', 117, 'BI OBAT MYLANTA BU ANA', 'Debit', 16800, 11),
(889, 'JU708', '2024-01-24', '2024-01-02', 82, 'BI PARKIR BELI OBAT MYLANTA', 'Debit', 2000, 11),
(890, 'JU709', '2024-01-24', '2024-01-02', 184, 'BI OBAT MYLANTA BU ANA DAN PARKIR', 'Kredit', 18800, 11),
(891, 'JU710', '2024-01-24', '2024-01-02', 69, 'BI ROTI TAWAR BU ANA', 'Debit', 17500, 11),
(892, 'JU711', '2024-01-24', '2024-01-02', 184, 'BI ROTI TAWAR BU ANA', 'Kredit', 17500, 11),
(893, 'JU712', '2024-01-24', '2024-01-02', 64, 'BI KERTAS A4 UNTUK LEGAL PUSAT', 'Debit', 79000, 11),
(894, 'JU713', '2024-01-24', '2024-01-02', 64, 'BI KERTAS A4 UNTUK KEUANGAN PUSAT', 'Debit', 39500, 11),
(895, 'JU714', '2024-01-24', '2024-01-02', 82, 'BI PARKIR BELI KERTAS ', 'Debit', 2000, 11),
(896, 'JU715', '2024-01-24', '2024-01-02', 184, 'BI PEMBELIAN KERTAS A4 UNTUK LEGAL DAN KEUANGAN PUSAT DAN PARKIR', 'Kredit', 120500, 11),
(897, 'JU716', '2024-01-24', '2024-01-02', 120, 'BI PEMBELIAN NO PERDANA UNTUK WA SENDER', 'Debit', 20000, 11),
(898, 'JU717', '2024-01-24', '2024-01-02', 184, 'BI PEMBELIAN NO PERDANA UNTUK WA SENDER', 'Kredit', 20000, 11),
(899, 'JU718', '2024-01-24', '2024-01-02', 159, 'BI PENGIRIMAN DOKUMEN KE MATARAM TRANSAKSI RUKO NORTHWEST NV 11/27', 'Debit', 23000, 11),
(900, 'JU719', '2024-01-25', '2024-01-24', 185, 'DEPOSIT SEWA NV 11/7', 'Kredit', 5000000, 11),
(901, 'JU720', '2024-01-25', '2024-01-24', 10, 'DEPOSIT SEWA NV 11/7', 'Debit', 5000000, 11),
(902, 'JU721', '2024-01-25', '2024-01-25', 188, 'TITIPAN SISA UANG DEPOSIT SEWA MENYEWA TANAH KAVING ROYA PARK TK 2/1', 'Debit', 35727887, 11),
(903, 'JU722', '2024-01-25', '2024-01-25', 10, 'TITIPAN SISA UANG DEPOSIT SEWA MENYEWA TANAH KAVING ROYAL PARK TK 2/1', 'Kredit', 35727887, 11),
(904, 'JU723', '2024-01-25', '2024-01-25', 54, 'TITIP BAYAR KEKURANGAN RETRIBUSI BLN DESEMBER 2023 ROYAL PARK TK 2 NO 1', 'Debit', 42779, 11),
(905, 'JU724', '2024-01-25', '2024-01-25', 10, 'TITIP BAYAR KEKURANGAN RETRIBUSI BLN DESEMBER 2023 ROYAL PARK TK 2 NO 1', 'Kredit', 42779, 11),
(906, 'JU725', '2024-01-25', '2024-01-02', 184, 'BI PENGIRIMAN DOKUMEN KE MATARAM TRANSAKSI RUKO NORTHWEST NV 11/27', 'Kredit', 23000, 11),
(907, 'JU726', '2024-01-25', '2024-01-02', 64, 'BI PEMEBLIAN KERTAS HVS F4 PUSAT U/ TIM GUN/ANA', 'Debit', 45000, 11),
(908, 'JU727', '2024-01-25', '2024-01-02', 184, 'BI PEMEBLIAN KERTAS HVS F4 PUSAT U/ TIM GUN/ANA', 'Kredit', 45000, 11),
(909, 'JU728', '2024-01-25', '2024-01-04', 130, 'BI SERVICE MOBIL INOVA HITAM', 'Debit', 59435, 11),
(910, 'JU729', '2024-01-25', '2024-01-04', 184, 'BI SERVICE MOBIL INOVA HITAM', 'Kredit', 59435, 11),
(911, 'JU730', '2024-01-25', '2024-01-06', 127, 'BI BENSIN PAK EKO', 'Debit', 39000, 11),
(912, 'JU731', '2024-01-25', '2024-01-06', 184, 'BI BENSIN PAK EKO', 'Kredit', 39000, 11),
(913, 'JU732', '2024-01-25', '2024-01-06', 139, 'BI LAKBAN PAK GIYAT', 'Debit', 13500, 11),
(914, 'JU733', '2024-01-25', '2024-01-06', 184, 'BI LAKBAN PAK GIYAT', 'Kredit', 13500, 11),
(915, 'JU734', '2024-01-25', '2024-01-06', 127, 'BI BENSIN PAK GIYAT 2-5 JAN ', 'Debit', 42000, 11),
(929, 'JU735', '2024-01-25', '2024-01-06', 128, 'BI PARKIR PAK GIYAT DI PASAR MODERN DARMO PERMAI', 'Debit', 3000, 11),
(930, 'JU736', '2024-01-25', '2024-01-06', 184, 'BI BENSIN PAK GIYAT 2-5JAN & BI PARKIR PAK GIYAT', 'Kredit', 45000, 11),
(931, 'JU737', '2024-01-25', '2024-01-06', 81, 'BI BENSIN PAK PII 2-5 JAN ', 'Debit', 60000, 11),
(932, 'JU738', '2024-01-25', '2024-01-06', 82, 'BI PARKIR PAK GIYAT', 'Debit', 4000, 11),
(933, 'JU739', '2024-01-25', '2024-01-06', 184, 'BI BENSIN PAK GIYAT 2-5JAN & BI PARKIR PAK GIYAT', 'Kredit', 64000, 11),
(934, 'JU740', '2024-01-25', '2024-01-06', 161, 'BI PENGIRIMAN KAYU OBAT KE JAKARTA (BU INGE)', 'Debit', 15000, 11),
(935, 'JU741', '2024-01-25', '2024-01-06', 184, 'BI PENGIRIMAN KAYU OBAT KE JAKARTA (BU INGE)', 'Kredit', 15000, 11),
(936, 'JU742', '2024-01-25', '2024-01-06', 123, 'BI PENGURUSAN E-TILANG MOBIL INOVA PUTIH', 'Debit', 61000, 11),
(937, 'JU743', '2024-01-25', '2024-01-06', 184, 'BI PENGURUSAN E-TILANG MOBIL INOVA PUTIH', 'Kredit', 61000, 11),
(938, 'JU744', '2024-01-25', '2024-01-09', 159, 'BI KIRIM BERKAS KE SIDOARJO TRANSAKSI RUKO NORTHWEST NV3/2', 'Debit', 10000, 11),
(939, 'JU745', '2024-01-25', '2024-01-09', 184, 'BI KIRIM BERKAS KE SIDOARJO TRANSAKSI RUKO NORTHWEST NV3/2', 'Kredit', 10000, 11),
(940, 'JU746', '2024-01-25', '2024-01-09', 81, 'BI BENSIN PAK PAR TG 7&9 JAN', 'Debit', 40000, 11),
(941, 'JU747', '2024-01-25', '2024-01-09', 184, 'BI BENSIN PAK PAR TG 7&9 JAN', 'Kredit', 40000, 11),
(944, 'JU748', '2024-01-25', '2024-01-10', 72, 'BI PERBAIKAN HP IPHONE 7+ (ELINA)', 'Debit', 50000, 11),
(945, 'JU749', '2024-01-25', '2024-01-10', 82, 'BI PARKIR ', 'Debit', 4000, 11),
(946, 'JU750', '2024-01-25', '2024-01-10', 184, 'BI PERBAIKAN HP IPHONE 7+ (ELINA) & PARKIR', 'Kredit', 54000, 11),
(947, 'JU751', '2024-02-24', '2024-01-10', 127, 'BI BENSIN INOVA PUTIH L 1265 VF', 'Debit', 200000, 11),
(948, 'JU752', '2024-01-25', '2024-01-10', 184, 'BI BENSIN INOVA PUTIH L 1265 VF', 'Kredit', 200000, 11),
(957, 'JU753', '2024-01-25', '2024-01-10', 127, 'BI BENSIN BU JULIA TG 4 JAN', 'Debit', 150000, 11),
(958, 'JU754', '2024-01-25', '2024-01-10', 184, 'BI BENSIN BU JULIA TG 4 JAN', 'Kredit', 150000, 11),
(959, 'JU755', '2024-01-25', '2024-01-10', 89, 'BI IURAN BULAN JAN  2024', 'Debit', 400000, 11),
(960, 'JU756', '2024-01-25', '2024-01-10', 184, 'BI IURAN BULAN JAN  2024', 'Kredit', 400000, 11),
(961, 'JU757', '2024-02-22', '2024-01-10', 127, 'BI BENSIN AGYA PUTIH KANTR TGL 5 JAN 2024', 'Debit', 100000, 11),
(962, 'JU758', '2024-01-25', '2024-01-10', 184, 'BI BENSIN AGYA PUTIH KANTR TGL 5 JAN 2024', 'Kredit', 100000, 11),
(963, 'JU759', '2024-01-25', '2024-01-10', 67, 'BI PEMBELIAN MATERAI LEGAL', 'Debit', 100000, 11),
(964, 'JU760', '2024-01-25', '2024-01-10', 184, 'BI PEMBELIAN MATERAI LEGAL', 'Kredit', 100000, 11),
(965, 'JU761', '2024-01-25', '2024-01-10', 69, 'BI PEMBELIAN TUTUP SEPTITANK', 'Debit', 25000, 11),
(966, 'JU762', '2024-01-25', '2024-01-10', 184, 'BI PEMBELIAN TUTUP SEPTITANK', 'Kredit', 25000, 11),
(967, 'JU763', '2024-01-25', '2024-01-11', 133, 'BI CETAK BANNER GUN/ANA VERSI TERBARU', 'Debit', 15000, 11),
(968, 'JU764', '2024-01-25', '2024-01-11', 184, 'BI CETAK BANNER GUN/ANA VERSI TERBARU', 'Kredit', 15000, 11),
(969, 'JU765', '2024-01-25', '2024-01-11', 68, 'BI PEMBELIAN PENGHAPUS', 'Debit', 2000, 11),
(970, 'JU766', '2024-01-25', '2024-01-11', 68, 'BI PEMBELIAN TIPE EX', 'Debit', 9000, 11),
(971, 'JU767', '2024-01-25', '2024-01-11', 68, 'BI PEMBELIAN RAUTAN', 'Debit', 1500, 11),
(972, 'JU768', '2024-01-25', '2024-01-11', 82, 'BI PARKIR TBMO', 'Debit', 2000, 11),
(973, 'JU769', '2024-01-25', '2024-01-11', 184, 'BI PEMBELIAN PENGHAPUS,TIPE EX,RAUTAN & BI PARKIR', 'Kredit', 14500, 11),
(974, 'JU770', '2024-01-25', '2024-01-11', 81, 'BI BENSIN ACCOUNTING KE KANTOR PAJAK', 'Debit', 10000, 11),
(975, 'JU771', '2024-01-25', '2024-01-11', 184, 'BI BENSIN ACCOUNTING KE KANTOR PAJAK', 'Kredit', 10000, 11),
(976, 'JU772', '2024-01-25', '2024-01-12', 139, 'BI TALI RAFIA PAK EKO', 'Debit', 16000, 11),
(977, 'JU773', '2024-01-25', '2024-01-12', 184, 'BI TALI RAFIA PAK EKO', 'Kredit', 16000, 11),
(978, 'JU774', '2024-01-25', '2024-01-12', 68, 'BI PEMBELIAN TINTA MERAH PRINTER PUSAT', 'Debit', 115000, 11),
(979, 'JU775', '2024-01-25', '2024-01-12', 139, 'BI STAPES 1 PACK (ETUNO NO 3)', 'Debit', 71500, 11),
(980, 'JU776', '2024-01-25', '2024-01-12', 184, 'BI PEMEBELIAN TINTA MERAH PRINTER & ISI STAPES 1 PACK (ETUNO NO 3)', 'Kredit', 186500, 11),
(981, 'JU777', '2024-01-25', '2024-01-13', 81, 'BI BENSIN PAK PII TGL 6-12 JANUARI', 'Debit', 70000, 11),
(982, 'JU778', '2024-01-25', '2024-01-13', 184, 'BI BENSIN PAK PII TGL 6-12 JANUARI', 'Kredit', 70000, 11),
(983, 'JU779', '2024-01-25', '2024-01-13', 127, 'BI BENSIN PAK DANI (SIDOARJO) TGL 8-13JAN', 'Debit', 62000, 11),
(984, 'JU780', '2024-01-25', '2024-01-13', 184, 'BI BENSIN PAK DANI (SIDOARJO) TGL 8-13JAN', 'Kredit', 62000, 11),
(985, 'JU781', '2024-01-25', '2024-01-13', 127, 'BI BENSIN PAK EKO TGL 6-12 JAN', 'Debit', 62000, 11),
(986, 'JU782', '2024-01-25', '2024-01-13', 184, 'BI BENSIN PAK EKO TGL 6-12 JAN', 'Kredit', 62000, 11),
(987, 'JU783', '2024-01-25', '2024-01-13', 139, 'BI STAPLES PAK ANTO', 'Debit', 20000, 11),
(988, 'JU784', '2024-01-25', '2024-01-13', 139, 'BI PAKU PAK ANTO', 'Debit', 5000, 11),
(989, 'JU785', '2024-01-25', '2024-01-13', 184, 'BI STAPLES & PAKU PAK ANTO', 'Kredit', 25000, 11),
(990, 'JU786', '2024-01-25', '2024-01-13', 139, 'BI LAKBAN PUTIH PAK ANTO', 'Debit', 15000, 11),
(991, 'JU787', '2024-01-25', '2024-01-13', 184, 'BI LAKBAN PUTIH PAK ANTO', 'Kredit', 15000, 11),
(992, 'JU788', '2024-01-25', '2024-01-13', 127, 'BI BENSIN PAK ANTO TGL 2-12 JANUARI', 'Debit', 90000, 11),
(993, 'JU789', '2024-01-25', '2024-01-13', 184, 'BI BENSIN PAK ANTO TGL 2-12 JANUARI', 'Kredit', 90000, 11),
(994, 'JU790', '2024-01-25', '2024-01-13', 127, 'BI BENSIN PAK GIYAT TGL 6-12 JANUARI', 'Debit', 68000, 11),
(995, 'JU791', '2024-01-25', '2024-01-13', 128, 'BI PARKIR PAK GIYAT', 'Debit', 3000, 11),
(996, 'JU792', '2024-01-25', '2024-01-13', 184, 'BI BENSIN & PARKIR PAK GIYAT', 'Kredit', 71000, 11),
(997, 'JU793', '2024-01-25', '2024-01-13', 69, 'BI PEMBELIAN THINWALL 500ML', 'Debit', 29500, 11),
(998, 'JU794', '2024-01-25', '2024-01-13', 184, 'BI PEMBELIAN THINWALL 500ML', 'Kredit', 29500, 11),
(999, 'JU795', '2024-01-25', '2024-01-17', 184, 'TAMBAHAN KAS KECIL PUSAT', 'Debit', 1500000, 11),
(1000, 'JU796', '2024-01-25', '2024-01-17', 163, 'TAMBAHAN KAS KECIL PUSAT', 'Kredit', 1500000, 11),
(1011, 'JU797', '2024-01-25', '2024-01-18', 127, 'BI BENSIN BU JULIA TGL 17 JAN', 'Debit', 150000, 11),
(1012, 'JU798', '2024-01-25', '2024-01-18', 184, 'BI BENSIN BU JULIA TGL 17 JAN', 'Kredit', 150000, 11),
(1013, 'JU799', '2024-01-25', '2024-01-18', 128, 'BI PARKIR KE TELKOMSEL ', 'Debit', 12000, 11),
(1014, 'JU800', '2024-01-25', '2024-01-18', 82, 'BI PARKIR PRODUCT KNOWLEDGE PRIMARY ', 'Debit', 10000, 11),
(1015, 'JU801', '2024-01-25', '2024-01-18', 184, 'BI PARKIR KE TELKOMSEL & PARKIR PRODUCT KNOWLEDGE PRIMARY', 'Kredit', 22000, 11),
(1016, 'JU802', '2024-01-25', '2024-01-18', 81, 'BI BESIN PAK PAR 15 JAN', 'Debit', 20000, 11),
(1017, 'JU803', '2024-01-25', '2024-01-18', 82, 'BI PARKIR PAK PAR', 'Debit', 5000, 11),
(1018, 'JU804', '2024-01-25', '2024-01-18', 184, 'BI BENSIN PAK PAR & PARKIR', 'Kredit', 25000, 11),
(1019, 'JU805', '2024-01-25', '2024-01-18', 81, 'BI BENSIN YOLANDA PRIMARYPK KE NEWTOWN PARK SIDOARJO', 'Debit', 10000, 11),
(1020, 'JU806', '2024-01-25', '2024-01-18', 184, 'BI BENSIN YOLANDA PRIMARYPK KE NEWTOWN PARK SIDOARJO', 'Kredit', 10000, 11),
(1021, 'JU807', '2024-01-25', '2024-01-18', 68, 'BI MAP PLASTIK (MAP ARSIP) 1 LUSIN', 'Debit', 33000, 11),
(1022, 'JU808', '2024-01-25', '2024-01-18', 68, 'BI AMPLOP COKLAT UKURAN FOLIO', 'Debit', 35500, 11),
(1023, 'JU809', '2024-01-25', '2024-01-18', 184, 'BI MAP PLASTIK (MAP ARSIP) 1 LUSIN & AMPLOP COKLAT UKURAN FOLIO', 'Kredit', 68500, 11),
(1024, 'JU810', '2024-01-25', '2024-01-19', 81, 'BI BENSIN YENNY LEGAL KE LO CITRALAND (GANTIKAN PAK PII)', 'Debit', 10000, 11),
(1025, 'JU811', '2024-01-25', '2024-01-19', 184, 'BI BENSIN YENNY LEGAL KE LO CITRALAND (GANTIKAN PAK PII)', 'Kredit', 10000, 11),
(1026, 'JU812', '2024-01-25', '2024-01-19', 67, 'BI PEMBELIAN MATERAI LEGAL', 'Debit', 100000, 11),
(1027, 'JU813', '2024-01-25', '2024-01-19', 184, 'BI PEMBELIAN MATERAI LEGAL', 'Kredit', 100000, 11),
(1028, 'JU814', '2024-01-25', '2024-01-19', 84, 'BI GANTI JOK SEPEDA PAK PAR L 5701 VC', 'Debit', 50000, 11),
(1029, 'JU815', '2024-01-25', '2024-01-19', 184, 'BI GANTI JOK SEPEDA PAK PAR L 5701 VC', 'Kredit', 50000, 11),
(1030, 'JU816', '2024-01-25', '2024-01-19', 82, 'BI PARKIR MBA ELINA KE GOLDEN PALACE ', 'Debit', 10000, 11),
(1031, 'JU817', '2024-01-25', '2024-01-19', 128, 'BI PARKIR MBA ELINA KE PAKUWON', 'Debit', 8000, 11),
(1032, 'JU818', '2024-01-25', '2024-01-19', 184, 'BI PARKIR MBA ELINA KE GOLDEN PALACE & PAKUWON', 'Kredit', 18000, 11),
(1033, 'JU819', '2024-01-25', '2024-01-20', 81, ' BI BENSIN PAK PII TGL 13-15', 'Debit', 24000, 11),
(1034, 'JU820', '2024-01-25', '2024-01-20', 184, 'BI BENSIN PAK PII TGL 13-15', 'Kredit', 24000, 11),
(1035, 'JU821', '2024-01-25', '2024-01-20', 127, 'BI BENSIN PAK ANTO TGL 15-19 JANUARI', 'Debit', 53000, 11),
(1036, 'JU822', '2024-01-25', '2024-01-20', 128, 'BI PARKIR PAK ANTO ', 'Debit', 12000, 11),
(1037, 'JU823', '2024-01-25', '2024-01-20', 184, 'BI BENSIN & PARKIR PAK ANTO', 'Kredit', 65000, 11),
(1038, 'JU824', '2024-01-25', '2024-01-20', 68, 'BI PEMBELIAN KRESEK SAMPAH PUSAT', 'Debit', 15000, 11),
(1039, 'JU825', '2024-01-25', '2024-01-20', 184, 'BI PEMBELIAN KRESEK SAMPAH PUSAT', 'Kredit', 15000, 11),
(1040, 'JU826', '2024-01-25', '2024-01-20', 127, 'BI BENSIN PAK EKO TGL 13-19 JANUARI', 'Debit', 70000, 11),
(1041, 'JU827', '2024-01-25', '2024-01-20', 184, 'BI BENSIN PAK EKO TGL 13-19 JANUARI', 'Kredit', 70000, 11),
(1042, 'JU828', '2024-01-25', '2024-01-20', 68, 'BI PEMBELIAN GEMBOK RUMAH SELAT GOLF JI/24', 'Debit', 28000, 11),
(1043, 'JU829', '2024-01-25', '2024-01-20', 184, 'BI PEMBELIAN GEMBOK RUMAH SELAT GOLF JI/24', 'Kredit', 28000, 11),
(1044, 'JU830', '2024-01-25', '2024-01-22', 127, 'BI BENSIN PAK PUJI (LAPANGAN BARU) TGL 16-19 JANUARI', 'Debit', 15000, 11),
(1045, 'JU831', '2024-01-25', '2024-01-22', 128, 'BI PARKIR PAK PUJI ', 'Debit', 6000, 11),
(1046, 'JU832', '2024-01-25', '2024-01-22', 184, 'BI BENSIN TGL 16-19 & PARKIR PAK PUJI', 'Kredit', 21000, 11),
(1047, 'JU833', '2024-01-25', '2024-01-22', 139, 'BI SOLASI BENING U/PUJI STAF LAPANGAN', 'Debit', 10000, 11),
(1048, 'JU834', '2024-01-25', '2024-01-22', 139, 'BI GUNTING U/PUJI STAF LAPANGAN', 'Debit', 6000, 11),
(1049, 'JU835', '2024-01-25', '2024-01-22', 139, 'BI KABEL U/PUJI STAF LAPANGAN', 'Debit', 10000, 11),
(1050, 'JU836', '2024-01-25', '2024-01-22', 184, 'BI PEMBELIAN SOLASI BENING,GUNTING,KABEL UNTUK PUJI STAF LAPANGAN', 'Kredit', 26000, 11),
(1051, 'JU837', '2024-01-25', '2024-01-22', 81, 'BI BENSIN PAK DANANG AMBIL BANNER AMBIL BANNER &STIKER', 'Debit', 10000, 11),
(1052, 'JU838', '2024-01-25', '2024-01-22', 184, 'BI BENSIN PAK DANANG AMBIL BANNER AMBIL BANNER &STIKER', 'Kredit', 10000, 11),
(1053, 'JU839', '2024-01-25', '2024-01-09', 184, 'TAMBAHAN KAS KECIL PUSAT', 'Debit', 1708685, 11),
(1054, 'JU840', '2024-01-25', '2024-01-09', 163, 'TAMBAHAN KAS KECIL PUSAT', 'Kredit', 1708685, 11),
(1055, 'JU841', '2024-02-24', '2024-01-17', 127, 'BI BENSIN INOVA PUTIH L 1265 VI', 'Debit', 200000, 11),
(1056, 'JU842', '2024-01-25', '2024-01-17', 184, 'BI BENSIN INOVA PUTIH L 1265 VI', 'Kredit', 200000, 11),
(1057, 'JU843', '2024-01-25', '2024-01-17', 127, 'BI BENSIN BU JULIA TGL 11 JAN 2024', 'Debit', 150000, 11),
(1058, 'JU844', '2024-01-25', '2024-01-17', 184, 'BI BENSIN BU JULIA TGL 11 JAN 2024', 'Kredit', 150000, 11),
(1059, 'JU845', '2024-01-25', '2024-01-17', 128, 'BI PARKIR OFFICE PARK (BU ASMI LEGAL)', 'Debit', 4000, 11),
(1060, 'JU846', '2024-01-25', '2024-01-17', 184, 'BI PARKIR OFFICE PARK (BU ASMI LEGAL)', 'Kredit', 4000, 11),
(1061, 'JU847', '2024-01-25', '2024-01-17', 127, 'BI BENSIN BU ASMI KE ANGGASWANGI REGENCY DAN GRAHA SURYANATA BENOWO', 'Debit', 50000, 11),
(1062, 'JU848', '2024-01-25', '2024-01-17', 184, 'BI BENSIN BU ASMI KE ANGGASWANGI REGENCY DAN GRAHA SURYANATA BENOWO', 'Kredit', 50000, 11),
(1063, 'JU849', '2024-01-25', '2024-01-17', 127, 'BI BENSIN BU ASMI KE TAMAN PUSPA ANGGASWANGI DAN NORTHWEST NVII/7', 'Debit', 50000, 11),
(1064, 'JU850', '2024-01-25', '2024-01-17', 184, 'BI BENSIN BU ASMI KE TAMAN PUSPA ANGGASWANGI DAN NORTHWEST NVII/7', 'Kredit', 50000, 11),
(1065, 'JU851', '2024-01-26', '2024-01-22', 133, 'BI BANNER ANA/GUN TANPA KODE ', 'Debit', 322500, 11),
(1066, 'JU852', '2024-01-26', '2024-01-22', 175, 'BI BANNER ANA/GUN TANPA KODE', 'Kredit', 322500, 11),
(1067, 'JU853', '2024-01-26', '2024-01-22', 133, 'BI BANNER ANA/GUN KODE AG', 'Debit', 322500, 11),
(1068, 'JU854', '2024-01-26', '2024-01-22', 175, 'BI BANNER ANA/GUN KODE AG', 'Kredit', 322500, 11),
(1069, 'JU855', '2024-01-26', '2024-01-22', 133, 'BI BANNER ANA/GUN KODE E', 'Debit', 322500, 11),
(1070, 'JU856', '2024-01-26', '2024-01-22', 175, 'BI BANNER ANA/GUN KODE E', 'Kredit', 322500, 11),
(1071, 'JU857', '2024-01-26', '2024-01-22', 133, 'BI BANNER ANA/GUN KODE J', 'Debit', 322500, 11),
(1072, 'JU858', '2024-01-26', '2024-01-22', 175, 'BI BANNER ANA/GUN KODE J', 'Kredit', 322500, 11),
(1073, 'JU859', '2024-01-26', '2024-01-22', 133, 'BI BANNER ANA/GUN KODE M', 'Debit', 322500, 11),
(1074, 'JU860', '2024-01-26', '2024-01-22', 175, 'BI BANNER ANA/GUN KODE M', 'Kredit', 322500, 11),
(1075, 'JU861', '2024-01-26', '2024-01-22', 133, 'BI BANNER ANA/GUN MALANG/SIDOARJO', 'Debit', 725500, 11),
(1076, 'JU862', '2024-01-26', '2024-01-22', 175, 'BI BANNER ANA/GUN MALANG/SIDOARJO', 'Kredit', 725500, 11),
(1077, 'JU863', '2024-01-26', '2024-01-22', 162, 'PRIVE DIREKSI', 'Debit', 20000000, 11),
(1078, 'JU864', '2024-01-26', '2024-01-22', 175, 'PRIVE DIREKSI', 'Kredit', 20000000, 11),
(1079, 'JU865', '2024-01-26', '2024-01-23', 72, 'BI PERBAIKAN PLAFON RUANG MAKAN RUMAH DPT', 'Debit', 1150000, 11),
(1080, 'JU866', '2024-01-26', '2024-01-23', 175, 'BI PERBAIKAN PLAFON RUANG MAKAN RUMAH DPT', 'Kredit', 1150000, 11),
(1081, 'JU867', '2024-01-26', '2024-01-23', 106, 'BI ADMIN BANK SISWANTO', 'Debit', 2500, 11),
(1082, 'JU868', '2024-01-26', '2024-01-23', 175, 'BI ADMIN BANK SISWANTO', 'Kredit', 2500, 11),
(1083, 'JU869', '2024-01-26', '2024-01-23', 132, 'BI IKLAN GOOGLE ADS JANUARI TAHAP 1', 'Debit', 5000000, 11),
(1084, 'JU870', '2024-01-26', '2024-01-23', 175, 'BI IKLAN GOOGLE ADS JANUARI TAHAP 1', 'Kredit', 5000000, 11),
(1085, 'JU871', '2024-01-26', '2024-01-23', 132, 'BI IKLAN GOOGLE ADS JANUARI TAHAP 2', 'Debit', 160319, 11),
(1086, 'JU872', '2024-01-26', '2024-01-23', 175, 'BI IKLAN GOOGLE ADS JANUARI TAHAP 2', 'Kredit', 160319, 11),
(1087, 'JU873', '2024-01-26', '2024-01-23', 175, 'FEE SEWA RUKO NV 11/7', 'Debit', 4000000, 11),
(1088, 'JU874', '2024-02-03', '2024-01-23', 111, 'FEE AGENT SEWA RUKO NV 11/7 KANTOR PUSAT', 'Kredit', 4000000, 11),
(1089, 'JU875', '2024-01-26', '2024-01-24', 175, 'FEE NOTARIS SEWA RUKO NORTHWEST NV 11/7 CITRALAND', 'Debit', 180000, 11),
(1090, 'JU876', '2024-01-26', '2024-01-24', 167, 'FEE NOTARIS SEWA RUKO NORTHWEST NV 11/7 CITRALAND NOTARIS STEVEN SANTOSO', 'Kredit', 180000, 11),
(1091, 'JU877', '2024-01-26', '2024-01-25', 133, 'BI BANNER ANA/GUN TANPA KODE', 'Debit', 855000, 11),
(1092, 'JU878', '2024-01-26', '2024-01-25', 175, 'BI BANNER ANA/GUN TANPA KODE', 'Kredit', 855000, 11),
(1093, 'JU879', '2024-01-27', '2024-01-26', 54, 'TITIPAN PENGGANTIAN UANG MATERAI', 'Kredit', 40000, 11),
(1094, 'JU880', '2024-01-27', '2024-01-26', 10, 'TITIPAN PENGGANTIAN UANG MATERAI', 'Debit', 40000, 11),
(1095, 'JU881', '2024-02-28', '2024-01-22', 182, 'TERIMA TITIPAN PEMBELIAN BANNER TERYAN (ME) PO 185', 'Debit', 60000, 11),
(1096, 'JU882', '2024-02-28', '2024-01-22', 183, 'TERIMA TITIPAN PEMBELIAN BANNER TERYAN (ME) PO 185', 'Kredit', 60000, 11),
(1097, 'JU883', '2024-01-27', '2024-01-22', 183, 'BI STIKER PO 184 (ME)', 'Debit', 4000, 11),
(1098, 'JU884', '2024-01-27', '2024-01-22', 182, 'BI STIKER PO 184 (ME)', 'Kredit', 4000, 11),
(1099, 'JU885', '2024-01-27', '2024-01-22', 183, 'BI STIKER PO 182 (ME)', 'Debit', 12000, 11);
INSERT INTO `jurnal_umum` (`id_jurnal`, `kode_jurnal`, `tgl_input_asli_jurnal`, `tgl_input_jurnal`, `id_bttb`, `keterangan_jurnal`, `jenis_jurnal`, `nominal_jurnal`, `admin_jurnal`) VALUES
(1100, 'JU886', '2024-01-27', '2024-01-22', 182, 'BI STIKER PO 182 (ME)', 'Kredit', 12000, 11),
(1101, 'JU887', '2024-02-28', '2024-01-22', 182, 'TERIMA TITIPAN PEMBELIAN BANNER LYDIA/HOKKY (ME) PO 188', 'Debit', 90000, 11),
(1102, 'JU888', '2024-02-28', '2024-01-22', 183, 'TERIMA TITIPAN PEMBELIAN BANNER LYDIA/HOKKY (ME) PO 188', 'Kredit', 90000, 11),
(1103, 'JU889', '2024-01-27', '2024-01-22', 183, 'BI BANNER PO 185 (ME)', 'Debit', 60000, 11),
(1104, 'JU890', '2024-02-13', '2024-01-22', 260, 'BI BANNER PO 185 (KANTOR)', 'Debit', 60000, 11),
(1105, 'JU891', '2024-01-27', '2024-01-22', 182, 'BI BANNER PO 185', 'Kredit', 120000, 11),
(1106, 'JU892', '2024-02-28', '2024-01-22', 182, 'TERIMA TITIPAN PEMBELIAN BANNER SONNY (ME) PO 186 DAN PO 187', 'Debit', 41100, 11),
(1107, 'JU893', '2024-02-28', '2024-01-22', 183, 'TERIMA TITIPAN PEMBELIAN BANNER SONNY (ME) PO 186', 'Kredit', 15000, 11),
(1108, 'JU894', '2024-02-28', '2024-01-23', 182, 'TERIMA TITIPAN PEMBELIAN BANNER JONATHAN (ME) PO 188', 'Debit', 90000, 11),
(1109, 'JU895', '2024-02-28', '2024-01-23', 183, 'TERIMA TITIPAN PEMBELIAN BANNER JONATHAN (ME) PO 188', 'Kredit', 90000, 11),
(1110, 'JU896', '2024-02-13', '2024-01-23', 222, 'BI PDAM MANYAR JANUARI', 'Debit', 118440, 11),
(1111, 'JU897', '2024-01-27', '2024-01-23', 182, 'BI PDAM MANYAR JANUARI', 'Kredit', 118440, 11),
(1112, 'JU898', '2024-01-27', '2024-01-23', 183, 'BI BANNER PO 186 (ME)', 'Debit', 15000, 11),
(1113, 'JU899', '2024-02-13', '2024-01-23', 260, 'BI BANNER PO 186 (KANTOR)', 'Debit', 15000, 11),
(1114, 'JU900', '2024-01-27', '2024-01-23', 182, 'BI BANNER PO 186', 'Kredit', 30000, 11),
(1115, 'JU901', '2024-01-27', '2024-01-23', 183, 'BI BANNER PO 187 (ME)', 'Debit', 16900, 11),
(1116, 'JU902', '2024-01-27', '2024-01-23', 182, 'BI BANNER PO 187 (ME)', 'Kredit', 16900, 11),
(1117, 'JU903', '2024-02-13', '2024-01-24', 237, 'FEE SOUTH EMERALD MANSION TK6/21B KANTOR VISION', 'Kredit', 10312500, 11),
(1118, 'JU904', '2024-02-13', '2024-01-24', 238, 'FEE SOUTH EMERALD MANSION TK6/21B CLAUDIA (ME)', 'Kredit', 24062500, 11),
(1119, 'JU905', '2024-01-29', '2024-01-24', 182, 'FEE SOUTH EMERALD MANSION TK6/21B', 'Debit', 34375000, 11),
(1120, 'JU906', '2024-02-13', '2024-01-24', 222, 'BI PDAM DAN RETRIBUSI NORTHWEST JANUARI', 'Debit', 721901, 11),
(1121, 'JU907', '2024-01-27', '2024-01-24', 182, 'BI PDAM DAN RETRIBUSI NORTHWEST JANUARI', 'Kredit', 721901, 11),
(1122, 'JU908', '2024-02-13', '2024-01-24', 238, 'FEE AGENT SOUTH EMERALD MANSION TK6/21B CLAUDIA (ME)', 'Debit', 24062500, 11),
(1123, 'JU909', '2024-02-23', '2024-01-24', 237, 'BI ADM 2,5%', 'Kredit', 601563, 11),
(1124, 'JU910', '2024-01-27', '2024-01-24', 103, 'PPH 21 FEE AGENT SOUTH EMERALD MANSION TK6/21B CLAUDIA (ME)', 'Kredit', 586523, 11),
(1125, 'JU911', '2024-01-27', '2024-01-24', 182, 'FEE AGENT SOUTH EMERALD MANSION TK6/21B CLAUDIA (ME)', 'Kredit', 22874414, 11),
(1126, 'JU912', '2024-02-13', '2024-01-24', 232, 'FEE CMO SOUTH EMERALD MANSION TK6/21B JULIA', 'Debit', 515625, 11),
(1127, 'JU913', '2024-02-02', '2024-01-24', 103, 'PPH 21 FEE CMO SOUTH EMERALD MANSION TK6/21B JULIA', 'Kredit', 12891, 11),
(1128, 'JU914', '2024-01-27', '2024-01-24', 182, 'FEE CMO SOUTH EMERALD MANSION TK6/21B JULIA', 'Kredit', 502734, 11),
(1129, 'JU915', '2024-02-13', '2024-01-24', 260, 'BI BANNER PO 188 (KANTOR)', 'Debit', 101800, 11),
(1130, 'JU916', '2024-01-27', '2024-01-24', 183, 'BI BANNER PO 188 (ME)', 'Debit', 180000, 11),
(1131, 'JU917', '2024-01-27', '2024-01-24', 182, 'BI BANNER PO 188', 'Kredit', 281800, 11),
(1132, 'JU918', '2024-02-28', '2024-01-25', 182, 'TERIMA TITIPAN PEMBELIAN BANNER AMING GO (ME) PO 190', 'Debit', 90000, 11),
(1133, 'JU919', '2024-02-28', '2024-01-25', 183, 'TERIMA TITIPAN PEMBELIAN BANNER AMING GO (ME) PO 190', 'Kredit', 90000, 11),
(1134, 'JU920', '2024-02-28', '2024-01-25', 182, 'TERIMA PEMBAYARAN ONGKOS PASANG BANNER YOAN (ME)', 'Debit', 20000, 11),
(1135, 'JU921', '2024-02-28', '2024-01-25', 183, 'TERIMA PEBAYARAN ONGKOS PASANG BANNER YOAN (ME)', 'Kredit', 20000, 11),
(1136, 'JU922', '2024-02-28', '2024-01-25', 182, 'TERIMA TITIPAN PEMBELIAN BANNER HENNY (ME) PO 191', 'Debit', 313500, 11),
(1137, 'JU923', '2024-02-28', '2024-01-25', 183, 'TERIMA TITIPAN PEMBELIAN BANNER HENNY (ME) PO 191', 'Kredit', 313500, 11),
(1138, 'JU924', '2024-02-13', '2024-01-26', 260, 'BI X BANNER A&A', 'Debit', 50000, 11),
(1139, 'JU925', '2024-01-29', '2024-01-26', 182, 'BI X BANNER A&A', 'Kredit', 50000, 11),
(1140, 'JU926', '2024-02-13', '2024-01-26', 260, 'BI X BANNER HAPPY MOM', 'Debit', 50000, 11),
(1141, 'JU927', '2024-01-29', '2024-01-26', 182, 'BI X BANNER HAPPY MOM', 'Kredit', 50000, 11),
(1142, 'JU928', '2024-02-13', '2024-01-26', 261, 'BI KARTU NAMA PO 189 SONNY', 'Debit', 30000, 11),
(1143, 'JU929', '2024-01-29', '2024-01-26', 182, 'BI KARTU NAMA PO 189 SONNY', 'Kredit', 30000, 11),
(1144, 'JU930', '2024-01-29', '2024-01-26', 182, 'PENDAFTARAN MARKETING BARU HENDRA DAN NANCY', 'Debit', 600000, 11),
(1145, 'JU931', '2024-02-13', '2024-01-26', 234, 'PENDAFTARAN MARKETING BARU HENDRA DAN NANCY', 'Kredit', 600000, 11),
(1146, 'JU932', '2024-02-28', '2024-01-26', 182, 'TERIMA TITIPAN PEMBELIAN BANNER TERYAN (ME) PO 192', 'Debit', 105000, 11),
(1147, 'JU933', '2024-02-28', '2024-01-26', 183, 'TERIMA TITIPAN PEMBELIAN BANNER TERYAN (ME) PO 192', 'Kredit', 105000, 11),
(1161, 'JU934', '2024-02-15', '2024-01-02', 212, 'BI HDS 60X100 BAGUS KANTOR VISION ', 'Debit', 20000, 11),
(1162, 'JU935', '2024-02-15', '2024-01-02', 212, 'BI KRESEK PUTIH KANTOR VISION', 'Debit', 13000, 11),
(1163, 'JU936', '2024-01-29', '2024-01-02', 189, 'BI HDS 60X100 BAGUS DAN KRESEK PUTIH KANTOR VISION ', 'Kredit', 33000, 11),
(1164, 'JU937', '2024-02-15', '2024-01-02', 212, 'BI KAPUR BARUS DAHLIA KANTOR VISION', 'Debit', 21200, 11),
(1165, 'JU938', '2024-01-29', '2024-01-02', 189, 'BI KAPUR BARUS DAHLIA KANTOR VISION', 'Kredit', 21200, 11),
(1166, 'JU939', '2024-02-15', '2024-01-06', 228, 'BI BENSIN PAK EFFENDI ', 'Debit', 49000, 11),
(1167, 'JU940', '2024-02-15', '2024-01-06', 229, 'BI PARKIR PAK EFFENDI', 'Debit', 10000, 11),
(1168, 'JU941', '2024-01-29', '2024-01-06', 189, 'BI BENSIN DAN PARKIR PAK EFFENDI', 'Kredit', 59000, 11),
(1169, 'JU942', '2024-02-15', '2024-01-09', 212, 'BI MAP KANCING 1 UNTUK KANTOR VISION', 'Debit', 29800, 11),
(1170, 'JU943', '2024-01-29', '2024-01-09', 189, 'BI MAP KANCING 1 UNTUK KANTOR VISION', 'Kredit', 29800, 11),
(1171, 'JU944', '2024-02-15', '2024-01-09', 212, 'BI OBAT PEL KANTOR VISION', 'Debit', 9500, 11),
(1172, 'JU945', '2024-02-15', '2024-01-09', 212, 'BI TISSUE UNTUK KANTOR VISION', 'Debit', 32500, 11),
(1173, 'JU946', '2024-02-15', '2024-01-09', 212, 'BI PEMBERSIH KAMAR MANDI UNTUK KANTOR VISION', 'Debit', 12900, 11),
(1174, 'JU947', '2024-01-29', '2024-01-09', 189, 'BI OBAT PEL, TISSUE, PEMBERSIH KAMAR MANDI KANTOR VISION', 'Kredit', 54900, 11),
(1175, 'JU948', '2024-02-15', '2024-01-09', 211, 'BI MATERAI LEGAL VISION', 'Debit', 150000, 11),
(1176, 'JU949', '2024-01-29', '2024-01-09', 189, 'BI MATERAI LEGAL VISION', 'Kredit', 150000, 11),
(1177, 'JU950', '2024-01-29', '2024-01-10', 189, 'TAMBAHAN KAS KECIL VISION', 'Debit', 998000, 11),
(1178, 'JU951', '2024-02-15', '2024-01-10', 240, 'TAMBAHAN KAS KECIL VISION', 'Kredit', 998000, 11),
(1179, 'JU952', '2024-02-15', '2024-01-13', 215, 'BI AIR GALON VISION', 'Debit', 246500, 11),
(1181, 'JU953', '2024-01-29', '2024-01-13', 189, 'BI AIR GALON VISION', 'Kredit', 246500, 11),
(1182, 'JU954', '2024-02-15', '2024-01-13', 228, 'BI BENSIN PAK EFFENDI ', 'Debit', 50000, 11),
(1183, 'JU955', '2024-02-15', '2024-01-13', 229, 'BI PARKIR PAK EFFENDI', 'Debit', 10000, 11),
(1184, 'JU956', '2024-01-29', '2024-01-13', 189, 'BI BENSIN DAN PARKIR PAK EFFENDI', 'Kredit', 60000, 11),
(1185, 'JU957', '2024-02-15', '2024-01-15', 227, 'BI PARKIR AMBIL BANNER PAK DANANG', 'Debit', 2000, 11),
(1186, 'JU958', '2024-01-29', '2024-01-15', 189, 'BI PARKIR AMBIL BANNER PAK DANANG', 'Kredit', 2000, 11),
(1187, '0', '2024-01-29', '2024-01-01', 0, 'Saldo Awal Kas Kecil Vision Januari', '', 56800, 11),
(1188, 'JU959', '2024-01-29', '2024-01-23', 159, 'KIRIM BERKAS KE MATARAM UNTUK PERJANJIAN SEWA RUKO NV 11/27', 'Debit', 28000, 11),
(1189, 'JU960', '2024-01-29', '2024-01-23', 184, 'KIRIM BERKAS KE MATARAM UNTUK PERJANJIAN SEWA RUKO NV 11/27', 'Kredit', 28000, 11),
(1190, 'JU961', '2024-01-29', '2024-01-23', 130, 'BI POMPA BAN INOVA PUTIH I 1265 VF', 'Debit', 10000, 11),
(1191, 'JU962', '2024-01-29', '2024-01-23', 184, 'BI POMPA BAN INOVA PUTIH I 1265 VF', 'Kredit', 10000, 11),
(1192, 'JU963', '2024-02-22', '2024-01-26', 127, 'BI BENSIN AGYA PAK PAR', 'Debit', 100000, 11),
(1193, 'JU964', '2024-01-29', '2024-01-26', 184, 'BI BENSIN AGYA PAK PAR', 'Kredit', 100000, 11),
(1194, 'JU965', '2024-01-29', '2024-01-26', 81, 'BI BENSIN PAK DANANG AMBIL BANNER DAN PLASTIK', 'Debit', 10000, 11),
(1195, 'JU966', '2024-01-29', '2024-01-26', 184, 'BI BENSIN PAK DANANG AMBIL BANNER DAN PLASTIK', 'Kredit', 10000, 11),
(1196, 'JU967', '2024-01-29', '2024-01-27', 184, 'TAMBAHAN KAS KECIL', 'Debit', 483000, 11),
(1197, 'JU968', '2024-01-29', '2024-01-27', 163, 'TAMBAHAN KAS KECIL', 'Kredit', 483000, 11),
(1198, 'JU969', '2024-02-24', '2024-01-27', 127, 'BI BENSIN INOVA PUTIH L 1265 VF', 'Debit', 200000, 11),
(1199, 'JU970', '2024-01-29', '2024-01-27', 184, 'BI BENSIN INOVA PUTIH L 1265 VF', 'Kredit', 200000, 11),
(1200, 'JU971', '2024-01-29', '2024-01-27', 139, 'BI PAKU PAK EKO', 'Debit', 25000, 11),
(1201, 'JU972', '2024-01-29', '2024-01-27', 184, 'BI PAKU PAK EKO', 'Kredit', 25000, 11),
(1202, 'JU973', '2024-01-29', '2024-01-27', 127, 'BI BENSIN PAK EKO TGL 20-26 JAN', 'Debit', 60000, 11),
(1203, 'JU974', '2024-01-29', '2024-01-27', 184, 'BI BENSIN PAK EKO TGL 20-26 JAN', 'Kredit', 60000, 11),
(1204, 'JU975', '2024-01-29', '2024-01-27', 139, 'BI PEMBELIAN TALI RAFIA PAK DANI', 'Debit', 5000, 11),
(1205, 'JU976', '2024-01-29', '2024-01-27', 184, 'BI PEMBELIAN TALI RAFIA PAK DANI', 'Kredit', 5000, 11),
(1207, 'JU977', '2024-01-29', '2024-01-27', 127, 'BI BENSIN  PAK DANI TGL 15-26 JAN', 'Debit', 87000, 11),
(1209, 'JU978', '2024-01-29', '2024-01-27', 128, 'BI PARKIR PAK ANTO', 'Debit', 3000, 11),
(1210, 'JU979', '2024-01-29', '2024-01-27', 184, 'BI BENSIN DAN PARKIR PAK ANTO', 'Kredit', 90000, 11),
(1211, 'JU980', '2024-01-29', '2024-01-29', 67, 'BI MATERAI LEGAL PUSAT', 'Debit', 100000, 11),
(1212, 'JU981', '2024-01-29', '2024-01-29', 184, 'BI MATERAI LEGAL PUSAT', 'Kredit', 100000, 11),
(1213, 'JU982', '2024-02-13', '2024-01-01', 212, 'BI TRASHBAG KECIL VISION TGL 6 DESEMBER 2023', 'Debit', 20000, 11),
(1214, 'JU983', '2024-02-13', '2024-01-01', 212, 'BI TRASHBAG BESAR VISION TGL 6 DESEMBER 2023', 'Debit', 15000, 11),
(1215, 'JU984', '2024-01-29', '2024-01-01', 189, 'BI TRASHBAG KECIL DAN BESAR VISION TGL 6 DESEMBER 2023', 'Kredit', 35000, 11),
(1216, 'JU985', '2024-02-15', '2024-01-01', 212, 'BI LAKBAN UNTUK ACARA NATAL TGL 16 DESEMBER 2023', 'Debit', 12000, 11),
(1217, 'JU986', '2024-01-29', '2024-01-01', 189, 'BI LAKBAN UNTUK ACARA NATAL TGL 16 DESEMBER 2023', 'Kredit', 12000, 11),
(1218, 'JU987', '2024-02-15', '2024-01-01', 212, 'BI SUPER PEL UNTUK VISION TGL 17 DESEMBER 2023', 'Debit', 17200, 11),
(1219, 'JU988', '2024-02-15', '2024-01-01', 212, 'BI HANDSOAP UNTUK VISION TGL 17 DESEMBER 2023', 'Debit', 10400, 11),
(1220, 'JU989', '2024-02-15', '2024-01-01', 212, 'BI BATERAI ABC UNTUK VISION TGL 17 DESEMBER 2023', 'Debit', 14400, 11),
(1221, 'JU990', '2024-02-15', '2024-01-01', 212, 'BI SABUN CUCI PIRING UNTUK VISION TGL 17 DESEMBER 2023', 'Debit', 7900, 11),
(1222, 'JU991', '2024-01-29', '2024-01-01', 189, 'BI SUPER PEL, HANDSOAP, BATERAI ABC, SABUN CUCI PIRING UNTUK VISION TGL 17 DESEMBER 2023', 'Kredit', 49900, 11),
(1223, 'JU992', '2024-02-15', '2024-01-01', 230, 'BI IURAN JANUARI 2024 RT 05 RW O2 PUSAT GEDE VISION', 'Debit', 250000, 11),
(1224, 'JU993', '2024-01-29', '2024-01-01', 189, 'BI IURAN JANUARI 2024 RT 05 RW O2 PUSAT GEDE VISION', 'Kredit', 250000, 11),
(1226, 'JU994', '2024-01-29', '2024-01-27', 59, 'BI GAJI STAFF LAPANGAN GIYAT BLN JANUARI', 'Debit', 2090000, 11),
(1227, 'JU995', '2024-01-29', '2024-01-27', 175, 'BI GAJI STAFF LAPANGAN GIYAT BLN JANUARI', 'Kredit', 2090000, 11),
(1228, 'JU996', '2024-01-29', '2024-01-27', 59, 'BI GAJI ADMIN IVAH BLN JANUARI', 'Debit', 240000, 11),
(1229, 'JU997', '2024-01-29', '2024-01-27', 175, 'BI GAJI ADMIN IVAH BLN JANUARI', 'Kredit', 240000, 11),
(1230, 'JU998', '2024-01-29', '2024-01-27', 178, 'GAJI STAFF KREATIF FARID BLN DESEMBER YANG MASIH HARUS DIBAYAR', 'Debit', 1180769, 11),
(1231, 'JU999', '2024-01-29', '2024-01-27', 175, 'GAJI STAFF KREATIF FARID BLN DESEMBER YANG MASIH HARUS DIBAYAR', 'Kredit', 1180769, 11),
(1232, 'JU1000', '2024-01-29', '2024-01-27', 185, 'TITIPAN DEPOSIT SEWA RUKO NV 11 NO 7 CITRALAND DITRANSFER KE PEMILIK', 'Debit', 5000000, 11),
(1233, 'JU1001', '2024-01-29', '2024-01-27', 10, 'TITIPAN DEPOSIT SEWA RUKO NV 11 NO 7 CITRALAND DITRANSFER KE PEMILIK', 'Kredit', 5000000, 11),
(1234, 'JU1002', '2024-01-29', '2024-01-28', 191, 'UTJ SEWA SDPS 19 NO 22', 'Kredit', 5000000, 11),
(1235, 'JU1003', '2024-01-29', '2024-01-28', 10, 'UTJ SEWA SDPS 19 NO 22', 'Debit', 5000000, 11),
(1236, 'JU1004', '2024-01-30', '2024-01-29', 10, 'TITIPAN PEMBAYARAN SEWA TERMIN KE 2 RUMAH NORTHEST PARK NB6/21 CITRALAND', 'Debit', 20002500, 11),
(1237, 'JU1005', '2024-01-30', '2024-01-29', 54, 'TITIPAN PEMBAYARAN SEWA TERMIN KE 2 RUMAH NORTHEST PARK NB6/21 CITRALAND', 'Kredit', 20000000, 11),
(1238, 'JU1006', '2024-01-30', '2024-01-29', 31, 'TITIPAN BIAYA ADMIN BANK', 'Kredit', 2500, 11),
(1239, 'JU1007', '2024-02-22', '2024-01-29', 154, 'BI KONSUMSI DIREKSI', 'Debit', 1396623, 11),
(1240, 'JU1008', '2024-01-30', '2024-01-29', 175, 'BI KONSUMSI DIREKSI', 'Kredit', 1396623, 11),
(1241, 'JU1009', '2024-01-30', '2024-01-29', 127, 'BI BENSIN DIREKSI', 'Debit', 536950, 11),
(1242, 'JU1010', '2024-01-30', '2024-01-29', 175, 'BI BENSIN DIREKSI', 'Kredit', 536950, 11),
(1243, 'JU1011', '2024-01-30', '2024-01-29', 130, 'BI SERVICE INOVA PUTIH L 1265 VF', 'Debit', 3925312, 11),
(1244, 'JU1012', '2024-01-30', '2024-01-29', 175, 'BI SERVICE INOVA PUTIH L 1265 VF', 'Kredit', 3925312, 11),
(1245, 'JU1013', '2024-02-20', '2024-01-29', 301, 'BI KONSUMSI DIREKSI (KASBON)', 'Debit', 900000, 11),
(1246, 'JU1014', '2024-02-20', '2024-01-29', 175, 'BI KONSUMSI DIREKSI (KASBON)', 'Kredit', 900000, 11),
(1247, 'JU1015', '2024-02-20', '2024-01-29', 301, 'BI KONSUMSI DIREKSI (KASBON)', 'Debit', 900000, 11),
(1248, 'JU1016', '2024-02-20', '2024-01-29', 175, 'BI KONSUMSI DIREKSI (KASBON)', 'Kredit', 900000, 11),
(1249, 'JU1017', '2024-01-30', '2024-01-27', 182, 'FEE AGENT JL SUKOMANUNGGAL VII NO 88X', 'Debit', 4000000, 11),
(1250, 'JU1018', '2024-02-13', '2024-01-27', 237, 'FEE AGENT JL SUKOMANUNGGAL VII NO 88X KANTOR VISION', 'Kredit', 4000000, 11),
(1251, 'JU1019', '2024-01-30', '2024-01-27', 182, 'FEE AGENT JL SUKOMANUNGGAL VII NO 88X', 'Debit', 3300000, 11),
(1252, 'JU1020', '2024-02-13', '2024-01-27', 237, 'FEE AGENT JL SUKOMANUNGGAL VII NO 88X KANTOR VISION', 'Kredit', 3300000, 11),
(1253, 'JU1021', '2024-01-30', '2024-01-27', 182, 'FEE AGENT JL SUKOMANUNGGAL VII NO 88X', 'Debit', 2700000, 11),
(1254, 'JU1022', '2024-02-13', '2024-01-27', 237, 'FEE AGENT JL SUKOMANUNGGAL VII NO 88X KANTOR VISION', 'Kredit', 200000, 11),
(1255, 'JU1023', '2024-02-13', '2024-01-27', 238, 'FEE AGENT JL SUKOMANUNGGAL VII NO 88X TERYAN ', 'Kredit', 2500000, 11),
(1256, 'JU1024', '2024-01-30', '2024-01-27', 182, 'FEE AGENT JL SUKOMANUNGGAL VII NO 88X', 'Debit', 3000000, 11),
(1257, 'JU1025', '2024-02-13', '2024-01-27', 238, 'FEE AGENT JL SUKOMANUNGGAL VII NO 88X TERYAN ', 'Kredit', 3000000, 11),
(1258, 'JU1026', '2024-01-30', '2024-01-27', 182, 'FEE AGENT JL SUKOMANUNGGAL VII NO 88X', 'Debit', 2000000, 11),
(1259, 'JU1027', '2024-02-13', '2024-01-27', 238, 'FEE AGENT JL SUKOMANUNGGAL VII NO 88X TERYAN ', 'Kredit', 2000000, 11),
(1260, 'JU1028', '2024-02-13', '2024-01-27', 238, 'FEE AGENT JL SUKOMANUNGGAL VII NO 88X TERYAN ', 'Debit', 7500000, 11),
(1261, 'JU1029', '2024-01-30', '2024-01-27', 103, 'PPH 21 FEE AGENT JL SUKOMANUNGGAL VII NO 88X TERYAN ', 'Kredit', 187500, 11),
(1262, 'JU1030', '2024-01-30', '2024-01-27', 182, 'FEE AGENT JL SUKOMANUNGGAL VII NO 88X TERYAN ', 'Kredit', 7312500, 11),
(1263, 'JU1031', '2024-02-13', '2024-01-27', 232, 'FEE CMO JL SUKOMANUNGGAL VII NO 88X JULIA', 'Debit', 375000, 11),
(1264, 'JU1032', '2024-01-30', '2024-01-27', 103, 'PPH 21 FEE CMO JL SUKOMANUNGGAL VII NO 88X JULIA', 'Kredit', 9375, 11),
(1265, 'JU1033', '2024-01-30', '2024-01-27', 182, 'FEE CMO JL SUKOMANUNGGAL VII NO 88X JULIA', 'Kredit', 365625, 11),
(1266, 'JU1034', '2024-02-01', '2024-01-30', 54, 'TITIPAN PEMBAYARAN SEWA TERMIN KE 2 RUMAH NORTHEST PARK NB6/21 CITRALAND KE PEMILIK', 'Debit', 20000000, 11),
(1267, 'JU1035', '2024-02-01', '2024-01-30', 10, 'TITIPAN PEMBAYARAN SEWA TERMIN KE 2 RUMAH NORTHEST PARK NB6/21 CITRALAND KE PEMILIK', 'Kredit', 20000000, 11),
(1268, 'JU1036', '2024-02-01', '2024-01-30', 31, 'ADMIN BANK ', 'Debit', 2500, 11),
(1269, 'JU1037', '2024-02-01', '2024-01-30', 10, 'ADMIN BANK ', 'Kredit', 2500, 11),
(1270, 'JU1038', '2024-02-01', '2024-01-30', 192, 'UTJ RUMAH RUNGKUT', 'Kredit', 5000000, 11),
(1271, 'JU1039', '2024-02-01', '2024-01-30', 10, 'UTJ RUMAH RUNGKUT', 'Debit', 5000000, 11),
(1272, 'JU1040', '2024-02-01', '2024-01-30', 193, 'PERPANJANGAN SEWA 6 TAHUN DP M6 GWALK', 'Kredit', 5000000, 11),
(1273, 'JU1041', '2024-02-01', '2024-01-30', 10, 'PERPANJANGAN SEWA 6 TAHUN DP M6 GWALK', 'Debit', 5000000, 11),
(1274, 'JU1042', '2024-02-01', '2024-01-31', 185, 'TITIP PELUNASAN DEPOSIT SEWA KE PEMILIK RUKO NV 11/7', 'Kredit', 5000000, 11),
(1275, 'JU1043', '2024-02-01', '2024-01-31', 10, 'TITIP PELUNASAN DEPOSIT SEWA KE PEMILIK RUKO NV 11/7', 'Debit', 5000000, 11),
(1276, 'JU1044', '2024-02-01', '2024-01-31', 31, 'BIAYA ADMIN BANK', 'Debit', 30000, 11),
(1277, 'JU1045', '2024-02-01', '2024-01-31', 10, 'BIAYA ADMIN BANK', 'Kredit', 30000, 11),
(1278, 'JU1046', '2024-02-01', '2024-01-31', 48, 'BUNGA BANK', 'Kredit', 63930.77, 11),
(1279, 'JU1047', '2024-02-01', '2024-01-31', 10, 'BUNGA BANK', 'Debit', 63930.77, 11),
(1280, 'JU1048', '2024-02-01', '2024-01-31', 50, 'PAJAK BUNGA', 'Debit', 12786.15, 11),
(1281, 'JU1049', '2024-02-01', '2024-01-31', 10, 'PAJAK BUNGA', 'Kredit', 12786.15, 11),
(1282, 'JU1050', '2024-02-01', '2024-01-30', 154, 'BI KONSUMSI MARKETING', 'Debit', 1495911, 11),
(1283, 'JU1051', '2024-02-01', '2024-01-30', 175, 'BI KONSUMSI MARKETING', 'Kredit', 1495911, 11),
(1284, 'JU1052', '2024-02-22', '2024-01-30', 154, 'BI KONSUMSI DIREKSI', 'Debit', 1838000, 11),
(1285, 'JU1053', '2024-02-01', '2024-01-30', 175, 'BI KONSUMSI DIREKSI', 'Kredit', 1838000, 11),
(1286, 'JU1054', '2024-02-01', '2024-01-30', 123, 'BI KURSUS MOBIL MBAK ELINA', 'Debit', 1175000, 11),
(1287, 'JU1055', '2024-02-01', '2024-01-30', 175, 'BI KURSUS MOBIL MBAK ELINA', 'Kredit', 1175000, 11),
(1288, 'JU1056', '2024-02-01', '2024-01-30', 128, 'BI PARKIR DIREKSI', 'Debit', 26000, 11),
(1289, 'JU1057', '2024-02-01', '2024-01-30', 175, 'BI PARKIR DIREKSI', 'Kredit', 26000, 11),
(1290, 'JU1058', '2024-02-01', '2024-01-30', 91, 'FEE MBA FITRI ACCOUNTING', 'Debit', 1750000, 11),
(1291, 'JU1059', '2024-02-01', '2024-01-30', 175, 'FEE MBA FITRI ACCOUNTING', 'Kredit', 1750000, 11),
(1292, 'JU1060', '2024-02-01', '2024-01-30', 130, 'BI SERVIE MOBIL INOVE PUTIH L 1265 VF', 'Debit', 5130270, 11),
(1293, 'JU1061', '2024-02-01', '2024-01-30', 175, 'BI SERVICE MOBIL INOVE PUTIH L 1265 VF', 'Kredit', 5130270, 11),
(1294, 'JU1062', '2024-02-01', '2024-01-31', 133, 'BI BANNER GUN/ANA KODE E', 'Debit', 750000, 11),
(1295, 'JU1063', '2024-02-01', '2024-01-31', 175, 'BI BANNER GUN/ANA KODE E', 'Kredit', 750000, 11),
(1296, 'JU1064', '2024-02-01', '2024-01-31', 72, 'BI SERVICE PRINTER ADMIN PUSAT DAN LEGAL PUSAT', 'Debit', 654000, 11),
(1297, 'JU1065', '2024-02-01', '2024-01-31', 175, 'BI SERVICE PRINTER ADMIN PUSAT DAN LEGAL PUSAT', 'Kredit', 654000, 11),
(1298, 'JU1066', '2024-02-01', '2024-01-31', 163, 'KLAIM KAS KECIL PUSAT', 'Debit', 1915500, 11),
(1299, 'JU1067', '2024-02-01', '2024-01-31', 175, 'KLAIM KAS KECIL PUSAT', 'Kredit', 1915500, 11),
(1302, 'JU1068', '2024-02-01', '2024-01-27', 182, 'FEE ROMOKALISARI BLOK C-31', 'Debit', 750000, 11),
(1303, 'JU1069', '2024-02-13', '2024-01-27', 237, 'FEE ROMOKALISARI BLOK C-31 KANTOR VISION', 'Kredit', 225000, 11),
(1304, 'JU1070', '2024-02-13', '2024-01-27', 238, 'FEE AGENT ROMOKALISARI BLOK C-31 CLAUDIA', 'Kredit', 525000, 11),
(1305, 'JU1071', '2024-02-01', '2024-01-27', 182, 'FEE JL DARUS SAKINAH II/1 NP-119 GRESIK', 'Debit', 3500000, 11),
(1306, 'JU1072', '2024-02-13', '2024-01-27', 237, 'FEE JL DARUS SAKINAH II/1 NP-119 GRESIK KANTOR VISION', 'Kredit', 1750000, 11),
(1307, 'JU1073', '2024-02-13', '2024-01-27', 238, 'FEE AGENT JL DARUS SAKINAH II/1 NP-119 GRESIK INDRAWATI', 'Kredit', 1750000, 11),
(1308, 'JU1074', '2024-02-01', '2024-01-29', 183, 'BI BANNER PO 190 (ME)', 'Debit', 90000, 11),
(1309, 'JU1075', '2024-02-13', '2024-01-29', 260, 'BI BANNER PO 190 (KANTOR)', 'Debit', 90000, 11),
(1310, 'JU1076', '2024-02-01', '2024-01-29', 182, 'BI BANNER PO 190', 'Kredit', 180000, 11),
(1311, 'JU1077', '2024-02-01', '2024-01-29', 183, 'BI BANNER PO 191 (ME)', 'Debit', 313500, 11),
(1312, 'JU1078', '2024-02-13', '2024-01-29', 260, 'BI BANNER PO 191 (KANTOR)', 'Debit', 136500, 11),
(1313, 'JU1079', '2024-02-01', '2024-01-29', 182, 'BI BANNER PO 191', 'Kredit', 450000, 11),
(1314, 'JU1080', '2024-02-13', '2024-01-29', 266, 'BI KAYU LIST 50 KG', 'Debit', 375000, 11),
(1315, 'JU1081', '2024-02-01', '2024-01-29', 182, 'BI KAYU LIST 50 KG', 'Kredit', 375000, 11),
(1316, 'JU1082', '2024-02-01', '2024-01-29', 182, 'TERIMA PEMBAYARAN ONGKOS PASANG BANNER SIDOARJO YENNY (ME)', 'Debit', 35000, 11),
(1317, 'JU1083', '2024-02-01', '2024-01-29', 183, 'TERIMA PEMBAYARAN ONGKOS PASANG BANNER SIDOARJO YENNY (ME)', 'Kredit', 35000, 11),
(1318, 'JU1084', '2024-02-28', '2024-01-29', 182, 'TERIMA TITIPAN PEMBELIAN BANNER YOAN (ME) PO 194 DAN PO 195', 'Debit', 167400, 11),
(1319, 'JU1085', '2024-02-28', '2024-01-29', 183, 'TERIMA TITIPAN PEMBELIAN BANNER YOAN (ME) PO 194', 'Kredit', 150000, 11),
(1320, 'JU1086', '2024-02-01', '2024-01-29', 183, 'BI BANNE PO 192 (ME)', 'Debit', 105000, 11),
(1321, 'JU1087', '2024-02-13', '2024-01-30', 260, 'BI BANNER PO 192 (KANTOR)', 'Debit', 105000, 11),
(1322, 'JU1088', '2024-02-01', '2024-01-29', 182, 'BI BANNER PO 192', 'Kredit', 210000, 11),
(1323, 'JU1089', '2024-02-01', '2024-01-30', 182, 'FEE AGENT MAYJENDSUNGKONO 91C', 'Debit', 6125000, 11),
(1324, 'JU1090', '2024-02-13', '2024-01-30', 237, 'FEE AGENT MAYJEND SUNGKONO 91C KANTOR VISION', 'Kredit', 1225000, 11),
(1325, 'JU1091', '2024-02-13', '2024-01-30', 238, 'FEE AGENT MAYJEND SUNGKONO 91C YENNY', 'Kredit', 1837500, 11),
(1326, 'JU1092', '2024-02-13', '2024-01-30', 239, 'FEE CO BROKE MAYJEND SUNGKONO 91C DEWI LEE PROPNEX MITRA PROPERTINDO', 'Kredit', 3062500, 11),
(1327, 'JU1093', '2024-02-28', '2024-01-30', 182, 'TERIMA TITIPAN PEMBELIAN BANNER MITA (ME) PO 196', 'Debit', 37500, 11),
(1328, 'JU1094', '2024-02-28', '2024-01-30', 183, 'TERIMA TITIPAN PEMBELIAN BANNER MITA (ME) PO 196', 'Kredit', 37500, 11),
(1329, 'JU1095', '2024-02-01', '2024-01-30', 182, 'FEE AGENT BOULEVARD BLOK NV1 NO 33 ', 'Debit', 4200000, 11),
(1330, 'JU1096', '2024-02-13', '2024-01-30', 237, 'FEE AGENT BOULEVARD BLOK NV1 NO 33 KANTOR VISION', 'Kredit', 840000, 11),
(1331, 'JU1097', '2024-02-13', '2024-01-30', 238, 'FEE AGENT BOULEVARD BLOK NV1 NO 33 LILY TAN', 'Kredit', 1260000, 11),
(1332, 'JU1098', '2024-03-01', '2024-01-30', 236, 'FEE AGENT BOULEVARD BLOK NV1 NO 33 GUN/ANA', 'Kredit', 2100000, 11),
(1333, 'JU1099', '2024-02-28', '2024-01-30', 182, 'TERIMA TITIPAN PEMBELIAN BANNER ANI YUHUU (ME) PO 197 DAN PO 198', 'Debit', 284500, 11),
(1334, 'JU1100', '2024-02-28', '2024-01-30', 183, 'TERIMA TITIPAN PEMBELIAN BANNER ANI YUHUU (ME) PO 197', 'Kredit', 277500, 11),
(1335, 'JU1101', '2024-02-28', '2024-01-30', 182, 'TERIMA TITIPAN PEMBELIAN BANNER ANG/FRAN/WIN (ME) PO 199 DAN PO 200', 'Debit', 112500, 11),
(1336, 'JU1102', '2024-02-28', '2024-01-30', 183, 'TERIMA TITIPAN PEMBELIAN BANNER ANG/FRAN/WIN (ME) PO 199', 'Kredit', 90000, 11),
(1337, 'JU1103', '2024-02-28', '2024-01-31', 182, 'TERIMA TITIPAN PEMBELIAN BANNER INATA (ME) PO 199 DAN PO 200', 'Debit', 138000, 11),
(1338, 'JU1104', '2024-02-28', '2024-01-31', 183, 'TERIMA TITIPAN PEMBELIAN BANNER INATA (ME) PO 199', 'Kredit', 48000, 11),
(1339, 'JU1105', '2024-02-28', '2024-01-31', 182, 'TERIMA TITIPAN PEMBELIAN BANNER LEYEN GOSWATI (ME) PO 199', 'Debit', 522500, 11),
(1340, 'JU1106', '2024-02-28', '2024-01-31', 183, 'TERIMA TITIPAN PEMBELIAN BANNER LEYEN GOSWATI (ME) PO 199', 'Kredit', 522500, 11),
(1341, 'JU1107', '2024-02-13', '2024-01-31', 238, 'FEE AGENT ROMOKALISARI BLOK C-31 CLAUDIA', 'Debit', 525000, 11),
(1342, 'JU1108', '2024-02-23', '2024-01-31', 237, 'BI ADM 2,5%', 'Kredit', 13125, 11),
(1343, 'JU1109', '2024-02-02', '2024-01-31', 103, 'PPH 21 FEE AGENT ROMOKALISARI BLOK C-31 CLAUDIA', 'Kredit', 12797, 11),
(1344, 'JU1110', '2024-02-02', '2024-01-31', 182, 'FEE AGENT ROMOKALISARI BLOK C-31 CLAUDIA', 'Kredit', 499078, 11),
(1345, 'JU1111', '2024-02-13', '2024-01-31', 232, 'FEE CMO ROMOKALISARI BLOK C-31 JULIA', 'Debit', 11250, 11),
(1346, 'JU1112', '2024-02-02', '2024-01-31', 103, 'PPH 21 FEE CMO ROMOKALISARI BLOK C-31 JULIA', 'Kredit', 281, 11),
(1347, 'JU1113', '2024-02-02', '2024-01-31', 182, 'FEE CMO ROMOKALISARI BLOK C-31 JULIA', 'Kredit', 10969, 11),
(1348, 'JU1114', '2024-02-02', '2024-01-31', 183, 'BI BANNER PO 194 (ME)', 'Debit', 150000, 11),
(1349, 'JU1115', '2024-02-13', '2024-01-31', 260, 'BI BANNER PO 194 (KANTOR)', 'Debit', 150000, 11),
(1350, 'JU1116', '2024-02-02', '2024-01-31', 182, 'BI BANNER PO 194', 'Kredit', 300000, 11),
(1351, 'JU1117', '2024-02-02', '2024-01-31', 183, 'BI BANNER PO 196 (ME)', 'Debit', 37500, 11),
(1352, 'JU1118', '2024-02-13', '2024-01-31', 260, 'BI BANNER PO 196 (KANTOR)', 'Debit', 37500, 11),
(1353, 'JU1119', '2024-02-02', '2024-01-31', 182, 'BI BANNER PO 196', 'Kredit', 75000, 11),
(1354, 'JU1120', '2024-02-02', '2024-01-31', 183, 'BI BANNER PO 197 (ME)', 'Debit', 277500, 11),
(1355, 'JU1121', '2024-02-13', '2024-01-31', 260, 'BI BANNER PO 197 (KANTOR)', 'Debit', 277500, 11),
(1356, 'JU1122', '2024-02-02', '2024-01-31', 182, 'BI BANNER PO 197', 'Kredit', 555000, 11),
(1357, 'JU1123', '2024-02-13', '2024-01-31', 238, 'FEE AGENT JL DARUS SAKINAH II/1 NP-119 GRESIK INDRAWATI', 'Debit', 1750000, 11),
(1358, 'JU1124', '2024-02-02', '2024-01-31', 103, 'PPH 21 FEE AGENT JL DARUS SAKINAH II/1 NP-119 GRESIK INDRAWATI', 'Kredit', 43750, 11),
(1359, 'JU1125', '2024-02-02', '2024-01-31', 182, 'FEE AGENT JL DARUS SAKINAH II/1 NP-119 GRESIK INDRAWATI', 'Kredit', 1706250, 11),
(1360, 'JU1126', '2024-02-13', '2024-01-31', 232, 'FEE EMD JL DARUS SAKINAH II/1 NP-119 GRESIK INDRI', 'Debit', 87500, 11),
(1361, 'JU1127', '2024-02-02', '2024-01-31', 103, 'PPH 21 FEE EMD JL DARUS SAKINAH II/1 NP-119 GRESIK INDRI', 'Kredit', 2188, 11),
(1362, 'JU1128', '2024-02-02', '2024-01-31', 182, 'FEE EMD JL DARUS SAKINAH II/1 NP-119 GRESIK INDRI', 'Kredit', 85313, 11),
(1363, 'JU1129', '2024-02-02', '2024-01-31', 100, 'BI PENGIRIMAN KARTU KE PAK ADITYA MARYADI DI BOGOR', 'Debit', 18000, 11),
(1364, 'JU1130', '2024-02-02', '2024-01-31', 184, 'BI PENGIRIMAN KARTU KE PAK ADITYA MARYADI DI BOGOR', 'Kredit', 18000, 11),
(1365, 'JU1131', '2024-02-02', '2024-01-31', 81, 'BI BENSIN PAK PII TGL 20 JAN-26 JAN', 'Debit', 72000, 11),
(1366, 'JU1132', '2024-02-02', '2024-01-31', 82, 'BI PARKIR PAK PII', 'Debit', 6000, 11),
(1367, 'JU1133', '2024-02-02', '2024-01-31', 184, 'BI BENSIN DAN PARKIR PAK PII', 'Kredit', 78000, 11),
(1369, 'JU1134', '2024-02-02', '2024-01-27', 127, 'BI BENSIN PAK DANI TGL 15-26 JAN', 'Debit', 121000, 11),
(1370, 'JU1135', '2024-02-02', '2024-01-27', 184, 'BI BENSIN PAK DANI TGL 15-26 JAN', 'Kredit', 121000, 11),
(1371, 'JU1136', '2024-02-15', '2024-01-19', 215, 'BI AIR CLUB GELAS 1 DUS', 'Debit', 23000, 11),
(1372, 'JU1137', '2024-02-03', '2024-01-19', 189, 'BI AIR CLUB GELAS 1 DUS', 'Kredit', 23000, 11),
(1373, 'JU1138', '2024-02-15', '2024-01-19', 212, 'BI PLASTIK BROSUR PRIMARY 2 PAK ', 'Debit', 28000, 11),
(1374, 'JU1139', '2024-02-03', '2024-01-19', 189, 'BI PLASTIK BROSUR PRIMARY 2 PAK ', 'Kredit', 28000, 11),
(1380, 'JU1140', '2024-02-22', '2024-01-31', 59, 'BI GAJI STAFF JANUARI', 'Debit', 77094161, 11),
(1381, 'JU1141', '2024-02-05', '2024-01-31', 195, 'TERIMA PEMBAYARAN PINJAMAN PAK EKO', 'Kredit', 400000, 11),
(1382, 'JU1142', '2024-02-05', '2024-01-31', 196, 'TERIMA PEMBAYARAN PINJAMAN BU JULIA', 'Kredit', 500000, 11),
(1383, 'JU1143', '2024-02-05', '2024-01-31', 200, 'TERIMA PEMBAYARAN PINJAMAN ELINA', 'Kredit', 500000, 11),
(1384, 'JU1144', '2024-02-22', '2024-01-31', 178, 'BI GAJI STAFF PUSAT BULAN JANUARI YANG MASIH HARUS DI BAYAR', 'Kredit', 9096153, 11),
(1385, 'JU1145', '2024-02-22', '2024-01-31', 175, 'BI GAJI STAFF JANUARI', 'Kredit', 66598008, 11),
(1386, 'JU1146', '2024-02-22', '2024-01-31', 106, 'BI ADMIN BANK', 'Debit', 30000, 11),
(1387, 'JU1147', '2024-02-22', '2024-01-31', 175, 'BI ADMIN BANK', 'Kredit', 30000, 11),
(1388, 'JU1148', '2024-02-22', '2024-01-31', 203, 'BI GAJI STAFF VISION JANUARI', 'Debit', 8628501, 11),
(1389, 'JU1149', '2024-02-22', '2024-01-31', 241, 'GAJI STAFF VISION JANUARI YANG MASIH HARUS DIBAYAR', 'Kredit', 3507885, 11),
(1392, 'JU1150', '2024-02-22', '2024-01-31', 182, 'BI GAJI STAFF VISION JANUARI', 'Kredit', 5120616, 11),
(1394, 'JU1151', '2024-02-22', '2024-01-31', 254, 'BIAYA ADMIN BANK VISION', 'Debit', 30000, 11),
(1395, 'JU1152', '2024-02-22', '2024-01-31', 182, 'BIAYA ADMIN BANK VISION', 'Kredit', 30000, 11),
(1396, 'JU1153', '2024-02-22', '2024-01-31', 182, 'BUNGA BANK VISION', 'Debit', 24072.31, 11),
(1397, 'JU1154', '2024-02-22', '2024-01-31', 255, 'BUNGA BANK VISION', 'Kredit', 24072.31, 11),
(1398, 'JU1155', '2024-02-22', '2024-01-31', 288, 'PAJAK BUNGA BANK VISION', 'Debit', 4814.46, 11),
(1399, 'JU1156', '2024-02-06', '2024-01-20', 189, 'TAMBAHAN KAS KECIL VISION', 'Debit', 1003300, 11),
(1400, 'JU1157', '2024-02-15', '2024-01-20', 240, 'TAMBAHAN KAS KECIL VISION', 'Kredit', 1003300, 11),
(1401, 'JU1158', '2024-02-15', '2024-01-20', 228, 'BI BENSIN PAK EFFENDI ', 'Debit', 59000, 11),
(1402, 'JU1159', '2024-02-15', '2024-01-20', 229, 'BI PARKIR PAK EFFENDI', 'Debit', 11000, 11),
(1403, 'JU1160', '2024-02-06', '2024-01-20', 189, 'BI BENSIN DAN PARKIR PAK EFFENDI', 'Kredit', 70000, 11),
(1404, 'JU1161', '2024-02-15', '2024-01-20', 228, 'BI BENSIN PAK IRWAN', 'Debit', 35000, 11),
(1405, 'JU1162', '2024-02-15', '2024-01-20', 229, 'BI PARKIR PAK IRWAN', 'Debit', 9000, 11),
(1406, 'JU1163', '2024-02-06', '2024-01-20', 189, 'BI BENSIN DAN PARKIR PAK IRWAN', 'Kredit', 44000, 11),
(1407, 'JU1164', '2024-02-15', '2024-01-21', 212, 'BI SOLASI BENING UNTUK KANTOR MANYAR', 'Debit', 14500, 11),
(1408, 'JU1165', '2024-02-06', '2024-01-21', 189, 'BI SOLASI BENING UNTUK KANTOR MANYAR', 'Kredit', 14500, 11),
(1409, 'JU1166', '2024-02-15', '2024-01-21', 266, 'BI 2 KABEL BOX 10M ', 'Debit', 160000, 11),
(1410, 'JU1167', '2024-02-06', '2024-01-21', 189, 'BI 2 KABEL BOX 10M ', 'Kredit', 160000, 11),
(1411, 'JU1168', '2024-02-15', '2024-01-27', 228, 'BI BENSIN PAK IRWAN', 'Debit', 61000, 11),
(1412, 'JU1169', '2024-02-15', '2024-01-27', 229, 'BI PARKIR PAK IRWAN', 'Debit', 9000, 11),
(1413, 'JU1170', '2024-02-06', '2024-01-27', 189, 'BI BENSIN PAK IRWAN', 'Kredit', 70000, 11),
(1414, 'JU1171', '2024-02-15', '2024-01-27', 228, 'BI BENSIN PAK EFFENDI ', 'Debit', 49000, 11),
(1415, 'JU1172', '2024-02-06', '2024-01-27', 189, 'BI BENSIN PAK EFFENDI ', 'Kredit', 49000, 11),
(1416, 'JU1173', '2024-02-15', '2024-01-27', 210, 'BI PEMBELIAN FORM BKK 50 LEMBAR KE PUSAT', 'Debit', 5000, 11),
(1417, 'JU1174', '2024-02-15', '2024-01-27', 210, 'BI PEMBELIAN FORM BBK 1 BUKU KE PUSAT', 'Debit', 10000, 11),
(1418, 'JU1175', '2024-02-06', '2024-01-27', 189, 'BI PEMBELIAN FORM BKK 50 LEMBAR DAN BBK 1 BUKU KE PUSAT', 'Kredit', 15000, 11),
(1419, 'JU1176', '2024-02-15', '2024-01-27', 227, 'BI PARKIR AMBIL BANNER DI HOPE', 'Debit', 2000, 11),
(1420, 'JU1177', '2024-02-06', '2024-01-27', 189, 'BI PARKIR AMBIL BANNER DI HOPE', 'Kredit', 2000, 11),
(1421, 'JU1178', '2024-02-15', '2024-01-27', 227, 'BI PARKIR AMBIL STIKER DI SMILE', 'Debit', 2000, 11),
(1422, 'JU1179', '2024-02-06', '2024-01-27', 189, 'BI PARKIR AMBIL STIKER DI SMILE', 'Kredit', 2000, 11),
(1423, 'JU1180', '2024-02-15', '2024-01-29', 211, 'BI MATERAI LEGAL VISION 15 PCS', 'Debit', 150000, 11),
(1424, 'JU1181', '2024-02-06', '2024-01-29', 189, 'BI MATERAI LEGAL VISION 15 PCS', 'Kredit', 150000, 11),
(1425, 'JU1182', '2024-02-15', '2024-01-29', 227, 'BI PARKIR BELI MATERAI', 'Debit', 3000, 11),
(1426, 'JU1183', '2024-02-06', '2024-01-29', 189, 'BI PARKIR BELI MATERAI', 'Kredit', 3000, 11),
(1433, 'JU1188', '2024-02-13', '2024-02-03', 71, 'BI PEMBELIAN 19 AIR GALON ASIAN BULAN DESEMBER 2023', 'Debit', 275500, 11),
(1434, 'JU1189', '2024-02-13', '2024-02-03', 184, 'BI PEMBELIAN 19 AIR GALON ASIAN BULAN DESEMBER 2023', 'Kredit', 275500, 11),
(1435, 'JU1190', '2024-02-13', '2024-02-03', 127, 'BI BENSIN PAK EKO TGL 27 JAN-2 FEB', 'Debit', 72000, 11),
(1436, 'JU1191', '2024-02-13', '2024-02-03', 184, 'BI BENSIN PAK EKO TGL 27 JAN-2 FEB', 'Kredit', 72000, 11),
(1437, 'JU1192', '2024-02-13', '2024-02-03', 81, 'BI BENSIN PAK PII TGL 27 JAN-2 FEB', 'Debit', 70000, 11),
(1438, 'JU1193', '2024-02-13', '2024-02-03', 82, 'BI PARKIR PAK PII', 'Debit', 6000, 11),
(1439, 'JU1194', '2024-02-13', '2024-02-03', 184, 'BI BENSIN PAK PII TGL 27 JAN-2 FEB DAN PARKIR', 'Kredit', 76000, 11),
(1440, 'JU1195', '2024-02-13', '2024-02-03', 127, 'BI BENSIN PAK PUJI TGL 20 JAN-25 JAN', 'Debit', 42000, 11),
(1441, 'JU1196', '2024-02-13', '2024-02-03', 128, 'BI PARKIR PAK PUJI', 'Debit', 3000, 11),
(1442, 'JU1197', '2024-02-13', '2024-02-03', 184, 'BI BENSIN PAK PUJI TGL 20 JAN-25 JAN DAN PARKIR', 'Kredit', 45000, 11),
(1443, 'JU1198', '2024-02-13', '2024-02-03', 127, 'BI BENSIN PAK PUJI TGL 26 JAN-2 FEB', 'Debit', 44000, 11),
(1444, 'JU1199', '2024-02-13', '2024-02-03', 184, 'BI BENSIN PAK PUJI TGL 26 JAN-2 FEB', 'Kredit', 44000, 11),
(1445, 'JU1200', '2024-02-13', '2024-02-05', 68, 'BI PEMBELIAN PORTEX KANTOR PUSAT', 'Debit', 20900, 11),
(1446, 'JU1201', '2024-02-13', '2024-02-05', 184, 'BI PEMBELIAN PORTEX KANTOR PUSAT', 'Kredit', 20900, 11),
(1447, 'JU1202', '2024-02-13', '2024-02-05', 81, 'BI BENSIN YOLANDA PRIMARY PK DI GUNAWANGSA MERR', 'Debit', 10000, 11),
(1448, 'JU1203', '2024-02-13', '2024-02-05', 82, 'BI PARKIR YOLANDA PRIMARY', 'Debit', 7000, 11),
(1449, 'JU1204', '2024-02-13', '2024-02-05', 184, 'BI BENSIN YOLANDA PRIMARY PK DI GUNAWANGSA MERR DAN PARKIR', 'Kredit', 17000, 11),
(1450, 'JU1205', '2024-02-13', '2024-02-05', 127, 'BI BENSIN BU JULIA', 'Debit', 150000, 11),
(1451, 'JU1206', '2024-02-13', '2024-02-05', 184, 'BI BENSIN BU JULIA TGL 23 JAN', 'Kredit', 150000, 11),
(1452, 'JU1207', '2024-02-13', '2024-02-05', 66, 'BI FOTOCOPY KERTAS LISTING GUN/ANA 100 LEMBAR', 'Debit', 19000, 11),
(1453, 'JU1208', '2024-02-13', '2024-02-05', 184, 'BI FOTOCOPY KERTAS LISTING GUN/ANA 100 LEMBAR', 'Kredit', 19000, 11),
(1454, 'JU1209', '2024-02-13', '2024-02-05', 81, 'BI BENSIN PAK DANANG KE CITRALAND DAN GRAHA FAMILY AMBIL KERTAS TEAM LEGAL', 'Debit', 10000, 11),
(1455, 'JU1210', '2024-02-13', '2024-02-05', 184, 'BI BENSIN PAK DANANG KE CITRALAND DAN GRAHA FAMILY AMBIL KERTAS TEAM LEGAL', 'Kredit', 10000, 11),
(1456, 'JU1211', '2024-02-13', '2024-02-05', 67, 'BI MATERAI UNTUK HRD ', 'Debit', 100000, 11),
(1457, 'JU1212', '2024-02-13', '2024-02-05', 184, 'BI MATERAI UNTUK HRD ', 'Kredit', 100000, 11),
(1458, 'JU1213', '2024-02-13', '2024-02-05', 63, 'BI PEMBELIAN TINTA KUNING DAN BIRU UNTUK PRINTER BROTHER PUSAT DAN VISION', 'Debit', 230000, 11),
(1459, 'JU1214', '2024-02-13', '2024-02-05', 184, 'BI PEMBELIAN TINTA KUNING DAN BIRU UNTUK PRINTER BROTHER PUSAT DAN VISION', 'Kredit', 230000, 11),
(1460, 'JU1215', '2024-02-13', '2024-02-07', 64, 'BI PEMBELIAN KERTAS HVS A4 UNTUK ADMIN PUSAT', 'Debit', 39000, 11),
(1461, 'JU1216', '2024-02-13', '2024-02-07', 184, 'BI PEMBELIAN KERTAS HVS A4 UNTUK ADMIN PUSAT', 'Kredit', 39000, 11),
(1462, 'JU1217', '2024-02-13', '2024-02-07', 68, 'BI PEMBELIAN PEMBERSIH LANTAI 2PCS', 'Debit', 46400, 11),
(1463, 'JU1218', '2024-02-13', '2024-02-07', 184, 'BI PEMBELIAN PEMBERSIH LANTAI 2PCS', 'Kredit', 46400, 11),
(1464, 'JU1219', '2024-02-13', '2024-02-07', 81, 'BI BENSIN PAK DANANG ANTAR HAMPERS KE EMBONG GAYAM', 'Debit', 10000, 11),
(1465, 'JU1220', '2024-02-13', '2024-02-07', 184, 'BI BENSIN PAK DANANG ANTAR HAMPERS KE EMBONG GAYAM', 'Kredit', 10000, 11),
(1466, 'JU1221', '2024-02-24', '2024-02-07', 127, 'BI BENSIN AGYA KANTOR ', 'Debit', 150000, 11),
(1467, 'JU1222', '2024-02-13', '2024-02-07', 184, 'BI BENSIN AGYA KANTOR ', 'Kredit', 150000, 11),
(1468, 'JU1223', '2024-02-13', '2024-02-09', 67, 'BI MATERAI LEGAL PUSAT', 'Debit', 100000, 11),
(1469, 'JU1224', '2024-02-13', '2024-02-09', 184, 'BI MATERAI LEGAL PUSAT', 'Kredit', 100000, 11),
(1470, 'JU1225', '2024-02-13', '2024-02-09', 64, 'BI KERTAS HVS UNTUK ADMIN PUSAT DI VISION', 'Debit', 39000, 11),
(1471, 'JU1226', '2024-02-13', '2024-02-09', 64, 'BI KERTAS BUFALLO UNTUK ADMIN PUSAT', 'Debit', 5000, 11),
(1472, 'JU1227', '2024-02-13', '2024-02-09', 63, 'BI PAPER FASTENER UNTUK ADMIN PUSAT', 'Debit', 10700, 11),
(1473, 'JU1228', '2024-02-13', '2024-02-09', 184, 'BI KERTAS HVS UNTUK ADMIN PUSAT DI VISION, KERTAS BUFALLO DAN PAPER FASTENER UNTUK ADMIN PUSAT', 'Kredit', 54700, 11),
(1474, 'JU1229', '2024-02-13', '2024-02-09', 127, 'BI BENSIN PAK ANTO TGL 27 JAN-3 FEB', 'Debit', 66000, 11),
(1475, 'JU1230', '2024-02-13', '2024-02-09', 184, 'BI BENSIN PAK ANTO TGL 27 JAN-3 FEB', 'Kredit', 66000, 11),
(1476, 'JU1231', '2024-02-13', '2024-02-12', 81, 'BI BENSIN PAK PII TGL 3 FEB-7 FEB', 'Debit', 36000, 11),
(1477, 'JU1232', '2024-02-13', '2024-02-12', 82, 'BI PARKIR PAK PII', 'Debit', 3000, 11),
(1478, 'JU1233', '2024-02-13', '2024-02-12', 184, 'BI BENSIN PAK PII TGL 3 FEB-7 FEB DAN PARKIR', 'Kredit', 39000, 11),
(1479, 'JU1234', '2024-02-13', '2024-02-12', 127, 'BI BENSIN PAK DANI SIDOARJO TGL 27 JAN-2 FEB', 'Debit', 70000, 11),
(1480, 'JU1235', '2024-02-13', '2024-02-12', 184, 'BI BENSIN PAK DANI SIDOARJO TGL 27 JAN-2 FEB', 'Kredit', 70000, 11),
(1481, 'JU1236', '2024-02-15', '2024-02-12', 139, 'BI LAKBAN PAK EKO', 'Debit', 12000, 11),
(1482, 'JU1237', '2024-02-13', '2024-02-12', 184, 'BI LAKBAN PAK EKO', 'Kredit', 12000, 11),
(1483, 'JU1238', '2024-02-13', '2024-02-12', 68, 'BI PEMBELIAN MAP FLIPPER PAPER BAG UNTUK LEGAL PUSAT 5 PCS', 'Debit', 27000, 11),
(1484, 'JU1239', '2024-02-13', '2024-02-12', 184, 'BI PEMBELIAN MAP FLIPPER PAPER BAG UNTUK LEGAL PUSAT 5 PCS', 'Kredit', 27000, 11),
(1485, 'JU1240', '2024-02-13', '2024-02-12', 66, 'BI PEMBELIAN KWITANSI RANGKAP 3 UNTUK LEGAL', 'Debit', 10000, 11),
(1486, 'JU1241', '2024-02-13', '2024-02-12', 184, 'BI PEMBELIAN KWITANSI RANGKAP 3 UNTUK LEGAL', 'Kredit', 10000, 11),
(1487, 'JU1242', '2024-02-13', '2024-02-13', 127, 'BI BENSIN BU JULIA TGL 1 FEB', 'Debit', 150000, 11),
(1488, 'JU1243', '2024-02-13', '2024-02-13', 184, 'BI BENSIN BU JULIA TGL 1 FEB', 'Kredit', 150000, 11),
(1489, 'JU1244', '2024-02-13', '2024-02-02', 62, 'KERAJINAN STAFF JANUARI 2024 MOCH ABDUL ROHMAN', 'Debit', 350000, 11),
(1490, 'JU1245', '2024-02-13', '2024-02-02', 175, 'KERAJINAN STAFF JANUARI 2024 MOCH ABDUL ROHMAN', 'Kredit', 350000, 11),
(1491, 'JU1246', '2024-02-13', '2024-02-03', 152, 'BI SEWA RUKO VISION TAHUN KE 2', 'Debit', 80000000, 11),
(1492, 'JU1247', '2024-02-13', '2024-02-03', 175, 'BI SEWA RUKO VISION TAHUN KE 2', 'Kredit', 80000000, 11),
(1493, 'JU1248', '2024-02-15', '2024-02-03', 154, 'BI KONSUMSI MARKETING', 'Debit', 150000, 11),
(1494, 'JU1249', '2024-02-13', '2024-02-03', 175, 'BI KONSUMSI MARKETING', 'Kredit', 150000, 11),
(1495, 'JU1250', '2024-02-15', '2024-02-03', 157, 'BI KONSUMSI DIREKSI', 'Debit', 1098125, 11),
(1496, 'JU1251', '2024-02-13', '2024-02-03', 175, 'BI KONSUMSI DIREKSI', 'Kredit', 1098125, 11),
(1497, 'JU1252', '2024-02-13', '2024-02-03', 129, 'BI E TOLL DIREKSI', 'Debit', 401500, 11),
(1498, 'JU1253', '2024-02-13', '2024-02-03', 175, 'BI E TOLL DIREKSI', 'Kredit', 401500, 11),
(1499, 'JU1254', '2024-02-13', '2024-02-03', 127, 'BI BENSIN DIREKSI', 'Debit', 500000, 11),
(1500, 'JU1255', '2024-02-13', '2024-02-03', 175, 'BI BENSIN DIREKSI', 'Kredit', 500000, 11),
(1501, 'JU1256', '2024-02-13', '2024-02-03', 128, 'BI PARKIR DIREKSI', 'Debit', 16000, 11),
(1503, 'JU1257', '2024-02-13', '2024-02-03', 175, 'BI PARKIR DIREKSI', 'Kredit', 16000, 11),
(1504, 'JU1258', '2024-02-13', '2024-02-03', 128, 'BI PARKIR DIREKSI', 'Debit', 8000, 11),
(1505, 'JU1259', '2024-02-13', '2024-02-03', 175, 'BI PARKIR DIREKSI', 'Kredit', 8000, 11),
(1506, 'JU1260', '2024-02-13', '2024-02-03', 122, 'BI TELP KOMISARIS BU ANA', 'Debit', 866782, 11),
(1507, 'JU1261', '2024-02-13', '2024-02-03', 175, 'BI TELP KOMISARIS BU ANA', 'Kredit', 866782, 11),
(1508, 'JU1262', '2024-02-13', '2024-02-03', 121, 'BI TELPON DIREKSI PAK GUN', 'Debit', 820361, 11),
(1509, 'JU1263', '2024-02-13', '2024-02-03', 175, 'BI TELPON DIREKSI PAK GUN', 'Kredit', 820361, 11),
(1510, 'JU1264', '2024-02-13', '2024-02-03', 119, 'BI TELPON PAK JEFFRY', 'Debit', 119550, 11),
(1511, 'JU1265', '2024-02-13', '2024-02-03', 175, 'BI TELPON PAK JEFFRY', 'Kredit', 119550, 11),
(1512, 'JU1266', '2024-02-13', '2024-02-03', 119, 'BI TELPON ELINA', 'Debit', 91800, 11),
(1513, 'JU1267', '2024-02-13', '2024-02-03', 175, 'BI TELPON ELINA', 'Kredit', 91800, 11),
(1514, 'JU1268', '2024-02-13', '2024-02-03', 120, 'BI TELPON ADMIN GUN/ANA INAYAH', 'Debit', 141750, 11),
(1515, 'JU1269', '2024-02-13', '2024-02-03', 175, 'BI TELPON ADMIN GUN/ANA INAYAH', 'Kredit', 141750, 11),
(1516, 'JU1270', '2024-02-13', '2024-02-03', 181, 'BI TELPON HR', 'Debit', 91800, 11),
(1517, 'JU1271', '2024-02-13', '2024-02-03', 175, 'BI TELPON HR', 'Kredit', 91800, 11),
(1518, 'JU1272', '2024-02-13', '2024-02-03', 93, 'BI BPJS EMAK BULAN JANUARI', 'Debit', 102500, 11),
(1519, 'JU1273', '2024-02-13', '2024-02-03', 175, 'BI BPJS EMAK BULAN JANUARI', 'Kredit', 102500, 11),
(1520, 'JU1274', '2024-02-13', '2024-02-03', 93, 'BI BPJS BAPAK, IBU, AXEL BULAN JANUARI', 'Debit', 452500, 11),
(1528, 'JU1275', '2024-02-13', '2024-02-03', 175, 'BI BPJS BAPAK, IBU, AXEL BULAN JANUARI', 'Kredit', 452500, 11),
(1529, 'JU1276', '2024-02-13', '2024-02-03', 79, 'BI INDIHOME PUSAT ', 'Debit', 363250, 11),
(1530, 'JU1277', '2024-02-13', '2024-02-03', 175, 'BI INDIHOME PUSAT ', 'Kredit', 363250, 11),
(1531, 'JU1278', '2024-02-13', '2024-02-03', 78, 'BI PLN PUSAT', 'Debit', 1127239, 11),
(1532, 'JU1279', '2024-02-13', '2024-02-03', 164, 'TITIPAN PEMBAYARAN PLN VISION', 'Debit', 1127239, 11),
(1533, 'JU1280', '2024-02-13', '2024-02-03', 164, 'TITIPAN PEMBAYARAN PLN HAPPY MOM', 'Debit', 1127239, 11),
(1534, 'JU1281', '2024-02-13', '2024-02-03', 175, 'BI PLN PUSAT, VISION, HAPPY MOM', 'Kredit', 3381717, 11),
(1535, 'JU1282', '2024-02-13', '2024-02-03', 181, 'BI PULSA PRIMARY', 'Debit', 43000, 11),
(1536, 'JU1283', '2024-02-13', '2024-02-03', 120, 'BI PULSA GUN/ANA TINA', 'Debit', 43000, 11),
(1537, 'JU1284', '2024-02-13', '2024-02-03', 120, 'BI TELPON GUN/ANA RISCA', 'Debit', 43000, 11),
(1538, 'JU1285', '2024-02-13', '2024-02-03', 120, 'BI PULSA KOORDINATOR LAPANGAN PAK ANTO', 'Debit', 13000, 11),
(1539, 'JU1286', '2024-02-13', '2024-02-03', 106, 'BI ADMIN SHOPEEPAY', 'Debit', 1000, 11),
(1540, 'JU1287', '2024-02-13', '2024-02-03', 175, 'BI PULSA PRIMARY, ADMIN GUN/ANA DAN KOORDINATOR LAPANGAN', 'Kredit', 143000, 11),
(1541, 'JU1288', '2024-02-13', '2024-02-03', 79, 'BI INTERNET BIZNET LT 3', 'Debit', 832500, 11),
(1542, 'JU1289', '2024-02-13', '2024-02-03', 175, 'BI INTERNET BIZNET LT 3', 'Kredit', 832500, 11),
(1543, 'JU1290', '2024-02-13', '2024-02-03', 164, 'TITIPAN PEMBAYARAN BIZNET LT 1 HAPPY MOM', 'Debit', 157250, 11),
(1544, 'JU1291', '2024-02-13', '2024-02-03', 79, 'BI BIZNET DIBAGI 3 (PUSAT)', 'Debit', 157250, 11),
(1545, 'JU1292', '2024-02-13', '2024-02-03', 164, 'TITIPAN PEMBAYARAN BIZNET DIBAGI 3 (VISION)', 'Debit', 157250, 11),
(1546, 'JU1293', '2024-02-13', '2024-02-03', 175, 'BI BIZNET LANTAI 1 HAPPY MOM DIBAGI 3 (PUSAT, VISION, HAPPY MOM)', 'Kredit', 471750, 11),
(1547, 'JU1294', '2024-02-13', '2024-02-03', 72, 'BI MOELJATI', 'Debit', 750000, 11),
(1548, 'JU1295', '2024-02-13', '2024-02-03', 175, 'BI MOELJATI', 'Kredit', 750000, 11),
(1549, 'JU1296', '2024-02-13', '2024-02-03', 106, 'BI ADMIN BANK SISWANTO', 'Debit', 2500, 11),
(1550, 'JU1297', '2024-02-13', '2024-02-03', 175, 'BI ADMIN BANK SISWANTO', 'Kredit', 2500, 11),
(1551, 'JU1298', '2024-02-13', '2024-02-03', 79, 'BI MYREPUBLIC PUSAT', 'Debit', 736500, 11),
(1552, 'JU1299', '2024-02-13', '2024-02-03', 175, 'BI MYREPUBLIC PUSAT', 'Kredit', 736500, 11),
(1553, 'JU1300', '2024-02-16', '2024-02-02', 10, 'UTJ RUMAH SEMEMI JAYA SELATAN 8/6', 'Debit', 10000000, 11),
(1554, 'JU1301', '2024-02-16', '2024-02-02', 289, 'UTJ RUMAH SEMEMI JAYA SELATAN 8/6', 'Kredit', 10000000, 11),
(1555, 'JU1302', '2024-02-16', '2024-02-02', 185, 'TITIPAN PELUNASAN DEPOSIT NV 11/7', 'Debit', 5000000, 11),
(1556, 'JU1303', '2024-02-16', '2024-02-02', 10, 'TITIPAN PELUNASAN DEPOSIT NV 11/7', 'Kredit', 5000000, 11),
(1557, 'JU1304', '2024-02-16', '2024-02-03', 10, 'UTJ RUKO GWALK W1/5', 'Debit', 20000000, 11),
(1558, 'JU1305', '2024-02-16', '2024-02-03', 290, 'UTJ RUKO GWALK W1/5', 'Kredit', 20000000, 11),
(1559, 'JU1306', '2024-02-16', '2024-02-04', 10, 'SEWA RUKO PANJI MAKMUR', 'Debit', 7500000, 11),
(1560, 'JU1307', '2024-02-16', '2024-02-04', 291, 'SEWA RUKO PANJI MAKMUR', 'Kredit', 7500000, 11),
(1561, 'JU1308', '2024-02-16', '2024-02-05', 192, 'UTJ SEWA RUMAH JL RUNGKUT MAPAN BARAT VII/BG-03 DITRANSFER KE PEMILIK', 'Debit', 3750000, 11),
(1562, 'JU1309', '2024-02-16', '2024-02-05', 10, 'UTJ SEWA RUMAH JL RUNGKUT MAPAN BARAT VII/BG-03 DITRANSFER KE PEMILIK', 'Kredit', 3750000, 11),
(1563, 'JU1310', '2024-02-16', '2024-02-05', 192, 'FEE AGENT SEWA RUMAH JL RUNGKUT MAPAN BARAT VII/BG-03', 'Debit', 1250000, 11),
(1564, 'JU1311', '2024-02-16', '2024-02-05', 10, 'FEE AGENT SEWA RUMAH JL RUNGKUT MAPAN BARAT VII/BG-03', 'Kredit', 1250000, 11),
(1565, 'JU1312', '2024-02-16', '2024-02-05', 10, 'UTJ SEWA GRAHA NATURA EDENIA F198', 'Debit', 35000000, 11),
(1566, 'JU1313', '2024-02-16', '2024-02-05', 292, 'UTJ SEWA GRAHA NATURA EDENIA F198', 'Kredit', 35000000, 11),
(1567, 'JU1314', '2024-02-16', '2024-02-07', 10, 'UTJ RUMAH MANGROVE WONOREJO', 'Debit', 5000000, 11),
(1568, 'JU1315', '2024-02-16', '2024-02-07', 293, 'UTJ RUMAH MANGROVE WONOREJO', 'Kredit', 5000000, 11),
(1569, 'JU1316', '2024-02-19', '2024-02-07', 10, 'UTJ SEWA RUMAH JL KUTISARI SELATAN II 42/B-1', 'Debit', 5000000, 11),
(1570, 'JU1317', '2024-02-19', '2024-02-07', 294, 'UTJ SEWA RUMAH JL KUTISARI SELATAN II 42/B-1', 'Kredit', 5000000, 11),
(1571, 'JU1318', '2024-02-16', '2024-02-08', 10, 'UTJ SEWA RUKO JL AHMAD YANI NO 285', 'Debit', 10000000, 11),
(1572, 'JU1319', '2024-02-16', '2024-02-08', 287, 'UTJ SEWA RUKO JL AHMAD YANI NO 285', 'Kredit', 10000000, 11),
(1573, 'JU1320', '2024-02-16', '2024-02-09', 10, 'UTJ SEWA RUKO WIYUNG PRAJA', 'Debit', 30000000, 11),
(1574, 'JU1321', '2024-02-16', '2024-02-09', 295, 'UTJ SEWA RUKO WIYUNG PRAJA 10', 'Kredit', 30000000, 11),
(1575, 'JU1322', '2024-02-16', '2024-02-09', 10, 'UTJ SEWA BUKIT TELAGA GOLF TG 1/33 CITRALAND', 'Debit', 55000000, 11),
(1576, 'JU1323', '2024-02-16', '2024-02-09', 296, 'UTJ SEWA BUKIT TELAGA GOLF TG 1/33 CITRALAND', 'Kredit', 55000000, 11),
(1577, 'JU1324', '2024-02-16', '2024-02-09', 287, 'PENGEMBALIAN UTJ SEWA RUKO JL AHMAD YANI NO 285 KARENA RUKO TELAH TERJUAL (BATAL)', 'Debit', 10000000, 11),
(1578, 'JU1325', '2024-02-16', '2024-02-09', 10, 'PENGEMBALIAN UTJ SEWA RUKO JL AHMAD YANI NO 285 KARENA RUKO TELAH TERJUAL (BATAL)', 'Kredit', 10000000, 11),
(1579, 'JU1326', '2024-02-16', '2024-02-09', 31, 'BI ADMIN BANK TRANSAKSI RUKO JL AHMAD YANI NO 285', 'Debit', 2500, 11),
(1580, 'JU1327', '2024-02-16', '2024-02-09', 10, 'BI ADMIN BANK TRANSAKSI RUKO JL AHMAD YANI NO 285', 'Kredit', 2500, 11),
(1581, 'JU1328', '2024-02-16', '2024-02-15', 10, 'FEE PRIMARY TANAH EASTWOOD BLOK EW5 NO 80', 'Debit', 50183028, 11),
(1582, 'JU1329', '2024-02-16', '2024-02-15', 179, 'FEE PRIMARY TANAH EASTWOOD BLOK EW5 NO 80', 'Kredit', 50183028, 11),
(1583, 'JU1330', '2024-02-16', '2024-02-06', 10, 'DP 2 RUKO M6 GWALK', 'Debit', 5000000, 11),
(1584, 'JU1331', '2024-02-16', '2024-02-06', 193, 'DP 2 RUKO M6 GWALK', 'Kredit', 5000000, 11),
(1585, 'JU1332', '2024-02-16', '2024-02-12', 10, 'TITIPAN PEMBAYARAN TERMIN 2 SENTRAL GUDANG MARGOMULYO A5', 'Debit', 150000000, 11),
(1586, 'JU1333', '2024-02-16', '2024-02-12', 52, 'TITIPAN PEMBAYARAN TERMIN 2 SENTRAL GUDANG MARGOMULYO A5', 'Kredit', 150000000, 11),
(1587, 'JU1334', '2024-02-16', '2024-02-13', 52, 'TITIPAN PEMBAYARAN TERMIN 2 SENTRAL GUDANG MARGOMULYO A5', 'Debit', 150000000, 11),
(1588, 'JU1335', '2024-02-16', '2024-02-13', 10, 'TITIPAN PEMBAYARAN TERMIN 2 SENTRAL GUDANG MARGOMULYO A5', 'Kredit', 150000000, 11),
(1589, 'JU1336', '2024-02-16', '2024-02-13', 10, 'TITIPAN UNTUK TARIK TUNAI PEMBAYARAN BIAYA LEGALISIR IMB DAN BLUEPRINT RUMAH VILLA TAMAN TELAGA TJ7/42', 'Debit', 1500000, 11),
(1590, 'JU1337', '2024-02-16', '2024-02-13', 54, 'TITIPAN UNTUK TARIK TUNAI PEMBAYARAN BIAYA LEGALISIR IMB DAN BLUEPRINT RUMAH VILLA TAMAN TELAGA TJ7/42', 'Kredit', 1500000, 11),
(1591, 'JU1338', '2024-02-16', '2024-02-13', 54, 'TITIPAN UNTUK TARIK TUNAI PEMBAYARAN BIAYA LEGALISIR IMB DAN BLUEPRINT RUMAH VILLA TAMAN TELAGA TJ7/42', 'Debit', 1500000, 11),
(1592, 'JU1339', '2024-02-16', '2024-02-13', 10, 'TITIPAN UNTUK TARIK TUNAI PEMBAYARAN BIAYA LEGALISIR IMB DAN BLUEPRINT RUMAH VILLA TAMAN TELAGA TJ7/42', 'Kredit', 1500000, 11),
(1593, 'JU1340', '2024-02-19', '2024-02-16', 296, 'UTJ SEWA TANAH BUKIT TELAGA GOLF TG 1/33 DITRANSFER KE PEMILIK', 'Debit', 55000000, 11),
(1594, 'JU1341', '2024-02-19', '2024-02-16', 10, 'UTJ SEWA TANAH BUKIT TELAGA GOLF TG 1/33 DITRANSFER KE PEMILIK', 'Kredit', 55000000, 11),
(1595, 'JU1342', '2024-02-19', '2024-02-17', 179, 'FEE PRIMARY TANAH EASTWOOD BLOK EW5 NO 80 DITRANSFER KE REK PUSAT', 'Debit', 50183028, 11),
(1596, 'JU1343', '2024-02-19', '2024-02-17', 10, 'FEE PRIMARY TANAH EASTWOOD BLOK EW5 NO 80 DITRANSFER KE REK PUSAT', 'Kredit', 50183028, 11),
(1597, '0', '2024-02-19', '2024-01-01', 0, 'Saldo Awal Pinjaman Karyawan Eko', '', 400000, 11);
INSERT INTO `jurnal_umum` (`id_jurnal`, `kode_jurnal`, `tgl_input_asli_jurnal`, `tgl_input_jurnal`, `id_bttb`, `keterangan_jurnal`, `jenis_jurnal`, `nominal_jurnal`, `admin_jurnal`) VALUES
(1598, '0', '2024-02-19', '2024-01-01', 0, 'Saldo Awal Pinjaman Karyawan Julia', '', 2000000, 11),
(1599, '0', '2024-02-19', '2024-01-01', 0, 'Saldo Awal Pinjaman Karyawan Elina', '', 2000000, 11),
(1600, 'JU1344', '2024-02-21', '2024-02-19', 294, 'PEMBAYARAN DP TUKANG UNTUK PERBAIKAN RUMAH JL KUTISARI SELATAN II 42/B-1', 'Debit', 500000, 11),
(1601, 'JU1345', '2024-02-21', '2024-02-19', 10, 'PEMBAYARAN DP TUKANG UNTUK PERBAIKAN RUMAH JL KUTISARI SELATAN II 42/B-1', 'Kredit', 500000, 11),
(1602, 'JU1346', '2024-02-21', '2024-02-20', 295, 'UTJ SEWA RUKO JL WIYUNG PRAJA NO 10 DITRANSFER KE PEMILIK', 'Debit', 12000000, 11),
(1603, 'JU1347', '2024-02-21', '2024-02-20', 10, 'UTJ SEWA RUKO JL WIYUNG PRAJA NO 10 DITRANSFER KE PEMILIK', 'Kredit', 12000000, 11),
(1604, 'JU1348', '2024-02-21', '2024-02-20', 295, 'FEE AGENT SEWA RUKO JL WIYUNG PRAJA NO 10 DITRANSFER KE REK VISION', 'Debit', 18000000, 11),
(1605, 'JU1349', '2024-02-21', '2024-02-20', 10, 'FEE AGENT SEWA RUKO JL WIYUNG PRAJA NO 10 DITRANSFER KE REK VISION', 'Kredit', 18000000, 11),
(1606, 'JU1350', '2024-02-21', '2024-02-03', 175, 'TERIMA PEMBAYARAN PLN, PDAM, BIZNET HAPPY MOM NOV 2023', 'Debit', 596722, 11),
(1607, 'JU1351', '2024-02-21', '2024-02-03', 164, 'TERIMA PEMBAYARAN PDAM HAPPY MOM NOV 2023', 'Kredit', 19740, 11),
(1608, 'JU1352', '2024-02-21', '2024-02-03', 164, 'TERIMA PEMBAYARAN PLN HAPPY MOM NOV 2023', 'Kredit', 498357, 11),
(1609, 'JU1353', '2024-02-21', '2024-02-03', 164, 'TERIMA PEMBAYARAN BIZNET HAPPY MOM NOV 2023', 'Kredit', 78625, 11),
(1610, 'JU1354', '2024-02-21', '2024-02-03', 175, 'TERIMA PEMBAYARAN PLN, PDAM, BIZNET HAPPY MOM DES 2023', 'Debit', 718424, 11),
(1611, 'JU1355', '2024-02-21', '2024-02-03', 164, 'TERIMA PEMBAYARAN PLN HAPPY MOM DES 2023', 'Kredit', 615659, 11),
(1612, 'JU1356', '2024-02-21', '2024-02-03', 164, 'TERIMA PEMBAYARAN PDAM HAPPY MOM DES 2023', 'Kredit', 24140, 11),
(1613, 'JU1357', '2024-02-21', '2024-02-03', 164, 'TERIMA PEMBAYARAN BIZNET HAPPY MOM DES 2023', 'Kredit', 78625, 11),
(1614, 'JU1358', '2024-02-21', '2024-02-03', 175, 'TERIMA PEMBAYARAN PLN, PDAM, BIZNET HAPPY MOM JAN 2024', 'Debit', 689554, 11),
(1615, 'JU1359', '2024-02-21', '2024-02-03', 164, 'TERIMA PEMBAYARAN PLN HAPPY MOM JAN 2024', 'Kredit', 585322.5, 11),
(1616, 'JU1360', '2024-02-21', '2024-02-03', 164, 'TERIMA PEMBAYARAN PDAM HAPPY MOM JAN 2024', 'Kredit', 25606.5, 11),
(1617, 'JU1361', '2024-02-21', '2024-02-03', 164, 'TERIMA PEMBAYARAN BIZNET HAPPY MOM JAN 2024', 'Kredit', 78625, 11),
(1618, 'JU1362', '2024-02-21', '2024-02-03', 78, 'BI PLN DPT 1', 'Debit', 1651314, 11),
(1619, 'JU1363', '2024-02-21', '2024-02-03', 106, 'BI ADMIN BANK PLN DPT 1', 'Debit', 3000, 11),
(1620, 'JU1364', '2024-02-21', '2024-02-03', 175, 'BI PLN DPT 1', 'Kredit', 1654314, 11),
(1621, 'JU1365', '2024-02-21', '2024-02-03', 78, 'BI PLN DPT 2', 'Debit', 2011189, 11),
(1622, 'JU1366', '2024-02-21', '2024-02-03', 106, 'BI ADMIN BANK PLN DPT 2', 'Debit', 3000, 11),
(1623, 'JU1367', '2024-02-21', '2024-02-03', 175, 'BI PLN DPT 2', 'Kredit', 2014189, 11),
(1624, 'JU1368', '2024-02-21', '2024-02-03', 77, 'BI PDAM PUSAT DAN RETRIBUSI', 'Debit', 404940, 11),
(1625, 'JU1369', '2024-02-21', '2024-02-03', 106, 'BI ADMIN BANK PDAM PUSAT DAN RETRIBUSI ', 'Debit', 2500, 11),
(1626, 'JU1370', '2024-02-21', '2024-02-03', 175, 'BI PDAM PUSAT DAN RETRIBUSI', 'Kredit', 407440, 11),
(1627, 'JU1371', '2024-02-21', '2024-02-03', 77, 'BI PDAM VISION DAN RETRIBUSI (PUSAT)', 'Debit', 66213.33, 11),
(1628, 'JU1372', '2024-02-21', '2024-02-03', 164, 'PEMBAYARAN PDAM VISION DAN RETRIBUSI (VISION)', 'Debit', 66213.33, 11),
(1629, 'JU1373', '2024-02-21', '2024-02-03', 164, 'PEMBAYARAN PDAM VISION DAN RETRIBUSI (HAPPY MOM)', 'Debit', 66213.33, 11),
(1630, 'JU1374', '2024-02-21', '2024-02-03', 175, 'BI PDAM VISION DAN RETRIBUSI (PUSAT, VISION, HAPPY MOM))', 'Kredit', 198640, 11),
(1631, 'JU1375', '2024-02-21', '2024-02-03', 110, 'PEMBULATAN', 'Debit', 0.01, 11),
(1632, 'JU1376', '2024-02-21', '2024-02-03', 175, 'TERIMA PEMBAYARAN PLN, PDAM, BIZNET KOPI WAE NOV 2023', 'Debit', 596722, 11),
(1633, 'JU1377', '2024-02-21', '2024-02-03', 164, 'TERIMA PEMBAYARAN PDAM KOPI WAE NOV 2023', 'Kredit', 19740, 11),
(1634, 'JU1378', '2024-02-21', '2024-02-03', 164, 'TERIMA PEMBAYARAN BIZNET KOPI WAE NOV 2023', 'Kredit', 78625, 11),
(1635, 'JU1379', '2024-02-21', '2024-02-03', 164, 'TERIMA PEMBAYARAN PLN KOPI WAE NOV 2023', 'Kredit', 498357, 11),
(1636, 'JU1380', '2024-02-21', '2024-02-03', 175, 'TERIMA PEMBAYARAN PLN, PDAM, BIZNET KOPI WAE DES 2023', 'Debit', 718424, 11),
(1637, 'JU1381', '2024-02-21', '2024-02-03', 164, 'TERIMA PEMBAYARAN PLN KOPI WAE DES 2023', 'Kredit', 615659, 11),
(1638, 'JU1382', '2024-02-21', '2024-02-03', 164, 'TERIMA PEMBAYARAN PDAM KOPI WAE DES 2023', 'Kredit', 24140, 11),
(1639, 'JU1383', '2024-02-21', '2024-02-03', 164, 'TERIMA PEMBAYARAN BIZNET KOPI WAE DES 2023', 'Kredit', 78625, 11),
(1640, 'JU1384', '2024-02-21', '2024-02-03', 175, 'TERIMA PEMBAYARAN PLN, PDAM, BIZNET KOPI WAE JAN 2024', 'Debit', 689554, 11),
(1641, 'JU1385', '2024-02-21', '2024-02-03', 164, 'TERIMA PEMBAYARAN PLN KOPI WAE JAN 2024', 'Kredit', 585322.5, 11),
(1642, 'JU1386', '2024-02-21', '2024-02-03', 164, 'TERIMA PEMBAYARAN BIZNET KOPI WAE JAN 2024', 'Kredit', 78625, 11),
(1643, 'JU1387', '2024-02-21', '2024-02-03', 164, 'TERIMA PEMBAYARAN PDAM KOPI WAE JAN 2024', 'Kredit', 25606.5, 11),
(1644, 'JU1388', '2024-02-22', '2024-01-31', 182, 'PAJAK BUNGA BANK VISION', 'Kredit', 4814.46, 11),
(1645, 'JU1389', '2024-02-22', '2024-01-31', 257, 'PEMBULATAN FEE EMD JL DARUS SAKINAH II/1 NP-119 GRESIK INDRI', 'Debit', 1, 11),
(1646, 'JU1390', '2024-02-22', '2024-02-13', 81, 'BI BENSIN PAK PAR', 'Debit', 60000, 11),
(1647, 'JU1391', '2024-02-22', '2024-02-13', 68, 'BI PEWANGI MOBIL L 1220 DAR', 'Debit', 12200, 11),
(1648, 'JU1392', '2024-02-22', '2024-02-13', 184, 'BI BENSIN PAK PAR DAN PEWANGI MOBIL L 1220 DAR', 'Kredit', 72200, 11),
(1649, 'JU1393', '2024-02-22', '2024-02-15', 184, 'TAMBAHAN KAS KECIL PUSAT', 'Debit', 1848500, 11),
(1650, 'JU1394', '2024-02-22', '2024-02-15', 163, 'TAMBAHAN KAS KECIL PUSAT', 'Kredit', 1848500, 11),
(1651, 'JU1395', '2024-02-22', '2024-02-16', 81, 'BI BENSIN PAK DANANG AMBIL BANNER KE KEDUNGDORO DAN AMBIL BERKAS', 'Debit', 10000, 11),
(1652, 'JU1396', '2024-02-22', '2024-02-16', 184, 'BI BENSIN PAK DANANG AMBIL BANNER KE KEDUNGDORO DAN AMBIL BERKAS', 'Kredit', 10000, 11),
(1653, 'JU1397', '2024-02-22', '2024-02-16', 63, 'BI PEMBELIAN PENGGARIS', 'Debit', 3000, 11),
(1654, 'JU1398', '2024-02-22', '2024-02-16', 63, 'BI BALLPOINT 1 PACK UNTUK KANTOR PUSAT', 'Debit', 14000, 11),
(1655, 'JU1399', '2024-02-22', '2024-02-16', 184, 'BI PEMBELIAN ATK PENGGARIS DAN BOLLPOINT UNTUK KANTOR PUSAT', 'Kredit', 17000, 11),
(1656, 'JU1400', '2024-02-22', '2024-02-16', 67, 'BI MATERAI LEGAL PUSAT', 'Debit', 100000, 11),
(1657, 'JU1401', '2024-02-22', '2024-02-16', 82, 'BI PARKIR BELI MATERAI UNTUK LEGAL PUSAT', 'Debit', 3000, 11),
(1658, 'JU1402', '2024-02-22', '2024-02-16', 184, 'BI MATERAI LEGAL DAN PARKIR', 'Kredit', 103000, 11),
(1659, 'JU1403', '2024-02-22', '2024-02-16', 89, 'BI IURAN BULAN FEBRUARI 2024', 'Debit', 400000, 11),
(1660, 'JU1404', '2024-02-22', '2024-02-16', 184, 'BI IURAN BULAN FEBRUARI 2024', 'Kredit', 400000, 11),
(1661, 'JU1405', '2024-02-24', '2024-02-16', 127, 'BI BENSIN INOVA PUTIH L 1265 VF', 'Debit', 200000, 11),
(1662, 'JU1406', '2024-02-22', '2024-02-16', 184, 'BI BENSIN INOVA PUTIH L 1265 VF', 'Kredit', 200000, 11),
(1663, 'JU1407', '2024-02-22', '2024-02-17', 71, 'BI 2 GALON AIR ISI ULANG', 'Debit', 10000, 11),
(1664, 'JU1408', '2024-02-22', '2024-02-17', 184, 'BI 2 GALON AIR ISI ULANG', 'Kredit', 10000, 11),
(1665, 'JU1409', '2024-03-01', '2024-02-17', 127, 'BI BENSIN BU JULIA TGL 9 FEB 2024', 'Debit', 150000, 11),
(1666, 'JU1410', '2024-03-01', '2024-02-17', 184, 'BI BENSIN BU JULIA TGL 9 FEB 2024', 'Kredit', 150000, 11),
(1667, 'JU1411', '2024-02-22', '2024-02-17', 81, 'BI BENSIN PAK DANANG AMBIL BANNER DAN BELI MATERAI', 'Debit', 10000, 11),
(1668, 'JU1412', '2024-02-22', '2024-02-17', 184, 'BI BENSIN PAK DANANG AMBIL BANNER DAN BELI MATERAI', 'Kredit', 10000, 11),
(1669, 'JU1413', '2024-02-22', '2024-02-17', 66, 'BI PEMBELIAN BBK 20 BUKU @9.500', 'Debit', 190000, 11),
(1670, 'JU1414', '2024-02-22', '2024-02-17', 184, 'BI PEMBELIAN BBK 20 BUKU @9.500', 'Kredit', 190000, 11),
(1672, 'JU1416', '2024-02-22', '2024-02-17', 184, 'BI BENSIN PAK PII TGL 9 FEB-6 FEB', 'Kredit', 48000, 11),
(1673, 'JU1417', '2024-02-22', '2024-02-17', 127, 'BI BENSIN PAK BAGAS CANVASING TGL 1 FEB-9 FEB', 'Debit', 73000, 11),
(1674, 'JU1418', '2024-02-22', '2024-02-17', 184, 'BI BENSIN PAK BAGAS CANVASING TGL 1 FEB-9 FEB', 'Kredit', 73000, 11),
(1675, 'JU1419', '2024-02-22', '2024-02-19', 130, 'BI TAMBAL BAN AGYA KANTOR ', 'Debit', 50000, 11),
(1676, 'JU1420', '2024-02-22', '2024-02-19', 184, 'BI TAMBAL BAN AGYA KANTOR ', 'Kredit', 50000, 11),
(1677, 'JU1421', '2024-02-22', '2024-02-20', 66, 'BI PEMBELIAN NOTA KOSONG', 'Debit', 1500, 11),
(1678, 'JU1422', '2024-02-22', '2024-02-20', 68, 'BI LEM TEMBAK UNTUK IT', 'Debit', 2500, 11),
(1679, 'JU1423', '2024-02-22', '2024-02-20', 139, 'BI TALI RAFIA PAK ANTO', 'Debit', 2000, 11),
(1680, 'JU1424', '2024-02-22', '2024-02-20', 68, 'BI DOUBLE TAPE (PUSAT)', 'Debit', 5900, 11),
(1681, 'JU1425', '2024-02-22', '2024-02-20', 68, 'BI LEM KERTAS UNTUK LEGAL PUSAT', 'Debit', 4500, 11),
(1682, 'JU1426', '2024-02-22', '2024-02-20', 82, 'BI PARKIR BELI NOTA KOSONG, LEM TEMBAK, TALI RAFIA, DOUBLE TAPE, LEM STICK', 'Debit', 2000, 11),
(1683, 'JU1427', '2024-02-22', '2024-02-20', 184, 'BI BELI NOTA KOSONG, LEM TEMBAK, TALI RAFIA, DOUBLE TAPE, LEM STICK, PARKIR', 'Kredit', 18400, 11),
(1684, 'JU1428', '2024-02-22', '2024-02-20', 67, 'BI MATERAI LEGAL PUSAT', 'Debit', 100000, 11),
(1685, 'JU1429', '2024-02-22', '2024-02-20', 184, 'BI MATERAI LEGAL PUSAT', 'Kredit', 100000, 11),
(1686, 'JU1430', '2024-02-22', '2024-02-20', 66, 'BI FOTOCOPY KERTAS LISTING 100 LEMBAR', 'Debit', 19000, 11),
(1687, 'JU1431', '2024-02-22', '2024-02-20', 184, 'BI FOTOCOPY KERTAS LISTING 100 LEMBAR', 'Kredit', 19000, 11),
(1688, 'JU1432', '2024-02-22', '2024-02-20', 127, 'BI BENSIN AGYA KANTOR', 'Debit', 150000, 11),
(1689, 'JU1433', '2024-02-22', '2024-02-20', 184, 'BI BENSIN AGYA KANTOR', 'Kredit', 150000, 11),
(1690, 'JU1434', '2024-02-22', '2024-02-21', 158, 'BI KIRIM BERKAS DOKUMEN TRANSAKSI SEWA RUKO PUNCAK BUKIT GOLF ', 'Debit', 14000, 11),
(1692, 'JU1435', '2024-02-22', '2024-02-21', 184, 'BI KIRIM BERKAS DOKUMEN TRANSAKSI SEWA RUKO PUNCAK BUKIT GOLF ', 'Kredit', 14000, 11),
(1693, 'JU1436', '2024-02-22', '2024-02-21', 127, 'BI BENSIN PAK ANTO TGL  19 FEB-16 FEB', 'Debit', 30000, 11),
(1694, 'JU1437', '2024-02-22', '2024-02-21', 184, 'BI BENSIN PAK ANTO TGL  19 FEB-16 FEB', 'Kredit', 30000, 11),
(1695, 'JU1438', '2024-02-22', '2024-02-03', 178, 'GAJI STAFF JANUARI APRILIA ASHURA', 'Debit', 1903846, 11),
(1696, 'JU1439', '2024-02-22', '2024-02-03', 175, 'GAJI STAFF JANUARI APRILIA ASHURA', 'Kredit', 1903846, 11),
(1697, 'JU1440', '2024-02-22', '2024-02-04', 175, 'FEE AGENT APARTEMEN BENSON LANTAI 16 UNIT 25', 'Debit', 1500000, 11),
(1698, 'JU1441', '2024-02-22', '2024-02-04', 111, 'FEE AGENT APARTEMEN BENSON LANTAI 16 UNIT 25', 'Kredit', 1500000, 11),
(1699, 'JU1442', '2024-02-22', '2024-02-05', 175, 'FEE AGENT NORTHWEST BOULEVARD BLOK NV 1 NO 33', 'Debit', 2100000, 11),
(1700, 'JU1443', '2024-02-22', '2024-02-05', 111, 'FEE AGENT NORTHWEST BOULEVARD BLOK NV 1 NO 33', 'Kredit', 2100000, 11),
(1701, 'JU1444', '2024-02-22', '2024-02-06', 133, 'BI BANNER ANA/GUN KODE AG', 'Debit', 1125000, 11),
(1702, 'JU1445', '2024-02-22', '2024-02-06', 175, 'BI BANNER ANA/GUN KODE AG', 'Kredit', 1125000, 11),
(1703, 'JU1446', '2024-02-22', '2024-02-06', 133, 'BI BANNER ANA/GUN KODE G', 'Debit', 838000, 11),
(1704, 'JU1447', '2024-02-22', '2024-02-06', 175, 'BI BANNER ANA/GUN KODE G', 'Kredit', 838000, 11),
(1705, 'JU1448', '2024-02-22', '2024-02-06', 133, 'BI BANNER ANA/GUN KODE D', 'Debit', 375000, 11),
(1706, 'JU1449', '2024-02-22', '2024-02-06', 175, 'BI BANNER ANA/GUN KODE D', 'Kredit', 375000, 11),
(1707, 'JU1450', '2024-02-22', '2024-02-07', 302, 'PELUNASAN KAOS A&A', 'Debit', 586000, 11),
(1708, 'JU1451', '2024-02-22', '2024-02-07', 175, 'PELUNASAN KAOS A&A', 'Kredit', 586000, 11),
(1709, 'JU1452', '2024-02-23', '2024-02-07', 103, 'PPH 21 BULAN JANUARI ', 'Debit', 1090501, 11),
(1710, 'JU1453', '2024-02-23', '2024-02-07', 175, 'PPH 21 BULAN JANUARI', 'Kredit', 1090501, 11),
(1711, 'JU1454', '2024-02-23', '2024-02-07', 104, 'PPH 23 BULAN JANUARI', 'Debit', 90000, 11),
(1712, 'JU1455', '2024-02-23', '2024-02-07', 175, 'PPH 23 BULAN JANUARI', 'Kredit', 90000, 11),
(1713, 'JU1456', '2024-02-23', '2024-02-07', 102, 'PPH 25 BULAN JANUARI', 'Debit', 2646481, 11),
(1714, 'JU1457', '2024-02-23', '2024-02-07', 175, 'PPH 25 BULAN JANUARI', 'Kredit', 2646481, 11),
(1715, 'JU1458', '2024-02-23', '2024-02-07', 77, 'BI PDAM JADE HAMLET', 'Debit', 20500, 11),
(1716, 'JU1459', '2024-02-23', '2024-02-07', 106, 'BI ADMIN BANK', 'Debit', 2500, 11),
(1717, 'JU1460', '2024-02-23', '2024-02-07', 175, 'BI PDAM JADE HAMLET', 'Kredit', 23000, 11),
(1718, 'JU1461', '2024-02-23', '2024-02-07', 175, 'TERIMA PEMBAYARAN VISION PPH 21 JANUARI', 'Debit', 1090501, 11),
(1719, 'JU1462', '2024-03-04', '2024-02-07', 164, 'TERIMA PEMBAYARAN VISION PPH 21 JANUARI', 'Kredit', 1090501, 11),
(1720, 'JU1463', '2024-02-23', '2024-02-07', 175, 'TERIMA PEMBAYARAN VISION PPH 23 JANUARI', 'Debit', 90000, 11),
(1721, 'JU1464', '2024-03-08', '2024-02-07', 164, 'TERIMA PEMBAYARAN VISION PPH 23 JANUARI', 'Kredit', 90000, 11),
(1722, 'JU1465', '2024-02-24', '2024-02-22', 67, 'BI MATERAI LEGAL PUSAT', 'Debit', 100000, 11),
(1723, 'JU1466', '2024-02-24', '2024-02-22', 82, 'BI PARKIR BELI MATERAI', 'Debit', 3000, 11),
(1724, 'JU1467', '2024-02-24', '2024-02-22', 184, 'BI MATERAI LEGAL PUSAT DAN PARKIR', 'Kredit', 103000, 11),
(1725, 'JU1468', '2024-02-24', '2024-02-22', 66, 'BI PEMBELIAN FORM BUKTI BANK MASUK 50 LEMBAR (3 BUKU )', 'Debit', 10500, 11),
(1726, 'JU1469', '2024-02-24', '2024-02-22', 184, 'BI PEMBELIAN FORM BUKTI BANK MASUK 50 LEMBAR (3 BUKU )', 'Kredit', 10500, 11),
(1727, 'JU1470', '2024-02-24', '2024-02-22', 115, 'BI LAKBAN PUTIH UNTUK DIREKSI', 'Debit', 15000, 11),
(1728, 'JU1471', '2024-02-24', '2024-02-22', 184, 'BI LAKBAN PUTIH UNTUK DIREKSI', 'Kredit', 15000, 11),
(1729, 'JU1472', '2024-02-24', '2024-02-22', 72, 'BI SEMEN 1KG UNTUK PEBAIKAN TIANG DEPAN KANTOR PUSAT', 'Debit', 5000, 11),
(1730, 'JU1473', '2024-02-24', '2024-02-22', 184, 'BI SEMEN 1KG UNTUK PEBAIKAN TIANG DEPAN KANTOR PUSAT', 'Kredit', 5000, 11),
(1731, 'JU1474', '2024-02-24', '2024-02-22', 139, 'BI PAKU UNTUK PAK EKO', 'Debit', 25000, 11),
(1732, 'JU1475', '2024-02-24', '2024-02-22', 139, 'BI TALI RAFIA PAK EKO', 'Debit', 15000, 11),
(1733, 'JU1476', '2024-02-24', '2024-02-22', 139, 'BI LAKBAN UNTUK PAK EKO', 'Debit', 13000, 11),
(1734, 'JU1477', '2024-02-24', '2024-02-22', 184, 'BI PAKU, TALI RAFIA, DAN LAKBAN UNTUK PAK EKO', 'Kredit', 53000, 11),
(1735, 'JU1478', '2024-02-24', '2024-02-23', 127, 'BI BENSIN PAK DANI TGL 3 FEB-9 FEB 2024', 'Debit', 53000, 11),
(1736, 'JU1479', '2024-02-24', '2024-02-23', 184, 'BI BENSIN PAK DANI TGL 3 FEB-9 FEB 2024', 'Kredit', 53000, 11),
(1737, 'JU1480', '2024-02-24', '2024-02-21', 184, 'TERIMA PEMBAYARAN FORM BBK DAN BKK DARI VISION', 'Debit', 15000, 11),
(1738, 'JU1481', '2024-02-24', '2024-02-21', 163, 'TERIMA PEMBAYARAN FORM BBK DAN BKK DARI VISION', 'Kredit', 15000, 11),
(1744, 'JU1482', '2024-02-26', '2024-02-07', 175, 'FEE AGENT RUNGKUT MAPAN BARAT 7/BG-3', 'Debit', 625000, 11),
(1745, 'JU1482', '2024-02-26', '2024-02-07', 111, 'FEE AGENT RUNGKUT MAPAN BARAT 7/BG-3', 'Kredit', 625000, 11),
(1746, 'JU1483', '2024-02-26', '2024-02-07', 175, 'TERIMA PEMBAYARAN SEWA RUKO VISION BLN JANUARI', 'Debit', 12500000, 11),
(1747, 'JU1483', '2024-02-26', '2024-02-07', 164, 'TERIMA PEMBAYARAN SEWA RUKO VISION BLN JANUARI', 'Kredit', 12500000, 11),
(1748, 'JU1484', '2024-02-26', '2024-02-09', 181, 'BI TELPON VANIA COPYWRITER', 'Debit', 222000, 11),
(1749, 'JU1484', '2024-02-26', '2024-02-09', 164, 'PEMBAYARAN TELPON PASCABAYAR SYLVA LEGAL VISION', 'Debit', 222000, 11),
(1750, 'JU1484', '2024-02-26', '2024-02-09', 175, 'BI TELPON VANIA COPYWRITER DAN SYLVA LEGAL VISION', 'Kredit', 444000, 11),
(1751, 'JU1485', '2024-02-26', '2024-02-09', 154, 'BI KONSUMSI MARKETING', 'Debit', 260960, 11),
(1752, 'JU1485', '2024-02-26', '2024-02-09', 175, 'BI KONSUMSI MARKETING', 'Kredit', 260960, 11),
(1753, 'JU1486', '2024-02-26', '2024-02-09', 128, 'BI PARKIR DIREKSI', 'Debit', 10000, 11),
(1754, 'JU1486', '2024-02-26', '2024-02-09', 175, 'BI PARKIR DIREKSI', 'Kredit', 10000, 11),
(1755, 'JU1487', '2024-02-26', '2024-02-09', 157, 'BI KONSUMSI DIREKSI', 'Debit', 964800, 11),
(1756, 'JU1487', '2024-02-26', '2024-02-09', 175, 'BI KONSUMSI DIREKSI', 'Kredit', 964800, 11),
(1757, 'JU1488', '2024-02-26', '2024-02-09', 157, 'BI KONSUMSI DIREKSI', 'Debit', 739751, 11),
(1758, 'JU1488', '2024-02-26', '2024-02-09', 175, 'BI KONSUMSI DIREKSI', 'Kredit', 739751, 11),
(1759, 'JU1489', '2024-02-26', '2024-02-09', 181, 'BI TELPON PUTRI LEGAL', 'Debit', 222000, 11),
(1760, 'JU1489', '2024-02-26', '2024-02-09', 119, 'BI TELPON EMAK', 'Debit', 222000, 11),
(1761, 'JU1489', '2024-02-26', '2024-02-09', 175, 'BI TELPON PUTRI LEGAL DAN EMAK', 'Kredit', 444000, 11),
(1762, 'JU1490', '2024-02-26', '2024-02-09', 175, 'FEE NOTARIS APT BENSON 16 NO 25', 'Debit', 90000, 11),
(1763, 'JU1490', '2024-02-26', '2024-02-09', 167, 'FEE NOTARIS APT BENSON 16 NO 25', 'Kredit', 90000, 11),
(1764, 'JU1491', '2024-02-26', '2024-02-12', 175, 'FEE AGENT GUDANG BUMI MASPION TAHAP 2 ', 'Debit', 14000000, 11),
(1765, 'JU1491', '2024-02-26', '2024-02-12', 173, 'FEE REFFERAL GUDANG BUMI MASPION TAHAP 2 ', 'Kredit', 4200000, 11),
(1766, 'JU1491', '2024-03-04', '2024-02-12', 168, 'FEE AGENT GUDANG BUMI MASPION TAHAP 2 ANGFRANWIN (ME)', 'Kredit', 4900000, 11),
(1767, 'JU1491', '2024-02-26', '2024-02-12', 111, 'FEE AGENT GUDANG BUMI MASPION TAHAP 2 ', 'Kredit', 4900000, 11),
(1768, 'JU1492', '2024-02-26', '2024-02-12', 157, 'BI KLAIM DIREKSI', 'Debit', 10243086, 11),
(1769, 'JU1492', '2024-02-26', '2024-02-12', 175, 'BI KLAIM DIREKSI', 'Kredit', 10243086, 11),
(1770, 'JU1493', '2024-02-26', '2024-02-13', 175, 'PEMINDAHBUKUAN FEE DARI VISION', 'Debit', 5109700, 11),
(1771, 'JU1493', '2024-02-26', '2024-02-13', 168, 'PEMINDAHBUKUAN FEE DARI VISION', 'Kredit', 5109700, 11),
(1772, 'JU1494', '2024-02-26', '2024-02-13', 162, 'PRIVE DIREKSI', 'Debit', 5109700, 11),
(1773, 'JU1494', '2024-02-26', '2024-02-13', 175, 'PRIVE DIREKSI', 'Kredit', 5109700, 11),
(1774, 'JU1495', '2024-02-26', '2024-02-13', 173, 'FEE REFFERAL GUDANG BUMI MASPION (ANG TIONG HUI)', 'Debit', 4200000, 11),
(1775, 'JU1495', '2024-02-26', '2024-02-13', 175, 'FEE REFFERAL GUDANG BUMI MASPION (ANG TIONG HUI)', 'Kredit', 4074000, 11),
(1776, 'JU1495', '2024-02-26', '2024-02-13', 103, 'PPH 21 FEE REFFERAL GUDANG BUMI MASPION (ANG TIONG HUI) NON NPWP', 'Kredit', 126000, 11),
(1777, 'JU1496', '2024-03-04', '2024-02-13', 168, 'PEMINDAHBUKUAN FEE AGENT GUDANG BUMI MASPION ANGFRANWIN (ME)', 'Debit', 4900000, 11),
(1778, 'JU1496', '2024-03-04', '2024-02-13', 175, 'PEMINDAHBUKUAN FEE AGENT GUDANG BUMI MASPION ANGFRANWIN (ME)', 'Kredit', 4900000, 11),
(1779, 'JU1497', '2024-02-26', '2024-02-13', 72, 'BI PENGECEKAN KULKAS SAMSUNG', 'Debit', 132000, 11),
(1780, 'JU1497', '2024-02-26', '2024-02-13', 175, 'BI PENGECEKAN KULKAS SAMSUNG', 'Kredit', 132000, 11),
(1781, 'JU1498', '2024-02-26', '2024-02-13', 106, 'BI ADMIN BANK PENGECEKAN KULKAS SAMSUNG', 'Debit', 2500, 11),
(1782, 'JU1498', '2024-02-26', '2024-02-13', 175, 'BI ADMIN BANK PENGECEKAN KULKAS SAMSUNG', 'Kredit', 2500, 11),
(1783, 'JU1499', '2024-02-26', '2024-02-13', 72, 'BI SERVIS POMPA DAN PEMINDAHAN SALURAN POMPA', 'Debit', 380000, 11),
(1784, 'JU1499', '2024-02-26', '2024-02-13', 175, 'BI SERVIS POMPA DAN PEMINDAHAN SALURAN POMPA', 'Kredit', 380000, 11),
(1785, 'JU1500', '2024-02-26', '2024-02-13', 106, 'BI ADMIN BANK SERVIS POMPA DAN PEMINDAHAN SALURAN POMPA', 'Debit', 2500, 11),
(1786, 'JU1500', '2024-02-26', '2024-02-13', 175, 'BI ADMIN BANK SERVIS POMPA DAN PEMINDAHAN SALURAN POMPA', 'Kredit', 2500, 11),
(1787, 'JU1501', '2024-02-26', '2024-02-15', 163, 'KLAIM KAS KECIL PUSAT', 'Debit', 1848500, 11),
(1788, 'JU1501', '2024-02-26', '2024-02-15', 175, 'KLAIM KAS KECIL PUSAT', 'Kredit', 1848500, 11),
(1789, 'JU1502', '2024-02-26', '2024-02-15', 175, 'TERIMA PEMBAYARAN PLN VISION BULAN JANUARI', 'Debit', 1127239, 11),
(1790, 'JU1502', '2024-02-26', '2024-02-15', 164, 'TERIMA PEMBAYARAN PLN VISION BULAN JANUARI', 'Kredit', 1127239, 11),
(1791, 'JU1503', '2024-02-26', '2024-02-15', 175, 'TERIMA PEMBAYARAN PDAM VISION BULAN JANUARI', 'Debit', 66213, 11),
(1792, 'JU1503', '2024-02-26', '2024-02-15', 164, 'TERIMA PEMBAYARAN PDAM VISION BULAN JANUARI', 'Kredit', 66213, 11),
(1793, 'JU1504', '2024-02-26', '2024-02-15', 175, 'TERIMA PEMBAYARAN BIZNET VISION BULAN JANUARI', 'Debit', 157250, 11),
(1794, 'JU1504', '2024-02-26', '2024-02-15', 164, 'TERIMA PEMBAYARAN BIZNET VISION BULAN JANUARI', 'Kredit', 157250, 11),
(1795, 'JU1505', '2024-02-26', '2024-02-15', 175, 'TERIMA PEMBAYARAN BPJS SYLVA BULAN JANUARI', 'Debit', 204375, 11),
(1796, 'JU1505', '2024-02-26', '2024-02-15', 164, 'TERIMA PEMBAYARAN BPJS SYLVA BULAN JANUARI', 'Kredit', 204375, 11),
(1797, 'JU1506', '2024-02-26', '2024-02-15', 175, 'FEE AGENT DIAMOND HILL DR 1/9', 'Debit', 22500000, 11),
(1798, 'JU1506', '2024-02-26', '2024-02-15', 111, 'FEE AGENT DIAMOND HILL DR 1/9', 'Kredit', 11250000, 11),
(1799, 'JU1506', '2024-02-26', '2024-02-15', 172, 'FEE CO BROKE DIAMOND HILL DR 1/9', 'Kredit', 11250000, 11),
(1800, 'JU1507', '2024-02-26', '2024-02-15', 133, 'BI BANNER ANA/GUN KODE AG', 'Debit', 975000, 11),
(1801, 'JU1507', '2024-02-26', '2024-02-15', 175, 'BI BANNER ANA/GUN KODE AG', 'Kredit', 975000, 11),
(1802, 'JU1508', '2024-02-26', '2024-02-15', 178, 'GAJI JANUARI STAFF LAPANGAN ERWANTO', 'Debit', 1571154, 11),
(1803, 'JU1508', '2024-02-26', '2024-02-15', 175, 'GAJI JANUARI STAFF LAPANGAN ERWANTO', 'Kredit', 1571154, 11),
(1804, 'JU1509', '2024-02-26', '2024-02-15', 178, 'GAJI JANUARI STAFF LAPANGAN IRFANDI', 'Debit', 1736538, 11),
(1805, 'JU1509', '2024-02-26', '2024-02-15', 175, 'GAJI JANUARI STAFF LAPANGAN IRFANDI', 'Kredit', 1736538, 11),
(1806, 'JU1510', '2024-02-26', '2024-02-15', 178, 'GAJI JANUARI STAFF LAPANGAN PUJI', 'Debit', 1736538, 11),
(1807, 'JU1510', '2024-02-26', '2024-02-15', 175, 'GAJI JANUARI STAFF LAPANGAN PUJI', 'Kredit', 1736538, 11),
(1808, 'JU1511', '2024-02-26', '2024-02-16', 175, 'TERIMA MAGANG AMING GO', 'Debit', 500000, 11),
(1809, 'JU1511', '2024-02-26', '2024-02-16', 167, 'TERIMA MAGANG AMING GO', 'Kredit', 500000, 11),
(1810, 'JU1512', '2024-02-26', '2024-02-16', 175, 'FEE NOTARIS ANITA LUCIA TN1/29 ', 'Debit', 14700000, 11),
(1811, 'JU1512', '2024-02-26', '2024-02-16', 167, 'FEE NOTARIS ANITA LUCIA TN1/29 ', 'Kredit', 14700000, 11),
(1812, 'JU1513', '2024-02-26', '2024-02-26', 55, 'TITIP BAYAR DP IMB SEWA DIAMOND HILL DR1/9', 'Kredit', 10000000, 11),
(1813, 'JU1513', '2024-02-26', '2024-02-26', 10, 'TITIP BAYAR DP IMB SEWA DIAMOND HILL DR1/9', 'Debit', 10000000, 11),
(1814, 'JU1514', '2024-02-27', '2024-02-16', 157, 'BI KONSUMSI DIREKSI', 'Debit', 1706850, 11),
(1815, 'JU1514', '2024-02-27', '2024-02-16', 127, 'BI BENSIN DIREKSI', 'Debit', 580678, 11),
(1816, 'JU1514', '2024-02-27', '2024-02-16', 128, 'BI PARKIR DIREKSI', 'Debit', 8000, 11),
(1817, 'JU1514', '2024-02-27', '2024-02-16', 117, 'BI PENGOBATAN UNTUK MARKETING', 'Debit', 442500, 11),
(1818, 'JU1514', '2024-02-27', '2024-02-16', 74, 'BI PENGOBATAN UNTUK ADMIN STAFF', 'Debit', 442500, 11),
(1819, 'JU1514', '2024-02-27', '2024-02-16', 175, 'BI KLAIM DIREKSI', 'Kredit', 3180528, 11),
(1820, 'JU1515', '2024-02-27', '2024-02-16', 117, 'BI PENGOBATAN DIREKSI', 'Debit', 163312, 11),
(1821, 'JU1515', '2024-02-27', '2024-02-16', 157, 'BI KONSUMSI DIREKSI', 'Debit', 386000, 11),
(1822, 'JU1515', '2024-02-27', '2024-02-16', 175, 'BI PENGOBATAN DIREKSI DAN KONSUMSI DIREKSI', 'Kredit', 549312, 11),
(1823, 'JU1516', '2024-02-27', '2024-02-16', 68, 'BI PELUNASAN LANYARD DAN ID CARD', 'Debit', 755000, 11),
(1824, 'JU1516', '2024-02-27', '2024-02-16', 175, 'BI PELUNASAN LANYARD DAN ID CARD', 'Kredit', 755000, 11),
(1825, 'JU1517', '2024-02-27', '2024-02-16', 106, 'BI ADMIN BANK PELUNASAN LANYARD DAN ID CARD', 'Debit', 2500, 11),
(1826, 'JU1517', '2024-02-27', '2024-02-16', 175, 'BI ADMIN BANK PELUNASAN LANYARD DAN ID CARD', 'Kredit', 2500, 11),
(1827, 'JU1518', '2024-02-27', '2024-02-17', 175, 'FEE NOTARIS DIAMOND HILL DR 1/9', 'Debit', 1000000, 11),
(1828, 'JU1518', '2024-02-27', '2024-02-17', 167, 'FEE NOTARIS DIAMOND HILL DR 1/9', 'Kredit', 1000000, 11),
(1829, 'JU1519', '2024-02-27', '2024-02-17', 175, 'FEE AGENT RUKO NV 10/31', 'Debit', 1000000, 11),
(1830, 'JU1519', '2024-02-27', '2024-02-17', 111, 'FEE AGENT RUKO NV 10/31', 'Kredit', 1000000, 11),
(1831, 'JU1520', '2024-02-27', '2024-02-17', 175, 'PEMINDAHBUKUAN ANTAR CABANG', 'Debit', 7453750, 11),
(1832, 'JU1520', '2024-02-27', '2024-02-17', 168, 'PEMINDAHBUKUAN ANTAR CABANG', 'Kredit', 7453750, 11),
(1833, 'JU1521', '2024-02-28', '2024-01-31', 184, 'TAMBAHAN KAS KECIL PUSAT', 'Debit', 1915500, 11),
(1834, 'JU1521', '2024-02-28', '2024-01-31', 163, 'TAMBAHAN KAS KECIL PUSAT', 'Kredit', 1915500, 11),
(1836, 'JU543', '2024-02-28', '2024-01-10', 183, 'TERIMA TITIPAN PEMBELIAN BANNER LYDIA (ME) PO 170', 'Kredit', 43500, 11),
(1837, 'JU566', '2024-02-28', '2024-01-11', 183, 'TERIMA TITIPAN PEMBELIAN BANNER LEYEN GOSWATI (ME)', 'Kredit', 52500, 11),
(1838, 'JU637', '2024-02-28', '2024-01-16', 183, 'TERIMA TITIPAN PEMBELIAN BANNER MONIC (ME) PO 176', 'Kredit', 18000, 11),
(1839, 'JU649', '2024-02-28', '2024-01-17', 183, 'TERIMA TITIPAN PEMBELIAN BANNER TUESI TORSINA (ME) PO 180', 'Kredit', 28200, 11),
(1840, 'JU649', '2024-02-28', '2024-01-17', 183, 'TERIMA TITIPAN PEMBELIAN BANNER TUESI TORSINA (ME) ', 'Kredit', 15300, 11),
(1841, 'JU893', '2024-02-28', '2024-01-22', 183, 'TERIMA TITIPAN PEMBELIAN BANNER SONNY (ME) PO 187', 'Kredit', 16900, 11),
(1842, 'JU893', '2024-02-28', '2024-01-22', 183, 'TERIMA TITIPAN PEMBELIAN BANNER SONNY (ME) ', 'Kredit', 9200, 11),
(1843, 'JU1085', '2024-02-28', '2024-01-29', 183, 'TERIMA TITIPAN PEMBELIAN BANNER YOAN (ME) PO 195', 'Kredit', 17400, 11),
(1844, 'JU1100', '2024-02-28', '2024-01-30', 183, 'TERIMA TITIPAN PEMBELIAN BANNER ANI YUHUU (ME) PO 198', 'Kredit', 7000, 11),
(1845, 'JU1102', '2024-02-28', '2024-01-30', 183, 'TERIMA TITIPAN PEMBELIAN BANNER ANG/FRAN/WIN (ME) PO 200', 'Kredit', 22500, 11),
(1846, 'JU1104', '2024-02-28', '2024-01-31', 183, 'TERIMA TITIPAN PEMBELIAN BANNER INATA (ME) PO 200', 'Kredit', 90000, 11),
(1847, '0', '2024-02-29', '2024-02-01', 0, 'Saldo Awal Februari', '', 1761788930.72, 0),
(1848, '0', '2024-02-29', '2024-02-01', 0, 'Saldo Awal BT Februari', '', 356737450.68, 0),
(1849, '0', '2024-02-29', '2024-02-01', 0, 'Saldo Awal UTJ Februari', '', 366478715, 0),
(1850, '0', '2024-02-29', '2024-02-01', 0, 'Saldo Awal Bank Fee Februari', '', 109679167.03, 0),
(1851, '0', '2024-02-29', '2024-02-01', 0, 'Saldo Awal Bank Vision New Februari', '', 124528738.58, 0),
(1852, '0', '2024-02-29', '2024-02-01', 0, 'Saldo Awal Kas Kecil Pusat Februari', '', 1938300, 0),
(1853, '0', '2024-02-29', '2024-02-01', 0, 'Saldo Awal Kas Kecil Vision Februari', '', 424300, 0),
(1854, 'JU1522', '2024-03-02', '2024-02-22', 10, 'UTJ SEWA MENYEWA KAVLING BTG TA 4-16 TARIK TUNAI UNTUK PEMBAYARAN CEK KE PEMILIK', 'Kredit', 100000000, 11),
(1855, 'JU1522', '2024-03-02', '2024-02-22', 187, 'UTJ SEWA MENYEWA KAVLING BTG TA 4-16 TARIK TUNAI UNTUK PEMBAYARAN CEK KE PEMILIK', 'Debit', 100000000, 11),
(1856, 'JU1523', '2024-02-29', '2024-02-24', 290, 'FEE AGENT RUKO GWALK W1/5 DITRANSFER KE REK BANK VISION', 'Debit', 15000000, 11),
(1858, 'JU1523', '2024-02-29', '2024-02-24', 10, 'FEE AGENT RUKO GWALK W1/5 DITRANSFER KE REK BANK VISION', 'Kredit', 15000000, 11),
(1859, 'JU1524', '2024-02-29', '2024-02-24', 290, 'FEE AGENT RUKO GWALK W1/5 DITRANSFER KE REK BANK FEE PUSAT', 'Debit', 5000000, 11),
(1860, 'JU1524', '2024-02-29', '2024-02-24', 10, 'FEE AGENT RUKO GWALK W1/5 DITRANSFER KE REK BANK FEE PUSAT', 'Kredit', 5000000, 11),
(1861, 'JU1525', '2024-02-29', '2024-02-24', 294, 'PELUNASAN TUKANG PERBAIKAN RUMAH KUTISARI SELATAN II 42/B-1', 'Debit', 1250000, 11),
(1862, 'JU1525', '2024-02-29', '2024-02-24', 10, 'PELUNASAN TUKANG PERBAIKAN RUMAH KUTISARI SELATAN II 42/B-1', 'Kredit', 1250000, 11),
(1863, 'JU1526', '2024-02-29', '2024-02-24', 294, 'TITIPAN PELUNASAN BIAYA PENGANGKUTAN SAMPAH RUMAH KUTISARI SELATAN II 42/B-1', 'Debit', 50000, 11),
(1864, 'JU1526', '2024-02-29', '2024-02-24', 10, 'TITIPAN PELUNASAN BIAYA PENGANGKUTAN SAMPAH RUMAH KUTISARI SELATAN II 42/B-1', 'Kredit', 50000, 11),
(1865, 'JU1527', '2024-02-29', '2024-02-24', 294, 'FEE AGENT RUMAH KUTISARI SELATAN II 42/B-1 DITRANSFER KE REK BANK VISION', 'Debit', 3200000, 11),
(1866, 'JU1527', '2024-02-29', '2024-02-24', 10, 'FEE AGENT RUMAH KUTISARI SELATAN II 42/B-1 DITRANSFER KE REK BANK VISION', 'Kredit', 3200000, 11),
(1867, 'JU1528', '2024-03-05', '2024-02-26', 10, 'UTJ RUMAH JL SIDODADI IX NO 9', 'Debit', 50000000, 11),
(1868, 'JU1528', '2024-03-05', '2024-02-26', 303, 'UTJ RUMAH JL SIDODADI IX NO 9', 'Kredit', 50000000, 11),
(1869, 'JU1529', '2024-03-05', '2024-02-27', 10, 'UTJ RUMAH JL SIDODADI IX NO 9', 'Debit', 50000000, 11),
(1870, 'JU1529', '2024-03-05', '2024-02-27', 303, 'UTJ RUMAH JL SIDODADI IX NO 9', 'Kredit', 50000000, 11),
(1871, 'JU1530', '2024-02-29', '2024-02-27', 193, 'UTJ PERPANJANGAN GWALK M6 DITRANSFER KE PEMILIK', 'Debit', 10000000, 11),
(1872, 'JU1530', '2024-02-29', '2024-02-27', 10, 'UTJ PERPANJANGAN GWALK M6 DITRANSFER KE PEMILIK', 'Kredit', 10000000, 11),
(1873, 'JU1531', '2024-02-29', '2024-02-27', 55, 'DP IMB SEWA DIAMOND HILL DR1/9 DITRANSFER KE PEMILIK', 'Debit', 10000000, 11),
(1874, 'JU1531', '2024-02-29', '2024-02-27', 10, 'DP IMB SEWA DIAMOND HILL DR1/9 DITRANSFER KE PEMILIK', 'Kredit', 10000000, 11),
(1875, 'JU1532', '2024-02-29', '2024-02-27', 31, 'BIAYA ADMIN DP IMB SEWA DIAMOND HILL DR1/9', 'Debit', 2900, 11),
(1876, 'JU1532', '2024-02-29', '2024-02-27', 10, 'BIAYA ADMIN BANK DP IMB SEWA DIAMOND HILL DR1/9', 'Kredit', 2900, 11),
(1879, 'JU1534', '2024-02-29', '2024-02-21', 10, 'TITIPAN DEPOSIT RUKO PUNCAK BUKIT GOLF RBE DAN RBF', 'Debit', 50000000, 11),
(1880, 'JU1534', '2024-02-29', '2024-02-21', 304, 'TITIPAN DEPOSIT RUKO PUNCAK BUKIT GOLF RBE DAN RBF', 'Kredit', 50000000, 11),
(1881, 'JU1535', '2024-02-29', '2024-02-23', 82, 'BI PARKIR YOLANDA PRIMARY PK KE CIPUTRA WORLD', 'Debit', 5000, 11),
(1882, 'JU1535', '2024-02-29', '2024-02-23', 184, 'BI PARKIR YOLANDA PRIMARY PK KE CIPUTRA WORLD', 'Kredit', 5000, 11),
(1883, 'JU1536', '2024-02-29', '2024-02-23', 139, 'BI LAKBAN PUTIH PAK ANTO', 'Debit', 12500, 11),
(1884, 'JU1536', '2024-02-29', '2024-02-23', 184, 'BI LAKBAN PUTIH PAK ANTO', 'Kredit', 12500, 11),
(1885, 'JU1537', '2024-02-29', '2024-02-23', 130, 'BI PEMBELIAN DOP DOUBLE LAMPU BELAKANG MOBIL AGYA KANTOR', 'Debit', 25000, 11),
(1886, 'JU1537', '2024-02-29', '2024-02-23', 184, 'BI PEMBELIAN DOP DOUBLE LAMPU BELAKANG MOBIL AGYA KANTOR', 'Kredit', 25000, 11),
(1887, 'JU1538', '2024-02-29', '2024-02-26', 184, 'TAMBAHAN KAS KECIL PUSAT', 'Debit', 500000, 11),
(1888, 'JU1538', '2024-02-29', '2024-02-26', 163, 'TAMBAHAN KAS KECIL PUSAT', 'Kredit', 500000, 11),
(1889, 'JU1539', '2024-02-29', '2024-02-26', 127, 'BI BENSIN PAK BAGAS CANVASING TGL 12 FEB-16 FEB ', 'Debit', 46000, 11),
(1890, 'JU1539', '2024-02-29', '2024-02-26', 184, 'BI BENSIN PAK BAGAS CANVASING TGL 12 FEB-16 FEB ', 'Kredit', 46000, 11),
(1891, 'JU1540', '2024-02-29', '2024-02-26', 127, 'BI BENSIN PAK BAGAS TGL 19 FEB-23 FEB', 'Debit', 32000, 11),
(1892, 'JU1540', '2024-02-29', '2024-02-26', 184, 'BI BENSIN PAK BAGAS TGL 19 FEB-23 FEB', 'Kredit', 32000, 11),
(1893, 'JU1541', '2024-02-29', '2024-02-26', 127, 'BI BENSIN PAK EKO TGL 5-9 FEB', 'Debit', 44000, 11),
(1894, 'JU1541', '2024-02-29', '2024-02-26', 184, 'BI BENSIN PAK EKO TGL 5-9 FEB', 'Kredit', 44000, 11),
(1895, 'JU1542', '2024-02-29', '2024-02-26', 127, 'BI BENSIN PAK EKO TGL 13-16 FEB ', 'Debit', 46000, 11),
(1896, 'JU1542', '2024-02-29', '2024-02-26', 184, 'BI BENSIN PAK EKO TGL 13-16 FEB ', 'Kredit', 46000, 11),
(1897, 'JU1543', '2024-02-29', '2024-02-26', 81, 'BI BENSIN PAK PII TGL 17-23 FEB', 'Debit', 72000, 11),
(1898, 'JU1543', '2024-02-29', '2024-02-26', 184, 'BI BENSIN PAK PII TGL 17-23 FEB', 'Kredit', 72000, 11),
(1899, 'JU1544', '2024-02-29', '2024-02-26', 81, 'BI BENSIN MOTOR PAK PAR TGL 25 FEB', 'Debit', 20000, 11),
(1901, 'JU1544', '2024-02-29', '2024-02-26', 184, 'BBI BENSIN DAN PARKIR MOTOR PAK PAR TGL 25 FEB', 'Kredit', 25000, 11),
(1902, 'JU1544', '2024-02-29', '2024-02-26', 82, 'BI PARKIR MOTOR PAK PAR TGL 25 FEB', 'Debit', 5000, 11),
(1903, 'JU1545', '2024-03-01', '2024-02-26', 64, 'BI KERTAS HVS A4 UNTUK LEGAL PUSAT', 'Debit', 47000, 11),
(1904, 'JU1545', '2024-03-01', '2024-02-26', 184, 'BI KERTAS HVS A4 UNTUK LEGAL PUSAT', 'Kredit', 47000, 11),
(1905, 'JU1546', '2024-03-01', '2024-02-27', 81, 'BI BENSIN PAK DANANG ANTAR BERKAS KE BASUKI RAHMAT DAN AMBIL BANNER ', 'Debit', 10000, 11),
(1906, 'JU1546', '2024-03-01', '2024-02-27', 184, 'BI BENSIN PAK DANANG ANTAR BERKAS KE BASUKI RAHMAT DAN AMBIL BANNER ', 'Kredit', 10000, 11),
(1907, 'JU1547', '2024-03-01', '2024-02-27', 81, 'BI BENSIN PAK ANTO TGL 21 FEB-24 FEB', 'Debit', 46000, 11),
(1908, 'JU1547', '2024-03-01', '2024-02-27', 184, 'BI BENSIN PAK ANTO TGL 21 FEB-24 FEB', 'Kredit', 46000, 11),
(1909, 'JU1548', '2024-03-01', '2024-02-27', 72, 'BI PEMBELIAN PELUMAS KUNCI UNTUK RUMAH JADE HAMLET', 'Debit', 20000, 11),
(1910, 'JU1548', '2024-03-01', '2024-02-27', 184, 'BI PEMBELIAN PELUMAS KUNCI UNTUK RUMAH JADE HAMLET', 'Kredit', 20000, 11),
(1911, 'JU1549', '2024-03-01', '2024-02-28', 127, 'BI BENSIN INOVA PUTIH L 1265 VF', 'Debit', 200000, 11),
(1912, 'JU1549', '2024-03-01', '2024-02-28', 184, 'BI BENSIN INOVA PUTIH L 1265 VF', 'Kredit', 200000, 11),
(1913, 'JU1550', '2024-03-01', '2024-02-28', 127, 'BI BENSIN BU JULIA TGL 13 FEB', 'Debit', 150000, 11),
(1914, 'JU1550', '2024-03-01', '2024-02-28', 184, 'BI BENSIN BU JULIA TGL 13 FEB', 'Kredit', 150000, 11),
(1915, 'JU1551', '2024-03-01', '2024-02-28', 66, 'BI FOTOCOPY PPJB KLIEN UNTUK AJB (LEGAL PUSAT)', 'Debit', 8000, 11),
(1916, 'JU1551', '2024-03-01', '2024-02-28', 184, 'BI FOTOCOPY PPJB KLIEN UNTUK AJB (LEGAL PUSAT)', 'Kredit', 8000, 11),
(1917, 'JU1552', '2024-03-01', '2024-02-29', 81, 'BI BENSIN PAK DANANG ANTAR BERKAS KE PT SURYA TIMUR JATIM DAN KE CITRALAN (KANTOR PEMASARAN)', 'Debit', 10000, 11),
(1918, 'JU1552', '2024-03-01', '2024-02-29', 184, 'BI BENSIN PAK DANANG ANTAR BERKAS KE PT SURYA TIMUR JATIM DAN KE CITRALAN (KANTOR PEMASARAN)', 'Kredit', 10000, 11),
(1919, 'JU1553', '2024-03-01', '2024-02-29', 127, 'BI BENSIN AGYA KANTOR', 'Debit', 100000, 11),
(1920, 'JU1553', '2024-03-01', '2024-02-29', 184, 'BI BENSIN AGYA KANTOR', 'Kredit', 100000, 11),
(1921, 'JU1554', '2024-03-01', '2024-02-29', 213, 'BI PEMBELIAN BERAS/KEP RUMAH TANGGA', 'Debit', 407000, 11),
(1922, 'JU1554', '2024-03-01', '2024-02-29', 184, 'BI PEMBELIAN BERAS/KEP RUMAH TANGGA', 'Kredit', 407000, 11),
(1923, 'JU1555', '2024-03-01', '2024-02-29', 72, 'BI PEMBUATAN KUNCI BARU UNTUK RUMAH JADE HAMLET', 'Debit', 90000, 11),
(1924, 'JU1555', '2024-03-01', '2024-02-29', 81, 'BI BENSIN PAK DANANG KE RUMAH JADE HAMLET', 'Debit', 10000, 11),
(1925, 'JU1555', '2024-03-01', '2024-02-29', 184, 'BI PEMBUATAN KUNCI BARU UNTUK RUMAH JADE HAMLET DAN BI BENSIN', 'Kredit', 100000, 11),
(1926, 'JU1556', '2024-03-01', '2024-02-01', 120, 'BI PEMBELIAN KARTU PERDANA UNTUK HP BROKER', 'Debit', 15000, 11),
(1927, 'JU1556', '2024-03-01', '2024-02-01', 184, 'BI PEMBELIAN KARTU PERDANA UNTUK HP BROKER', 'Kredit', 15000, 11),
(1930, 'JU1558', '2024-03-01', '2024-02-01', 10, 'DEPOSIT SEWA APARTEMEN BENSON LANTAI 16 NO 25', 'Debit', 10000000, 11),
(1931, 'JU1558', '2024-03-01', '2024-02-01', 194, 'DEPOSIT SEWA APARTEMEN BENSON LANTAI 16 NO 25', 'Kredit', 10000000, 11),
(1932, 'JU1559', '2024-03-01', '2024-02-01', 10, 'PELUNASAN SEWA APT BENSON LANTAI 16 NO 25', 'Debit', 39500000, 11),
(1936, 'JU1560', '2024-03-01', '2024-02-01', 191, 'UTJ SIMPANG DARMO PERMAI SELATAN 19 NO 22 DITRANSFER KE PEMILIK', 'Debit', 1000000, 11),
(1937, 'JU1560', '2024-03-01', '2024-02-01', 10, 'UTJ SIMPANG DARMO PERMAI SELATAN 19 NO 22 DITRANSFER KE PEMILIK', 'Kredit', 1000000, 11),
(1938, 'JU1561', '2024-03-01', '2024-02-01', 191, 'FEE AGENT SEWA RUMAH SIMPANG DARMO PERMAI SELATAN 19 NO 22 DI TRANSFER KE REK VISION', 'Debit', 4000000, 11),
(1939, 'JU1561', '2024-03-01', '2024-02-01', 10, 'FEE AGENT SEWA RUMAH SIMPANG DARMO PERMAI SELATAN 19 NO 22 DITRANSFER KE REK VISION', 'Kredit', 4000000, 11),
(1940, 'JU1562', '2024-03-01', '2024-02-01', 194, 'PELUNASAN SEWA APT BENSON LANTAI 16 NO 25', 'Debit', 39000000, 11),
(1941, 'JU1562', '2024-03-01', '2024-02-01', 10, 'PELUNASAN SEWA APT BENSON LANTAI 16 NO 25', 'Kredit', 39000000, 11),
(1942, 'JU1563', '2024-03-01', '2024-02-01', 194, 'DEPOSIT SEWA APARTEMEN BENSON LANTAI 16 NO 25', 'Debit', 7500000, 11),
(1943, 'JU1563', '2024-03-01', '2024-02-01', 10, 'DEPOSIT SEWA APARTEMEN BENSON LANTAI 16 NO 25', 'Kredit', 7500000, 11),
(1944, 'JU1564', '2024-03-01', '2024-02-01', 194, 'FEE AGENT APARTEMEN BENSON LANTAI 16 UNIT 25', 'Debit', 3000000, 11),
(1945, 'JU1564', '2024-03-01', '2024-02-01', 10, 'FEE AGENT APARTEMEN BENSON LANTAI 16 UNIT 25', 'Kredit', 3000000, 11),
(1946, 'JU1565', '2024-03-01', '2024-02-01', 182, 'FEE AGENT SEWA RUMAH SIMPANG DARMO PERMAI SELATAN 19 NO 22', 'Debit', 4000000, 11),
(1947, 'JU1565', '2024-03-01', '2024-02-01', 237, 'FEE AGENT SEWA RUMAH SIMPANG DARMO PERMAI SELATAN 19 NO 22', 'Kredit', 900000, 11),
(1948, 'JU1565', '2024-03-01', '2024-02-01', 238, 'FEE AGENT SEWA RUMAH SIMPANG DARMO PERMAI SELATAN 19 NO 22 (ME)', 'Kredit', 1100000, 11),
(1949, 'JU1565', '2024-03-01', '2024-02-01', 239, 'FEE CO BROKE SEWA RUMAH SIMPANG DARMO PERMAI SELATAN 19 NO 22', 'Kredit', 2000000, 11),
(1950, 'JU1566', '2024-03-01', '2024-02-01', 182, 'FEE AGENT APARTEMEN BENSON LANTAI 16 UNIT 25', 'Debit', 3000000, 11),
(1951, 'JU1566', '2024-03-01', '2024-02-01', 237, 'FEE AGENT APARTEMEN BENSON LANTAI 16 UNIT 25', 'Kredit', 750000, 11),
(1952, 'JU1566', '2024-03-01', '2024-02-01', 238, 'FEE AGENT APARTEMEN BENSON LANTAI 16 UNIT 25 (ME)', 'Kredit', 750000, 11),
(1953, 'JU1566', '2024-03-01', '2024-02-01', 236, 'FEE AGENT APARTEMEN BENSON LANTAI 16 UNIT 25 GUN/ANA', 'Kredit', 1500000, 11),
(1954, 'JU1567', '2024-03-04', '2024-02-02', 241, 'GAJI STAFF VISION BULAN JANUARI YANG MASIH HARUS DIBAYAR', 'Debit', 1363654, 11),
(1955, 'JU1567', '2024-03-01', '2024-02-02', 182, 'GAJI STAFF VISION BULAN JANUARI YANG MASIH HARUS DIBAYAR', 'Kredit', 1363654, 11),
(1956, 'JU1568', '2024-03-01', '2024-02-29', 10, 'PELUNASAN DAN DEPOSIT SEWA RUKO PANJI MAKMUR B-29', 'Debit', 85000000, 11),
(1957, 'JU1568', '2024-03-01', '2024-02-29', 291, 'PELUNASAN DAN DEPOSIT SEWA RUKO PANJI MAKMUR B-29', 'Kredit', 85000000, 11),
(1958, 'JU1569', '2024-03-01', '2024-02-05', 10, 'PELUNASAN DAN DEPOSIT SEWA RUKO PANJI MAKMUR B-29', 'Debit', 7500000, 11),
(1959, 'JU1569', '2024-03-01', '2024-02-05', 291, 'PELUNASAN DAN DEPOSIT SEWA RUKO PANJI MAKMUR B-29', 'Kredit', 7500000, 11),
(1961, 'JU1570', '2024-03-12', '2024-02-02', 182, 'TERIMA TITIPAN PEMBELIAN BANNER LILY TAN PO 201', 'Debit', 41800, 11),
(1962, 'JU1570', '2024-03-12', '2024-02-02', 183, 'TERIMA TITIPAN PEMBELIAN BANNER LILY TAN PO 201', 'Kredit', 41800, 11),
(1963, 'JU1571', '2024-03-02', '2024-02-02', 239, 'FEE CO BROKE SDPS XIX NO 22', 'Debit', 2000000, 11),
(1964, 'JU1571', '2024-03-02', '2024-02-02', 104, 'PPH 23 FEE CO BROKE SDPS XIX NO 22', 'Kredit', 40000, 11),
(1965, 'JU1571', '2024-03-02', '2024-02-02', 182, 'FEE CO BROKE SDPS XIX NO 22', 'Kredit', 1960000, 11),
(1966, 'JU1572', '2024-03-02', '2024-03-01', 10, 'DP IMB/PBG SEWA BTG TA 4/16 DAN FEE URUS PBG SEWA ', 'Debit', 15000000, 11),
(1967, 'JU1572', '2024-03-02', '2024-03-01', 187, 'DP IMB/PBG SEWA BTG TA 4/16 DAN FEE URUS PBG SEWA ', 'Kredit', 15000000, 11),
(1968, 'JU1573', '2024-03-02', '2024-02-02', 239, 'FEE CO BROKE MAYJEND SUNGKONO 91C DEWI LEE PROPNEX MITRA PROPERTINDO', 'Debit', 3062500, 11),
(1969, 'JU1573', '2024-03-02', '2024-02-02', 104, 'PPH 23 FEE CO BROKE MAYJEND SUNGKONO 91C DEWI LEE PROPNEX MITRA PROPERTINDO', 'Kredit', 61250, 11),
(1970, 'JU1573', '2024-03-02', '2024-02-02', 182, 'FEE CO BROKE MAYJEND SUNGKONO 91C DEWI LEE PROPNEX MITRA PROPERTINDO', 'Kredit', 3001250, 11),
(1971, 'JU1559', '2024-03-02', '2024-02-01', 194, 'PELUNASAN SEWA APT BENSON LANTAI 16 NO 25', 'Kredit', 39500000, 11),
(1972, 'JU1416', '2024-03-02', '2024-02-17', 81, 'BI BENSIN PAK PII TGL 9 FEB-6 FEB', 'Debit', 48000, 11),
(1973, 'JU1574', '2024-03-12', '2024-02-03', 182, 'TERIMA TITIPAN PEMBELIAN BANNER CLAUDIA (ME) PO 202', 'Debit', 105000, 11),
(1974, 'JU1574', '2024-03-12', '2024-02-03', 183, 'TERIMA TITIPAN PEMBELIAN BANNER CLAUDIA (ME) PO 202', 'Kredit', 105000, 11),
(1975, 'JU1575', '2024-03-02', '2024-02-03', 238, 'FEE AGENT SDPS XIX NO 22 ME HENNY', 'Debit', 600000, 11),
(1976, 'JU1575', '2024-03-02', '2024-02-03', 103, 'PPH 21 FEE AGENT SDPS XIX NO 22 ME HENNY', 'Kredit', 15000, 11),
(1977, 'JU1575', '2024-03-02', '2024-02-03', 182, 'FEE AGENT SDPS XIX NO 22 ME HENNY', 'Kredit', 585000, 11),
(1978, 'JU1576', '2024-03-02', '2024-02-03', 238, 'FEE AGENT SDPS XIX NO 22 ME GHARY/YOAN', 'Debit', 500000, 11),
(1979, 'JU1576', '2024-03-02', '2024-02-03', 103, 'PPH 21 FEE AGENT SDPS XIX NO 22 ME GHARY/YOAN', 'Kredit', 12500, 11),
(1980, 'JU1576', '2024-03-02', '2024-02-03', 182, 'FEE AGENT SDPS XIX NO 22 ME GHARY/YOAN', 'Kredit', 487500, 11),
(1981, 'JU1577', '2024-03-02', '2024-02-03', 238, 'FEE AGENT MAYJEND SUNGKONO 91C ME YENNY', 'Debit', 1837500, 11),
(1982, 'JU1577', '2024-03-02', '2024-02-03', 103, 'PPH 21 FEE AGENT MAYJEND SUNGKONO 91C ME YENNY', 'Kredit', 44789, 11),
(1983, 'JU1577', '2024-03-02', '2024-02-03', 237, 'BI ADMIN 2,5% FEE AGENT MAYJEND SUNGKONO 91C ME YENNY', 'Kredit', 45938, 11),
(1984, 'JU1577', '2024-03-02', '2024-02-03', 182, 'FEE AGENT MAYJEND SUNGKONO 91C ME YENNY', 'Kredit', 1746773, 11),
(1985, 'JU1578', '2024-03-02', '2024-02-03', 232, 'FEE CMO MAYJEND SUNGKONO 91C JULIA', 'Debit', 61250, 11),
(1986, 'JU1578', '2024-03-02', '2024-02-03', 103, 'PPH 21 FEE CMO MAYJEND SUNGKONO 91C JULIA', 'Kredit', 1531, 11),
(1987, 'JU1578', '2024-03-03', '2024-02-03', 182, 'FEE CMO MAYJEND SUNGKONO 91C JULIA', 'Kredit', 59719, 11),
(1988, 'JU1579', '2024-03-02', '2024-02-03', 232, 'FEE EMD RUMAH SDPS XIX NO 22 YENNY', 'Debit', 20000, 11),
(1989, 'JU1579', '2024-03-02', '2024-02-03', 103, 'PPH 21 FEE EMD RUMAH SDPS XIX NO 22 YENNY', 'Kredit', 500, 11),
(1990, 'JU1579', '2024-03-02', '2024-02-03', 182, 'FEE EMD RUMAH SDPS XIX NO 22 YENNY', 'Kredit', 19500, 11),
(1991, 'JU1580', '2024-03-02', '2024-02-03', 232, 'FEE CMO RUMAH SDPS XIX NO 22 LYDIA', 'Debit', 20000, 11),
(1992, 'JU1580', '2024-03-02', '2024-02-03', 103, 'PPH 21 FEE CMO RUMAH SDPS XIX NO 22 LYDIA', 'Kredit', 500, 11),
(1993, 'JU1580', '2024-03-02', '2024-02-03', 182, 'FEE CMO RUMAH SDPS XIX NO 22 LYDIA', 'Kredit', 19500, 11),
(1994, 'JU1581', '2024-03-02', '2024-02-03', 232, 'FEE CMO RUMAH SDPS XIX NO 22 JULIA', 'Debit', 25000, 11),
(1995, 'JU1581', '2024-03-02', '2024-02-03', 103, 'PPH 21 FEE CMO RUMAH SDPS XIX NO 22 JULIA', 'Kredit', 625, 11),
(1996, 'JU1581', '2024-03-02', '2024-02-03', 182, 'FEE CMO RUMAH SDPS XIX NO 22 JULIA', 'Kredit', 24375, 11),
(1997, 'JU1582', '2024-03-02', '2024-02-03', 182, 'FEE AGENT APARTEMEN TANGLIN UNIT 0815', 'Debit', 750000, 11),
(1998, 'JU1582', '2024-03-02', '2024-02-03', 237, 'FEE AGENT APARTEMEN TANGLIN UNIT 0815', 'Kredit', 300000, 11),
(1999, 'JU1582', '2024-03-02', '2024-02-03', 238, 'FEE AGENT APARTEMEN TANGLIN UNIT 0815 ME LILY TAN', 'Kredit', 450000, 11),
(2000, 'JU1583', '2024-03-02', '2024-02-04', 238, 'FEE AGENT APARTEMEN BENSON LANTAI 16 UNIT 25 ME AMING GO', 'Debit', 750000, 11),
(2001, 'JU1583', '2024-03-02', '2024-02-04', 103, 'PPH 21 FEE AGENT APARTEMEN BENSON LANTAI 16 UNIT 25 ME AMING GO', 'Kredit', 18750, 11),
(2002, 'JU1583', '2024-03-02', '2024-02-04', 182, 'FEE AGENT APARTEMEN BENSON LANTAI 16 UNIT 25 ME AMING GO', 'Kredit', 731250, 11),
(2003, 'JU1584', '2024-03-02', '2024-02-04', 236, 'PEMINDAHBUKUAN FEE AGENT APARTEMEN BENSON LANTAI 16 UNIT 25 GUN/ANA', 'Debit', 1500000, 11),
(2004, 'JU1584', '2024-03-02', '2024-02-04', 182, 'PEMINDAHBUKUAN FEE AGENT APARTEMEN BENSON LANTAI 16 UNIT 25 GUN/ANA', 'Kredit', 1500000, 11),
(2005, 'JU1585', '2024-03-02', '2024-02-04', 232, 'FEE CMO APARTEMEN BENSON LANTAI 16 UNIT 25 JULIA', 'Debit', 37500, 11),
(2006, 'JU1585', '2024-03-02', '2024-02-04', 103, 'PPH 21 FEE CMO APARTEMEN BENSON LANTAI 16 UNIT 25 JULIA', 'Kredit', 938, 11),
(2007, 'JU1585', '2024-03-02', '2024-02-04', 182, 'FEE CMO APARTEMEN BENSON LANTAI 16 UNIT 25 JULIA', 'Kredit', 36563, 11),
(2008, 'JU1586', '2024-03-02', '2024-02-04', 241, 'GAJI STAFF VISION JANUARI YANG MASIH HARUS DIBAYAR (RESTI)', 'Debit', 2144231, 11),
(2009, 'JU1586', '2024-03-02', '2024-02-04', 182, 'GAJI STAFF VISION JANUARI YANG MASIH HARUS DIBAYAR (RESTI)', 'Kredit', 2144231, 11),
(2010, 'JU1587', '2024-03-02', '2024-02-05', 182, 'FEE AGENT RUNGKUT MAPAN BARAT 7/BG-3', 'Debit', 1250000, 11),
(2011, 'JU1587', '2024-03-02', '2024-02-05', 237, 'FEE AGENT RUNGKUT MAPAN BARAT 7/BG-3', 'Kredit', 312500, 11),
(2012, 'JU1587', '2024-03-02', '2024-02-05', 238, 'FEE AGENT RUNGKUT MAPAN BARAT 7/BG-3 ME AMING GO', 'Kredit', 312500, 11),
(2013, 'JU1587', '2024-03-02', '2024-02-05', 236, 'FEE AGENT RUNGKUT MAPAN BARAT 7/BG-3 GUN ANA', 'Kredit', 625000, 11),
(2014, 'JU1588', '2024-03-02', '2024-02-05', 238, 'FEE AGENT NORTHWEST BOULEVARD BLOK NV 1 NO 33 ME LILY TAN', 'Debit', 1260000, 11),
(2015, 'JU1588', '2024-03-04', '2024-02-05', 237, 'BI ADMIN 2,5% FEE AGENT NORTHWEST BOULEVARD BLOK NV 1 NO 33 ME LILY TAN', 'Kredit', 31500, 11),
(2017, 'JU1588', '2024-03-02', '2024-02-05', 103, 'PPH 21 FEE AGENT NORTHWEST BOULEVARD BLOK NV 1 NO 33 ME LILY TAN', 'Kredit', 30713, 11),
(2018, 'JU1588', '2024-03-02', '2024-02-05', 182, 'FEE AGENT NORTHWEST BOULEVARD BLOK NV 1 NO 33 ME LILY TAN', 'Kredit', 1197788, 11),
(2019, 'JU1589', '2024-03-02', '2024-02-05', 236, 'PEMINDAHBUKUAN FEE AGENT NORTHWEST BOULEVARD BLOK NV 1 NO 33 GUN/ANA', 'Debit', 2100000, 11),
(2020, 'JU1589', '2024-03-02', '2024-02-05', 182, 'PEMINDAHBUKUAN FEE AGENT NORTHWEST BOULEVARD BLOK NV 1 NO 33 GUN/ANA', 'Kredit', 2100000, 11),
(2021, 'JU1590', '2024-03-02', '2024-02-05', 232, 'FEE CMO NORTHWEST BOULEVARD BLOK NV 1 NO 33 JULIA', 'Debit', 42000, 11),
(2022, 'JU1590', '2024-03-02', '2024-02-05', 103, 'PPH 21 FEE CMO NORTHWEST BOULEVARD BLOK NV 1 NO 33 JULIA', 'Kredit', 1050, 11),
(2023, 'JU1590', '2024-03-02', '2024-02-05', 182, 'FEE CMO NORTHWEST BOULEVARD BLOK NV 1 NO 33 JULIA', 'Kredit', 40950, 11),
(2024, 'JU1591', '2024-03-02', '2024-02-05', 232, 'FEE EMD NORTHWEST BOULEVARD BLOK NV 1 NO 33 ENDRI', 'Debit', 42000, 11),
(2025, 'JU1591', '2024-03-02', '2024-02-05', 103, 'FEE EMD NORTHWEST BOULEVARD BLOK NV 1 NO 33 ENDRI', 'Kredit', 1050, 11),
(2026, 'JU1591', '2024-03-02', '2024-02-05', 182, 'FEE EMD NORTHWEST BOULEVARD BLOK NV 1 NO 33 ENDRI', 'Kredit', 40950, 11),
(2027, 'JU1592', '2024-03-02', '2024-02-28', 10, 'FEE PRIMARY RITZCOAST F2/11', 'Debit', 8063350, 11),
(2028, 'JU1592', '2024-03-02', '2024-02-28', 305, 'FEE PRIMARY RITZCOAST F2/11', 'Kredit', 8063350, 11),
(2029, 'JU1593', '2024-03-02', '2024-02-28', 10, 'BLT KANTOR RITZCOAST F2/11', 'Debit', 1953500, 11),
(2030, 'JU1593', '2024-03-02', '2024-02-28', 305, 'BLT KANTOR RITZCOAST F2/11', 'Kredit', 1953500, 11),
(2031, 'JU1594', '2024-03-02', '2024-02-28', 10, 'FEE PRIMARY RITZCOAST F5/5', 'Debit', 8869516, 11),
(2032, 'JU1594', '2024-03-04', '2024-02-28', 314, 'FEE PRIMARY RITZCOAST F5/5', 'Kredit', 8869516, 11),
(2033, 'JU1595', '2024-03-02', '2024-02-28', 10, 'BLT KOOR RITZCOAST F2/11', 'Debit', 1463500, 11),
(2034, 'JU1595', '2024-03-02', '2024-02-28', 305, 'BLT KOOR RITZCOAST F2/11', 'Kredit', 1463500, 11),
(2035, 'JU1596', '2024-03-02', '2024-02-28', 10, 'FEE PRIMARY RITZCOAST F5/21', 'Debit', 9614502, 11),
(2036, 'JU1596', '2024-03-04', '2024-02-28', 315, 'FEE PRIMARY RITZCOAST F5/21', 'Kredit', 9614502, 11),
(2037, 'JU1597', '2024-03-02', '2024-02-28', 10, 'BLT KOOR RITZCOAST F5/5', 'Debit', 1463500, 11),
(2038, 'JU1597', '2024-03-04', '2024-02-28', 314, 'BLT KOOR RITZCOAST F5/5', 'Kredit', 1463500, 11),
(2039, 'JU1598', '2024-03-02', '2024-02-28', 10, 'BLT KANTOR RITZCOAST F5/5', 'Debit', 1953500, 11),
(2040, 'JU1598', '2024-03-04', '2024-02-28', 314, 'BLT KANTOR RITZCOAST F5/5', 'Kredit', 1953500, 11),
(2041, 'JU1599', '2024-03-02', '2024-02-28', 10, 'BLT KOOR RITZCOAST F5/21', 'Debit', 1463500, 11),
(2042, 'JU1599', '2024-03-04', '2024-02-28', 315, 'BLT KOOR RITZCOAST F5/21', 'Kredit', 1463500, 11),
(2043, 'JU1600', '2024-03-02', '2024-02-28', 10, 'BLT MARKETING RITZCOAST F5/21', 'Debit', 10718500, 11),
(2044, 'JU1600', '2024-03-04', '2024-02-28', 315, 'BLT MARKETING RITZCOAST F5/21', 'Kredit', 10718500, 11),
(2045, 'JU1601', '2024-03-02', '2024-02-28', 10, 'BLT KANTOR RITZCOAST F5/21', 'Debit', 1953500, 11),
(2046, 'JU1601', '2024-03-04', '2024-02-28', 315, 'BLT KANTOR RITZCOAST F5/21', 'Kredit', 1953500, 11),
(2047, 'JU1602', '2024-03-12', '2024-02-05', 260, 'BI BANNER PO 200', 'Debit', 112500, 11),
(2048, 'JU1602', '2024-03-12', '2024-02-05', 183, 'BI BANNER ME PO 200', 'Debit', 112500, 11),
(2049, 'JU1603', '2024-03-12', '2024-02-05', 183, 'BI BANNER ME PO 195', 'Debit', 12000, 11),
(2050, 'JU1603', '2024-03-12', '2024-02-05', 182, 'BI BANNER ME PO 195', 'Kredit', 12000, 11),
(2051, 'JU1604', '2024-03-12', '2024-02-05', 260, 'BI BANNER PO 198', 'Debit', 5000, 11),
(2052, 'JU1604', '2024-03-12', '2024-02-05', 183, 'BI BANNER ME PO 198', 'Debit', 7000, 11),
(2053, 'JU1605', '2024-03-12', '2024-02-05', 183, 'BI BANNER ME ANG WIN PO 199', 'Debit', 90000, 11),
(2054, 'JU1605', '2024-03-12', '2024-02-05', 260, 'BI BANNER ANG/WIN PO 199', 'Debit', 41015, 11),
(2055, 'JU1606', '2024-03-12', '2024-02-05', 183, 'BI BANNER ME LYLY TAN PO 201', 'Debit', 41800, 11),
(2056, 'JU1606', '2024-03-12', '2024-02-05', 260, 'BI BANNER LYLY TAN PO 201', 'Debit', 18200, 11);
INSERT INTO `jurnal_umum` (`id_jurnal`, `kode_jurnal`, `tgl_input_asli_jurnal`, `tgl_input_jurnal`, `id_bttb`, `keterangan_jurnal`, `jenis_jurnal`, `nominal_jurnal`, `admin_jurnal`) VALUES
(2057, 'JU1607', '2024-03-12', '2024-02-05', 183, 'BI BANNER ME CLAUDIA PO 202', 'Debit', 105000, 11),
(2058, 'JU1607', '2024-03-12', '2024-02-05', 260, 'BI BANNER CLAUDIA PO 202', 'Debit', 45000, 11),
(2059, 'JU1608', '2024-03-12', '2024-02-05', 182, 'TERIMA TITIPAN PEMBELIAN BANNER SONNY (ME) PO 203', 'Debit', 37500, 11),
(2060, 'JU1608', '2024-03-12', '2024-02-05', 183, 'TERIMA TITIPAN PEMBELIAN BANNER SONNY (ME) PO 203', 'Kredit', 37500, 11),
(2061, 'JU1609', '2024-03-12', '2024-02-07', 182, 'TERIMA TITIPAN PEMBELIAN BANNER INDRI (ME) PO 204', 'Debit', 90000, 11),
(2062, 'JU1609', '2024-03-12', '2024-02-07', 183, 'TERIMA TITIPAN PEMBELIAN BANNER INDRI (ME) PO 204', 'Kredit', 90000, 11),
(2063, 'JU1610', '2024-03-02', '2024-02-07', 103, 'PPH 21 BULAN JANUARI DITRANSFER KE PUSAT', 'Debit', 1090501, 11),
(2064, 'JU1610', '2024-03-02', '2024-02-07', 182, 'PPH 21 BULAN JANUARI DITRANSFER KE PUSAT', 'Kredit', 1090501, 11),
(2065, 'JU1611', '2024-03-02', '2024-02-07', 104, 'PPH 23 BULAN JANUARI DITRANSFER KE PUSAT', 'Debit', 90000, 11),
(2066, 'JU1611', '2024-03-02', '2024-02-07', 182, 'PPH 23 BULAN JANUARI DITRANSFER KE PUSAT', 'Kredit', 90000, 11),
(2067, 'JU1612', '2024-03-02', '2024-02-07', 238, 'FEE AGENT RUNGKUT MAPAN BARAT 7/BG-3 ME AMING GO', 'Debit', 312500, 11),
(2068, 'JU1612', '2024-03-02', '2024-02-07', 103, 'PPH 21 FEE AGENT RUNGKUT MAPAN BARAT 7/BG-3 ME AMING GO', 'Kredit', 7813, 11),
(2069, 'JU1612', '2024-03-02', '2024-02-07', 182, 'FEE AGENT RUNGKUT MAPAN BARAT 7/BG-3 ME AMING GO', 'Kredit', 304688, 11),
(2070, 'JU1613', '2024-03-02', '2024-02-07', 236, 'PEMINDAHBUKUAN FEE AGENT RUNGKUT MAPAN BARAT 7/BG-3 GUN/ANA', 'Debit', 625000, 11),
(2071, 'JU1613', '2024-03-02', '2024-02-07', 182, 'PEMINDAHBUKUAN FEE AGENT RUNGKUT MAPAN BARAT 7/BG-3 GUN/ANA', 'Kredit', 625000, 11),
(2072, 'JU1614', '2024-03-02', '2024-02-07', 238, 'FEE CMO RUNGKUT MAPAN BARAT 7/BG-3 JULIA', 'Debit', 15625, 11),
(2073, 'JU1614', '2024-03-02', '2024-02-07', 103, 'PPH 21 FEE CMO RUNGKUT MAPAN BARAT 7/BG-3 JULIA', 'Kredit', 391, 11),
(2074, 'JU1614', '2024-03-02', '2024-02-07', 182, 'FEE CMO RUNGKUT MAPAN BARAT 7/BG-3 JULIA', 'Kredit', 15234, 11),
(2075, 'JU1615', '2024-03-03', '2024-02-01', 133, 'BI BANNER GUN/ANA', 'Debit', 813000, 11),
(2076, 'JU1615', '2024-03-03', '2024-02-01', 175, 'BI BANNER GUN/ANA', 'Kredit', 813000, 11),
(2077, 'JU1616', '2024-03-03', '2024-02-01', 93, 'BI BPJS TK', 'Debit', 987304, 11),
(2078, 'JU1616', '2024-03-03', '2024-02-01', 175, 'BI BPJS TK', 'Kredit', 987304, 11),
(2079, 'JU1617', '2024-03-03', '2024-02-07', 238, 'FEE AGENT APARTEMEN TANGLIN UNIT 0815 ME LILY TAN', 'Debit', 450000, 11),
(2080, 'JU1617', '2024-03-03', '2024-02-07', 103, 'PPH 21 FEE AGENT APARTEMEN TANGLIN UNIT 0815 ME LILY TAN', 'Kredit', 10969, 11),
(2081, 'JU1617', '2024-03-03', '2024-02-07', 237, 'BI ADM 2,5% FEE AGENT APARTEMEN TANGLIN UNIT 0815 ME LILY TAN', 'Kredit', 11250, 11),
(2082, 'JU1617', '2024-03-03', '2024-02-07', 182, 'FEE AGENT APARTEMEN TANGLIN UNIT 0815 ME LILY TAN', 'Kredit', 427781, 11),
(2083, 'JU1618', '2024-03-03', '2024-02-07', 232, 'FEE CMO APARTEMEN TANGLIN UNIT 0815 JULIA', 'Debit', 15000, 11),
(2084, 'JU1618', '2024-03-03', '2024-02-07', 103, 'PPH 21 FEE CMO APARTEMEN TANGLIN UNIT 0815 JULIA', 'Kredit', 375, 11),
(2085, 'JU1618', '2024-03-03', '2024-02-07', 182, 'FEE CMO APARTEMEN TANGLIN UNIT 0815 JULIA', 'Kredit', 14625, 11),
(2086, 'JU1619', '2024-03-03', '2024-02-07', 232, 'FEE EMD APARTEMEN TANGLIN UNIT 0815 ENDRI', 'Debit', 15000, 11),
(2087, 'JU1619', '2024-03-03', '2024-02-07', 103, 'PPH 21 FEE EMD APARTEMEN TANGLIN UNIT 0815 ENDRI', 'Kredit', 375, 11),
(2088, 'JU1619', '2024-03-03', '2024-02-07', 182, 'FEE EMD APARTEMEN TANGLIN UNIT 0815 ENDRI', 'Kredit', 14625, 11),
(2089, 'JU1620', '2024-03-03', '2024-02-07', 266, 'BI KAYU LIST 50 KG', 'Debit', 375000, 11),
(2090, 'JU1620', '2024-03-03', '2024-02-07', 182, 'BI KAYU LIST 50 KG', 'Kredit', 375000, 11),
(2091, 'JU1621', '2024-03-03', '2024-02-07', 247, 'BI SEWA RUKO VISION BLN FEBRUARI', 'Debit', 12500000, 11),
(2092, 'JU1621', '2024-03-03', '2024-02-07', 182, 'BI SEWA RUKO VISION BLN FEBRUARI', 'Kredit', 12500000, 11),
(2093, 'JU1622', '2024-03-03', '2024-02-07', 221, 'BI PULSA ADMIN CABANG', 'Debit', 17500, 11),
(2094, 'JU1622', '2024-03-03', '2024-02-07', 254, 'BI ADMIN SHOPEEPAY PULSA ADMIN CABANG', 'Debit', 1000, 11),
(2095, 'JU1622', '2024-03-03', '2024-02-07', 182, 'BI PULSA ADMIN CABANG', 'Kredit', 18500, 11),
(2096, 'JU1623', '2024-03-03', '2024-02-07', 221, 'BI TELPON KANTOR VISION', 'Debit', 121471, 11),
(2097, 'JU1623', '2024-03-03', '2024-02-07', 254, 'BI ADMIN TELPON KANTOR VISION', 'Debit', 2500, 11),
(2098, 'JU1623', '2024-03-03', '2024-02-07', 182, 'BI TELPON KANTOR VISION', 'Kredit', 123971, 11),
(2099, 'JU1624', '2024-03-03', '2024-02-07', 224, 'BI WIFI TELKOM SPEEDY KANTOR MANYAR', 'Debit', 307750, 11),
(2100, 'JU1624', '2024-03-03', '2024-02-07', 182, 'BI WIFI TELKOM SPEEDY KANTOR MANYAR', 'Kredit', 307750, 11),
(2101, 'JU1625', '2024-03-12', '2024-02-09', 182, 'TERIMA TITIPAN PEMBELIAN BANNER HENDRA (ME) PO 205', 'Debit', 60000, 11),
(2102, 'JU1625', '2024-03-12', '2024-02-09', 183, 'TERIMA TITIPAN PEMBELIAN BANNER HENDRA (ME) PO 205', 'Kredit', 60000, 11),
(2103, 'JU1626', '2024-03-03', '2024-02-09', 240, 'KLAIM KAS KECIL VISION', 'Debit', 1028600, 11),
(2104, 'JU1626', '2024-03-03', '2024-02-09', 182, 'KLAIM KAS KECIL VISION', 'Kredit', 1028600, 11),
(2105, 'JU1627', '2024-03-12', '2024-02-09', 260, 'BI BANNER SONNY PO 203', 'Debit', 37500, 11),
(2106, 'JU1627', '2024-03-12', '2024-02-09', 183, 'BI BANNER ME SONNY PO 203', 'Debit', 37500, 11),
(2107, 'JU1628', '2024-03-03', '2024-02-09', 224, 'BI BIZNET VISION LT 2 ', 'Debit', 471750, 11),
(2108, 'JU1628', '2024-03-03', '2024-02-09', 182, 'BI BIZNET VISION LT 2 ', 'Kredit', 471750, 11),
(2109, 'JU1629', '2024-03-12', '2024-02-09', 183, 'BI BANNER ME HENDRA PO 205', 'Debit', 60000, 11),
(2110, 'JU1629', '2024-03-12', '2024-02-09', 260, 'BI BANNER HENDRA PO 205', 'Debit', 34000, 11),
(2111, 'JU1630', '2024-03-12', '2024-02-09', 183, 'BI BANNER ME INDRI PO 204', 'Debit', 120000, 11),
(2112, 'JU1630', '2024-03-12', '2024-02-09', 260, 'BI BANNER INDRI PO 204', 'Debit', 30000, 11),
(2113, 'JU1631', '2024-03-03', '2024-02-09', 212, 'BI KEPERLUAN IMLEK', 'Debit', 141000, 11),
(2114, 'JU1631', '2024-03-03', '2024-02-09', 182, 'BI KEPERLUAN IMLEK', 'Kredit', 141000, 11),
(2115, 'JU1632', '2024-03-03', '2024-02-12', 182, 'PENDAFTARAN MARKETING BARU SETYA HARI DAN RETNO', 'Debit', 600000, 11),
(2116, 'JU1632', '2024-03-03', '2024-02-12', 234, 'PENDAFTARAN MARKETING BARU SETYA HARI DAN RETNO', 'Kredit', 600000, 11),
(2117, 'JU1633', '2024-03-12', '2024-02-12', 182, 'TERIMA TITIPAN PEMBELIAN BANNER YOAN (ME) PO 206', 'Debit', 187500, 11),
(2118, 'JU1633', '2024-03-12', '2024-02-12', 183, 'TERIMA TITIPAN PEMBELIAN BANNER YOAN (ME) PO 206', 'Kredit', 187500, 11),
(2119, 'JU1634', '2024-03-03', '2024-02-13', 236, 'PEMINDAHBUKUAN KE REKENING PUSAT', 'Debit', 5109700, 11),
(2120, 'JU1634', '2024-03-03', '2024-02-13', 182, 'PEMINDAHBUKUAN KE REKENING PUSAT', 'Kredit', 5109700, 11),
(2121, 'JU1635', '2024-03-12', '2024-02-13', 183, 'BI BANNER ME YOAN PO 206', 'Debit', 187500, 11),
(2122, 'JU1635', '2024-03-12', '2024-02-13', 260, 'BI BANNER YOAN PO 206', 'Debit', 187500, 11),
(2123, 'JU1636', '2024-03-03', '2024-02-13', 182, 'FEE AGENT GUDANG BUMI MASPION', 'Debit', 4900000, 11),
(2124, 'JU1636', '2024-03-03', '2024-02-13', 237, 'FEE AGENT GUDANG BUMI MASPION', 'Kredit', 2450000, 11),
(2125, 'JU1636', '2024-03-03', '2024-02-13', 238, 'FEE AGENT GUDANG BUMI MASPION ME ANG', 'Kredit', 612500, 11),
(2126, 'JU1636', '2024-03-03', '2024-02-13', 238, 'FEE AGENT GUDANG BUMI MASPION ME FRAN', 'Kredit', 612500, 11),
(2127, 'JU1636', '2024-03-03', '2024-02-13', 238, 'FEE AGENT GUDANG BUMI MASPION ME WIN', 'Kredit', 1225000, 11),
(2128, 'JU1637', '2024-03-03', '2024-02-15', 182, 'PENDAFTARAN MARKETING BARU', 'Debit', 600000, 11),
(2129, 'JU1637', '2024-03-03', '2024-02-15', 234, 'PENDAFTARAN MARKETING BARU', 'Kredit', 600000, 11),
(2130, 'JU1638', '2024-03-03', '2024-02-15', 182, 'PEMINDAHBUKUAN FEE AGENT DIAMOND HILL DR1/9', 'Debit', 22500000, 11),
(2131, 'JU1638', '2024-03-03', '2024-02-15', 236, 'PEMINDAHBUKUAN FEE AGENT DIAMOND HILL DR1/9', 'Kredit', 22500000, 11),
(2132, 'JU1639', '2024-03-03', '2024-02-15', 223, 'BI PLN VISION BLN FEBRUARI', 'Debit', 1127239, 11),
(2133, 'JU1639', '2024-03-03', '2024-02-15', 182, 'BI PLN VISION BLN FEBRUARI', 'Kredit', 1127239, 11),
(2134, 'JU1640', '2024-03-03', '2024-02-15', 222, 'BI PDAM VISION BULAN FEBRUARI', 'Debit', 66213, 11),
(2135, 'JU1640', '2024-03-03', '2024-02-15', 182, 'BI PDAM VISION BULAN FEBRUARI', 'Kredit', 66213, 11),
(2136, 'JU1641', '2024-03-03', '2024-02-15', 224, 'BI BIZNET VISION BULAN FEBRUARI', 'Debit', 157250, 11),
(2137, 'JU1641', '2024-03-03', '2024-02-15', 182, 'BI BIZNET VISION BULAN FEBRUARI', 'Kredit', 157250, 11),
(2138, 'JU1642', '2024-03-03', '2024-02-15', 246, 'BI BPJS TK SYLVA', 'Debit', 204375, 11),
(2139, 'JU1642', '2024-03-03', '2024-02-15', 182, 'BI BPJS TK SYLVA', 'Kredit', 204375, 11),
(2140, 'JU1643', '2024-03-03', '2024-02-15', 236, 'PEMINDAHBUKUAN FEE AGENT DIAMOND HILL DR1/9', 'Debit', 22500000, 11),
(2141, 'JU1643', '2024-03-03', '2024-02-15', 182, 'PEMINDAHBUKUAN FEE AGENT DIAMOND HILL DR1/9', 'Kredit', 22500000, 11),
(2142, 'JU1644', '2024-03-03', '2024-02-16', 212, 'BI KEPERLUAN IMLEK', 'Debit', 340000, 11),
(2143, 'JU1644', '2024-03-03', '2024-02-16', 182, 'BI KEPERLUAN IMLEK', 'Kredit', 340000, 11),
(2144, 'JU1645', '2024-03-12', '2024-02-16', 182, 'TERIMA TITIPAN PEMBELIAN BANNER CLAUDIA (ME) PO 208', 'Debit', 609000, 11),
(2145, 'JU1645', '2024-03-12', '2024-02-16', 183, 'TERIMA TITIPAN PEMBELIAN BANNER CLAUDIA (ME) PO 208', 'Kredit', 609000, 11),
(2146, 'JU1646', '2024-03-03', '2024-02-17', 182, 'FEE AGENT EASTWOOD BLOK EW5/80', 'Debit', 50183028, 11),
(2147, 'JU1646', '2024-03-03', '2024-02-17', 237, 'FEE AGENT EASTWOOD BLOK EW5/80', 'Kredit', 16058569, 11),
(2148, 'JU1646', '2024-03-03', '2024-02-17', 238, 'FEE AGENT EASTWOOD BLOK EW5/80 ME CLAUDIA', 'Kredit', 24087853, 11),
(2149, 'JU1646', '2024-03-03', '2024-02-17', 306, 'FEE PRIMARY EASTWOOD BLOK EW5/80', 'Kredit', 10036606, 11),
(2150, 'JU1647', '2024-03-03', '2024-02-16', 182, 'FEE AGENT NORTHWEST BOULEVARD BLOK NV 10 NO 31', 'Debit', 2000000, 11),
(2151, 'JU1647', '2024-03-03', '2024-02-16', 237, 'FEE AGENT NORTHWEST BOULEVARD BLOK NV 10 NO 31', 'Kredit', 400000, 11),
(2152, 'JU1647', '2024-03-03', '2024-02-16', 238, 'FEE AGENT NORTHWEST BOULEVARD BLOK NV 10 NO 31 ME LILY TAN', 'Kredit', 600000, 11),
(2153, 'JU1647', '2024-03-03', '2024-02-16', 236, 'FEE AGENT NORTHWEST BOULEVARD BLOK NV 10 NO 31 GUN/ANA', 'Kredit', 1000000, 11),
(2154, 'JU1648', '2024-03-03', '2024-02-17', 238, 'FEE AGENT GUDANG BUMI MASPION ME ANG', 'Debit', 612500, 11),
(2155, 'JU1648', '2024-03-03', '2024-02-17', 103, 'PPH 21 FEE AGENT GUDANG BUMI MASPION ME ANG', 'Kredit', 15313, 11),
(2156, 'JU1648', '2024-03-03', '2024-02-17', 182, 'FEE AGENT GUDANG BUMI MASPION ME ANG', 'Kredit', 597188, 11),
(2157, 'JU1649', '2024-03-03', '2024-02-17', 238, 'FEE AGENT GUDANG BUMI MASPION ME FRAN', 'Debit', 612500, 11),
(2158, 'JU1649', '2024-03-03', '2024-02-17', 103, 'PPH 21 FEE AGENT GUDANG BUMI MASPION ME FRAN', 'Kredit', 15313, 11),
(2159, 'JU1649', '2024-03-03', '2024-02-17', 182, 'FEE AGENT GUDANG BUMI MASPION ME FRAN', 'Kredit', 597188, 11),
(2160, 'JU1650', '2024-03-03', '2024-02-17', 238, 'FEE AGENT GUDANG BUMI MASPION ME WIN', 'Debit', 1225000, 11),
(2161, 'JU1650', '2024-03-03', '2024-02-17', 103, 'PPH 21 FEE AGENT GUDANG BUMI MASPION ME WIN', 'Kredit', 30625, 11),
(2162, 'JU1650', '2024-03-03', '2024-02-17', 182, 'FEE AGENT GUDANG BUMI MASPION ME WIN', 'Kredit', 1194375, 11),
(2163, 'JU1651', '2024-03-03', '2024-02-17', 232, 'FEE EMD GUDANG BUMI MASPION ANG', 'Debit', 61250, 11),
(2164, 'JU1651', '2024-03-03', '2024-02-17', 103, 'PPH 21 FEE EMD GUDANG BUMI MASPION ANG', 'Kredit', 1531, 11),
(2165, 'JU1651', '2024-03-03', '2024-02-17', 182, 'FEE EMD GUDANG BUMI MASPION ANG', 'Kredit', 59719, 11),
(2166, 'JU1652', '2024-03-03', '2024-02-17', 232, 'FEE EMD GUDANG BUMI MASPION ANG', 'Debit', 30625, 11),
(2167, 'JU1652', '2024-03-03', '2024-02-17', 103, 'PPH 21 FEE EMD GUDANG BUMI MASPION ANG', 'Kredit', 766, 11),
(2168, 'JU1652', '2024-03-03', '2024-02-17', 182, 'FEE EMD GUDANG BUMI MASPION ANG', 'Kredit', 29859, 11),
(2169, 'JU1653', '2024-03-03', '2024-02-17', 232, 'FEE CMO GUDANG BUMI MASPION JULIA', 'Debit', 30625, 11),
(2170, 'JU1653', '2024-03-03', '2024-02-17', 103, 'PPH 21 FEE CMO GUDANG BUMI MASPION JULIA', 'Kredit', 766, 11),
(2171, 'JU1653', '2024-03-03', '2024-02-17', 182, 'FEE CMO GUDANG BUMI MASPION JULIA', 'Kredit', 29859, 11),
(2172, 'JU1654', '2024-03-03', '2024-02-17', 238, 'FEE AGENT NORTHWEST BOULEVARD BLOK NV 10 NO 31 ME LILY TAN', 'Debit', 600000, 11),
(2173, 'JU1654', '2024-03-03', '2024-02-17', 103, 'PPH 21 FEE AGENT NORTHWEST BOULEVARD BLOK NV 10 NO 31 ME LILY TAN', 'Kredit', 14625, 11),
(2174, 'JU1654', '2024-03-03', '2024-02-17', 237, 'BI ADM 2,5% FEE AGENT NORTHWEST BOULEVARD BLOK NV 10 NO 31 ME LILY TAN', 'Kredit', 15000, 11),
(2175, 'JU1654', '2024-03-03', '2024-02-17', 182, 'FEE AGENT NORTHWEST BOULEVARD BLOK NV 10 NO 31 ME LILY TAN', 'Kredit', 570375, 11),
(2176, 'JU1655', '2024-03-03', '2024-02-17', 236, 'PEMINDAHBUKUAN FEE AGENT NORTHWEST BOULEVARD BLOK NV 10 NO 31 GUN/ANA', 'Debit', 1000000, 11),
(2177, 'JU1655', '2024-03-03', '2024-02-17', 182, 'PEMINDAHBUKUAN FEE AGENT NORTHWEST BOULEVARD BLOK NV 10 NO 31 GUN/ANA', 'Kredit', 1000000, 11),
(2178, 'JU1656', '2024-03-03', '2024-02-17', 232, 'FEE CMO NORTHWEST BOULEVARD BLOK NV 10 NO 31 JULIA', 'Debit', 20000, 11),
(2179, 'JU1656', '2024-03-03', '2024-02-17', 103, 'PPH 21 FEE CMO NORTHWEST BOULEVARD BLOK NV 10 NO 31 JULIA', 'Kredit', 500, 11),
(2180, 'JU1656', '2024-03-03', '2024-02-17', 182, 'FEE CMO NORTHWEST BOULEVARD BLOK NV 10 NO 31 JULIA', 'Kredit', 19500, 11),
(2181, 'JU1657', '2024-03-03', '2024-02-17', 232, 'FEE EMD NORTHWEST BOULEVARD BLOK NV 10 NO 31 ENDRI', 'Debit', 20000, 11),
(2182, 'JU1657', '2024-03-03', '2024-02-17', 103, 'PPH 21 FEE EMD NORTHWEST BOULEVARD BLOK NV 10 NO 31 ENDRI', 'Kredit', 500, 11),
(2183, 'JU1657', '2024-03-03', '2024-02-17', 182, 'FEE EMD NORTHWEST BOULEVARD BLOK NV 10 NO 31 ENDRI', 'Kredit', 19500, 11),
(2184, 'JU1658', '2024-03-03', '2024-02-17', 236, 'PEMINDAHBUKUAN ANTAR CABANG BLN JANUARI', 'Debit', 7453750, 11),
(2185, 'JU1658', '2024-03-03', '2024-02-17', 182, 'PEMINDAHBUKUAN ANTAR CABANG BLN JANUARI', 'Kredit', 7453750, 11),
(2186, 'JU1659', '2024-03-03', '2024-02-17', 238, 'FEE AGENT EASTWOOD BLOK EW5/80 ME CLAUDIA', 'Debit', 24087853, 11),
(2187, 'JU1659', '2024-03-03', '2024-02-17', 103, 'PPH 21 FEE AGENT EASTWOOD BLOK EW5/80 ME CLAUDIA', 'Kredit', 587141, 11),
(2188, 'JU1659', '2024-03-04', '2024-02-17', 237, 'BI ADM 2,5% FEE AGENT EASTWOOD BLOK EW5/80 ME CLAUDIA', 'Kredit', 602196, 11),
(2189, 'JU1659', '2024-03-03', '2024-02-17', 182, 'FEE AGENT EASTWOOD BLOK EW5/80 ME CLAUDIA', 'Kredit', 22898516, 11),
(2190, 'JU1660', '2024-03-03', '2024-02-17', 232, 'FEE CMO EASTWOOD BLOK EW5/80 JULIA', 'Debit', 802928, 11),
(2191, 'JU1660', '2024-03-03', '2024-02-17', 103, 'PPH 21 FEE CMO EASTWOOD BLOK EW5/80 JULIA', 'Kredit', 20073, 11),
(2192, 'JU1660', '2024-03-03', '2024-02-17', 182, 'FEE CMO EASTWOOD BLOK EW5/80 JULIA', 'Kredit', 782855, 11),
(2193, 'JU1661', '2024-03-03', '2024-02-19', 182, 'TERIMA PEMBAYARAN ID CARD YUHUU ANI', 'Debit', 40000, 11),
(2194, 'JU1661', '2024-03-03', '2024-02-19', 183, 'TERIMA PEMBAYARAN ID CARD YUHUU ANI', 'Kredit', 40000, 11),
(2195, 'JU1662', '2024-03-03', '2024-02-19', 182, 'TERIMA PEMBAYARAN ID CARD INDRAWATI', 'Debit', 20000, 11),
(2196, 'JU1662', '2024-03-03', '2024-02-19', 183, 'TERIMA PEMBAYARAN ID CARD INDRAWATI', 'Kredit', 20000, 11),
(2197, 'JU1663', '2024-03-12', '2024-02-19', 268, 'BI ID CARD ME NENSY DAN HENDRA PO 207', 'Debit', 50000, 11),
(2198, 'JU1663', '2024-03-12', '2024-02-19', 182, 'BI ID CARD ME NENSY DAN HENDRA PO 207', 'Kredit', 50000, 11),
(2199, 'JU1664', '2024-03-03', '2024-02-20', 182, 'FEE AGENT SEWA RUKO JL WIYUNG PRAJA NO 10 ', 'Debit', 18000000, 11),
(2200, 'JU1664', '2024-03-03', '2024-02-20', 237, 'FEE AGENT SEWA RUKO JL WIYUNG PRAJA NO 10 ', 'Kredit', 7200000, 11),
(2201, 'JU1664', '2024-03-03', '2024-02-20', 238, 'FEE AGENT SEWA RUKO JL WIYUNG PRAJA NO 10 ME LILY TAN', 'Kredit', 10800000, 11),
(2202, 'JU1665', '2024-03-03', '2024-02-21', 238, 'FEE AGENT SEWA RUKO JL WIYUNG PRAJA NO 10 ME LILY TAN', 'Debit', 10800000, 11),
(2203, 'JU1665', '2024-03-03', '2024-02-21', 103, 'PPH 21 FEE AGENT SEWA RUKO JL WIYUNG PRAJA NO 10 ME LILY TAN', 'Kredit', 263250, 11),
(2204, 'JU1665', '2024-03-03', '2024-02-21', 237, 'BI ADM 2,5% FEE AGENT SEWA RUKO JL WIYUNG PRAJA NO 10 ME LILY TAN', 'Kredit', 270000, 11),
(2205, 'JU1665', '2024-03-03', '2024-02-21', 182, 'FEE AGENT SEWA RUKO JL WIYUNG PRAJA NO 10 ME LILY TAN', 'Kredit', 10266750, 11),
(2206, 'JU1666', '2024-03-03', '2024-02-21', 232, 'FEE CMO SEWA RUKO JL WIYUNG PRAJA NO 10 JULIA', 'Debit', 360000, 11),
(2207, 'JU1666', '2024-03-03', '2024-02-21', 103, 'PPH 21 FEE CMO SEWA RUKO JL WIYUNG PRAJA NO 10 JULIA', 'Kredit', 9000, 11),
(2208, 'JU1666', '2024-03-03', '2024-02-21', 182, 'FEE CMO SEWA RUKO JL WIYUNG PRAJA NO 10 JULIA', 'Kredit', 351000, 11),
(2209, 'JU1667', '2024-03-03', '2024-02-21', 232, 'FEE EMD SEWA RUKO JL WIYUNG PRAJA NO 10 ENDRI', 'Debit', 360000, 11),
(2210, 'JU1667', '2024-03-03', '2024-02-21', 103, 'PPH 21 FEE EMD SEWA RUKO JL WIYUNG PRAJA NO 10 ENDRI', 'Kredit', 9000, 11),
(2211, 'JU1667', '2024-03-03', '2024-02-21', 182, 'FEE EMD SEWA RUKO JL WIYUNG PRAJA NO 10 ENDRI', 'Kredit', 351000, 11),
(2212, 'JU1668', '2024-03-12', '2024-02-21', 183, 'BI BANNER ME CLAUDIA PO 208', 'Debit', 325000, 11),
(2213, 'JU1668', '2024-03-12', '2024-02-21', 182, 'BI BANNER ME CLAUDIA PO 208', 'Kredit', 325000, 11),
(2214, 'JU1669', '2024-03-03', '2024-02-22', 183, 'TERIMA PEMBAYARAN ID CARD ANG', 'Kredit', 20000, 11),
(2215, 'JU1669', '2024-03-03', '2024-02-22', 183, 'TERIMA PEMBAYARAN ID CARD WIN', 'Kredit', 20000, 11),
(2216, 'JU1669', '2024-03-03', '2024-02-22', 182, 'TERIMA PEMBAYARAN ID CARD ANG WIN', 'Debit', 40000, 11),
(2217, 'JU1670', '2024-03-12', '2024-02-23', 183, 'BI BANNER ME HENNY PO 209', 'Debit', 168700, 11),
(2218, 'JU1670', '2024-03-12', '2024-02-23', 182, 'BI BANNER ME HENNY PO 209', 'Kredit', 168700, 11),
(2219, 'JU1671', '2024-03-03', '2024-02-23', 182, 'TERIMA PEMBELIAN SERAGAM RINI HRD', 'Debit', 125000, 11),
(2220, 'JU1671', '2024-03-03', '2024-02-23', 307, 'TERIMA PEMBELIAN SERAGAM RINI HRD', 'Kredit', 125000, 11),
(2221, 'JU1672', '2024-03-03', '2024-02-24', 182, 'FEE AGENT GWALK W1/5', 'Debit', 15000000, 11),
(2222, 'JU1672', '2024-03-03', '2024-02-24', 237, 'FEE AGENT GWALK W1/5', 'Kredit', 4500000, 11),
(2223, 'JU1672', '2024-03-03', '2024-02-24', 238, 'FEE AGENT GWALK W1/5 ME CLAUDIA', 'Kredit', 10500000, 11),
(2224, 'JU1673', '2024-03-03', '2024-02-24', 182, 'FEE AGENT RUMAH KUTISARI SELATAN II 42/B-1 ', 'Debit', 3200000, 11),
(2225, 'JU1673', '2024-03-03', '2024-02-24', 237, 'FEE AGENT RUMAH KUTISARI SELATAN II 42/B-1 ', 'Kredit', 1600000, 11),
(2226, 'JU1673', '2024-03-03', '2024-02-24', 238, 'FEE AGENT RUMAH KUTISARI SELATAN II 42/B-1 ME INATA', 'Kredit', 1600000, 11),
(2227, 'JU1674', '2024-03-03', '2024-02-24', 238, 'FEE AGENT GWALK W1/5 ME CLAUDIA', 'Debit', 10500000, 11),
(2228, 'JU1674', '2024-03-03', '2024-02-24', 103, 'PPH 21 FEE AGENT GWALK W1/5 ME CLAUDIA', 'Kredit', 255938, 11),
(2229, 'JU1674', '2024-03-03', '2024-02-24', 237, 'BI ADM 2,5% FEE AGENT GWALK W1/5 ME CLAUDIA', 'Kredit', 262500, 11),
(2230, 'JU1674', '2024-03-03', '2024-02-24', 182, 'FEE AGENT GWALK W1/5 ME CLAUDIA', 'Kredit', 9981563, 11),
(2231, 'JU1675', '2024-03-03', '2024-02-24', 232, 'FEE CMO GWALK W1/5 JULIA', 'Debit', 225000, 11),
(2232, 'JU1675', '2024-03-03', '2024-02-24', 103, 'PPH 21 FEE CMO GWALK W1/5 JULIA', 'Kredit', 5625, 11),
(2233, 'JU1675', '2024-03-03', '2024-02-24', 182, 'FEE CMO GWALK W1/5 JULIA', 'Kredit', 219375, 11),
(2234, 'JU1676', '2024-03-03', '2024-02-24', 238, 'FEE AGENT RUMAH KUTISARI SELATAN II 42/B-1 ME INATA', 'Debit', 1600000, 11),
(2235, 'JU1676', '2024-03-03', '2024-02-24', 103, 'PPH 21 FEE AGENT RUMAH KUTISARI SELATAN II 42/B-1 ME INATA', 'Kredit', 40000, 11),
(2236, 'JU1676', '2024-03-03', '2024-02-24', 182, 'FEE AGENT RUMAH KUTISARI SELATAN II 42/B-1 ME INATA', 'Kredit', 1560000, 11),
(2237, 'JU1677', '2024-03-03', '2024-02-24', 232, 'FEE CMO RUMAH KUTISARI SELATAN II 42/B-1 JOHAN', 'Debit', 48000, 11),
(2238, 'JU1677', '2024-03-03', '2024-02-24', 103, 'PPH 21 FEE CMO RUMAH KUTISARI SELATAN II 42/B-1 JOHAN', 'Kredit', 1200, 11),
(2239, 'JU1677', '2024-03-03', '2024-02-24', 182, 'FEE CMO RUMAH KUTISARI SELATAN II 42/B-1 JOHAN', 'Kredit', 46800, 11),
(2240, 'JU1678', '2024-03-03', '2024-02-27', 182, 'TERIMA PEMBELIAN SERAGAM YENI LEGAL', 'Debit', 125000, 11),
(2241, 'JU1678', '2024-03-03', '2024-02-27', 307, 'TERIMA PEMBELIAN SERAGAM YENI LEGAL', 'Kredit', 125000, 11),
(2242, 'JU1679', '2024-03-03', '2024-02-27', 182, 'TERIMA PEMBAYARAN ID CARD DAN KEMEJA GHARY YOAN ', 'Debit', 50000, 11),
(2243, 'JU1679', '2024-03-03', '2024-02-27', 183, 'TERIMA PEMBAYARAN ID CARD GHARY YOAN ', 'Kredit', 40000, 11),
(2244, 'JU1679', '2024-03-03', '2024-02-27', 183, 'TERIMA PEMBAYARAN KEMEJA GHARY YOAN ', 'Kredit', 10000, 11),
(2245, 'JU1680', '2024-03-03', '2024-02-27', 182, 'FEE AGENT JL ROMOKALISARI BLOK C-31', 'Debit', 625000, 11),
(2246, 'JU1680', '2024-03-03', '2024-02-27', 237, 'FEE AGENT JL ROMOKALISARI BLOK C-31', 'Kredit', 187500, 11),
(2247, 'JU1680', '2024-03-03', '2024-02-27', 238, 'FEE AGENT JL ROMOKALISARI BLOK C-31 ME CLAUDIA', 'Kredit', 437500, 11),
(2248, 'JU1681', '2024-03-12', '2024-02-27', 183, 'BI BANNER ME INATA PO 210', 'Debit', 150000, 11),
(2249, 'JU1681', '2024-03-12', '2024-02-27', 260, 'BI BANNER INATA PO 210', 'Debit', 150000, 11),
(2250, 'JU1682', '2024-03-12', '2024-02-27', 183, 'BI BANNER ME SONNY PO 211', 'Debit', 325000, 11),
(2251, 'JU1682', '2024-03-12', '2024-02-27', 182, 'BI BANNER ME SONNY PO 211', 'Kredit', 325000, 11),
(2252, 'JU1683', '2024-03-03', '2024-02-28', 182, 'FEE AGENT NORTHWEST BOULEVARD BLOK NV7 NO 8', 'Debit', 4350000, 11),
(2253, 'JU1683', '2024-03-04', '2024-02-28', 237, 'FEE AGENT NORTHWEST BOULEVARD BLOK NV7 NO 8', 'Kredit', 1087500, 11),
(2254, 'JU1683', '2024-03-03', '2024-02-28', 238, 'FEE AGENT NORTHWEST BOULEVARD BLOK NV7 NO 8 ME LYDIA', 'Kredit', 1087500, 11),
(2255, 'JU1683', '2024-03-03', '2024-02-28', 236, 'FEE AGENT NORTHWEST BOULEVARD BLOK NV7 NO 8 GUN/ANA', 'Kredit', 2175000, 11),
(2256, 'JU1684', '2024-03-03', '2024-02-28', 182, 'KELEBIHAN TRANSFER FEE AGENT NORTHWEST BOULEVARD BLOK NV7 NO 8', 'Debit', 4350000, 11),
(2257, 'JU1684', '2024-03-03', '2024-02-28', 182, 'PENGEMBALIAN KELEBIHAN TRANSFER FEE AGENT NORTHWEST BOULEVARD BLOK NV7 NO 8', 'Kredit', 4350000, 11),
(2258, 'JU1685', '2024-03-04', '2024-01-23', 201, 'TANAH BUKIT TELAGA GOLF TA 4 NO 16', 'Debit', 165550000, 11),
(2259, 'JU1685', '2024-03-04', '2024-01-23', 308, 'TANAH BUKIT TELAGA GOLF TA 4 NO 16', 'Kredit', 165550000, 11),
(2260, 'JU1686', '2024-03-04', '2024-01-05', 201, 'RUKO NORTHWEST NV 7 NO 8', 'Debit', 2175000, 11),
(2261, 'JU1686', '2024-03-04', '2024-01-05', 309, 'RUKO NORTHWEST NV 7 NO 8', 'Kredit', 2175000, 11),
(2262, 'JU1687', '2024-03-04', '2024-01-16', 201, 'RUKO NORTHWEST BOULEVARD NV 11 NO 7', 'Debit', 4000000, 11),
(2263, 'JU1687', '2024-03-04', '2024-01-16', 310, 'RUKO NORTHWEST BOULEVARD NV 11 NO 7', 'Kredit', 4000000, 11),
(2264, 'JU1688', '2024-03-04', '2024-01-23', 310, 'RUKO NORTHWEST BOULEVARD NV 11 NO 7', 'Debit', 4000000, 11),
(2265, 'JU1688', '2024-03-04', '2024-01-23', 201, 'RUKO NORTHWEST BOULEVARD NV 11 NO 7', 'Kredit', 4000000, 11),
(2266, 'JU1689', '2024-03-04', '2024-01-30', 201, 'RUNGKUT MAPAN BARAT 7 BG-03', 'Debit', 625000, 11),
(2267, 'JU1689', '2024-03-04', '2024-01-30', 311, 'RUNGKUT MAPAN BARAT 7 BG-03', 'Kredit', 625000, 11),
(2268, 'JU1690', '2024-03-04', '2024-01-31', 201, 'APARTEMEN BENSON LT 16 NO 25', 'Debit', 1500000, 11),
(2269, 'JU1690', '2024-03-04', '2024-01-31', 312, 'APARTEMEN BENSON LT 16 NO 25', 'Kredit', 1500000, 11),
(2270, 'JU1691', '2024-03-04', '2024-01-12', 313, 'RUKO KAHURIPAN 38, SIDOARJO', 'Debit', 2000000, 11),
(2271, 'JU1691', '2024-03-04', '2024-01-12', 201, 'RUKO KAHURIPAN 38, SIDOARJO', 'Kredit', 2000000, 11),
(2272, 'JU1692', '2024-03-12', '2024-02-23', 182, 'TERIMA TITIPAN PEMBELIAN BANNER SONNY (ME) PO 211', 'Debit', 435000, 11),
(2273, 'JU1692', '2024-03-12', '2024-02-23', 183, 'TERIMA TITIPAN PEMBELIAN BANNER SONNY (ME) PO 211', 'Kredit', 435000, 11),
(2274, 'JU1693', '2024-03-12', '2024-02-23', 182, 'TERIMA TITIPAN PEMBELIAN BANNER INATA (ME) PO 210', 'Debit', 150000, 11),
(2275, 'JU1693', '2024-03-12', '2024-02-23', 183, 'TERIMA TITIPAN PEMBELIAN BANNER INATA (ME) PO 210', 'Kredit', 150000, 11),
(2276, 'JU1694', '2024-03-12', '2024-02-21', 182, 'TERIMA TITIPAN PEMBELIAN BANNER HENNY (ME) PO 209', 'Debit', 313500, 11),
(2277, 'JU1694', '2024-03-12', '2024-02-21', 183, 'TERIMA TITIPAN PEMBELIAN BANNER HENNY (ME) PO 209', 'Kredit', 313500, 11),
(2278, 'JU1695', '2024-03-12', '2024-02-29', 182, 'TERIMA TITIPAN PEMBELIAN BANNER AGHATA (ME) PO 001', 'Debit', 87600, 11),
(2279, 'JU1695', '2024-03-12', '2024-02-29', 183, 'TERIMA TITIPAN PEMBELIAN BANNER AGHATA (ME) PO 001', 'Kredit', 87600, 11),
(2280, 'JU1696', '2024-03-04', '2024-02-29', 216, 'BI SERVICE AC VISION', 'Debit', 120000, 11),
(2281, 'JU1696', '2024-03-04', '2024-02-29', 182, 'BI SERVICE AC VISION', 'Kredit', 120000, 11),
(2282, 'JU1697', '2024-03-04', '2024-02-29', 203, 'BI GAJI STAFF VISION FEBRUARI', 'Debit', 6436000, 11),
(2283, 'JU1697', '2024-03-04', '2024-02-29', 182, 'BI GAJI STAFF VISION FEBRUARI', 'Kredit', 6436000, 11),
(2284, 'JU1698', '2024-03-04', '2024-02-29', 222, 'BI PDAM DAN RETRIBUSI NORTHWEST FEBRUARI', 'Debit', 721901, 11),
(2285, 'JU1698', '2024-03-04', '2024-02-29', 182, 'BI PDAM DAN RETRIBUSI NORTHWEST FEBRUARI', 'Kredit', 721901, 11),
(2286, 'JU1699', '2024-03-04', '2024-02-29', 222, 'BI PDAM DAN RETRIBUSI MANYAR FEBRUARI', 'Debit', 307440, 11),
(2287, 'JU1699', '2024-03-04', '2024-02-29', 182, 'BI PDAM DAN RETRIBUSI MANYAR FEBRUARI', 'Kredit', 307440, 11),
(2288, 'JU1700', '2024-03-12', '2024-02-29', 182, 'TERIMA TITIPAN PEMBELIAN BANNER CLAUDIA (ME) PO 002', 'Debit', 84000, 11),
(2289, 'JU1700', '2024-03-12', '2024-02-29', 183, 'TERIMA TITIPAN PEMBELIAN BANNER CLAUDIA (ME) PO 002', 'Kredit', 84000, 11),
(2290, 'JU1701', '2024-03-04', '2024-02-29', 254, 'BIAYA ADMIN BANK BULANAN', 'Debit', 30000, 11),
(2291, 'JU1701', '2024-03-04', '2024-02-29', 182, 'BIAYA ADMIN BANK BULANAN', 'Kredit', 30000, 11),
(2292, 'JU1702', '2024-03-04', '2024-02-29', 182, 'BUNGA BANK VISION', 'Debit', 22801.25, 11),
(2293, 'JU1702', '2024-03-04', '2024-02-29', 255, 'BUNGA BANK VISION', 'Kredit', 22801.25, 11),
(2294, 'JU1703', '2024-03-04', '2024-02-29', 288, 'PAJAK BUNGA BANK VISION', 'Debit', 4560.25, 11),
(2295, 'JU1703', '2024-03-04', '2024-02-29', 182, 'PAJAK BUNGA BANK VISION', 'Kredit', 4560.25, 11),
(2296, 'JU1585', '2024-03-04', '2024-02-04', 257, 'PEMBULATAN FEE CMO APARTEMEN BENSON LANTAI 16 UNIT 25 JULIA', 'Debit', 1, 11),
(2297, 'JU1588', '2024-03-04', '2024-02-05', 257, 'PEMBULATAN FEE AGENT NORTHWEST BOULEVARD BLOK NV 1 NO 33 ME LILY TAN', 'Debit', 1, 11),
(2298, 'JU1612', '2024-03-04', '2024-02-07', 257, 'PEMBULATAN FEE AGENT RUNGKUT MAPAN BARAT 7/BG-3 ME AMING GO', 'Debit', 1, 11),
(2299, 'JU1648', '2024-03-04', '2024-02-17', 257, 'PEMBULATAN FEE AGENT GUDANG BUMI MASPION ME ANG', 'Debit', 1, 11),
(2300, 'JU1649', '2024-03-04', '2024-02-17', 257, 'PEMBULATAN FEE AGENT GUDANG BUMI MASPION ME FRAN', 'Debit', 1, 11),
(2301, 'JU1674', '2024-03-04', '2024-02-24', 257, 'PEMBULATAN FEE AGENT GWALK W1/5 ME CLAUDIA', 'Debit', 1, 11),
(2302, 'JU1704', '2024-03-05', '2024-02-19', 119, 'BI TELPON PASCABAYAR JULIA', 'Debit', 97794, 11),
(2303, 'JU1704', '2024-03-05', '2024-02-19', 175, 'BI TELPON PASCABAYAR JULIA', 'Kredit', 97794, 11),
(2304, 'JU1705', '2024-03-05', '2024-02-19', 181, 'BI TELPON PASCABAYAR NAOMI CS', 'Debit', 91800, 11),
(2305, 'JU1705', '2024-03-05', '2024-02-19', 175, 'BI TELPON PASCABAYAR NAOMI CS', 'Kredit', 91800, 11),
(2306, 'JU1706', '2024-03-05', '2024-02-19', 119, 'BI TELPON PASCABAYAR ELINA', 'Debit', 91800, 11),
(2307, 'JU1706', '2024-03-05', '2024-02-19', 175, 'BI TELPON PASCABAYAR ELINA', 'Kredit', 91800, 11),
(2308, 'JU1707', '2024-03-05', '2024-02-19', 119, 'BI TELPON PASCABAYAR ASMI', 'Debit', 93314, 11),
(2309, 'JU1707', '2024-03-05', '2024-02-19', 175, 'BI TELPON PASCABAYAR ASMI', 'Kredit', 93314, 11),
(2310, 'JU1708', '2024-03-05', '2024-02-19', 157, 'BI KONSUMSI DIREKSI', 'Debit', 2044780, 11),
(2311, 'JU1708', '2024-03-05', '2024-02-19', 154, 'BI KONSUMSI MARKETING', 'Debit', 1695696, 11),
(2312, 'JU1708', '2024-03-05', '2024-02-19', 128, 'BI PARKIR DIREKSI', 'Debit', 10000, 11),
(2313, 'JU1708', '2024-03-05', '2024-02-19', 117, 'BI PENGOBATAN DIREKSI', 'Debit', 155100, 11),
(2314, 'JU1708', '2024-03-05', '2024-02-19', 175, 'BI KLAIM DIREKSI', 'Kredit', 3905576, 11),
(2315, 'JU1709', '2024-03-05', '2024-02-20', 133, 'BANNER GUN/ANA KODE M', 'Debit', 900000, 11),
(2316, 'JU1709', '2024-03-05', '2024-02-20', 133, 'BANNER GUN/ANA KODE AG', 'Debit', 68000, 11),
(2317, 'JU1709', '2024-03-05', '2024-02-20', 133, 'BANNER GUN/ANA KODE E', 'Debit', 1200000, 11),
(2318, 'JU1709', '2024-03-05', '2024-02-20', 175, 'BANNER GUN/ANA KODE M, AG, E', 'Kredit', 2168000, 11),
(2319, 'JU1710', '2024-03-05', '2024-02-20', 133, 'BANNER GUN/ANA KODE AG', 'Debit', 180000, 11),
(2320, 'JU1710', '2024-03-05', '2024-02-20', 175, 'BANNER GUN/ANA KODE AG', 'Kredit', 180000, 11),
(2321, 'JU1711', '2024-03-05', '2024-02-20', 66, 'BI CETAK COMPANY PROFILE', 'Debit', 36400, 11),
(2322, 'JU1711', '2024-03-05', '2024-02-20', 175, 'BI CETAK COMPANY PROFILE', 'Kredit', 36400, 11),
(2323, 'JU1712', '2024-03-05', '2024-02-22', 178, 'GAJI AAN BULAN JANUARI YANG MASIH HARUS DIBAYAR ', 'Debit', 1317308, 11),
(2324, 'JU1712', '2024-03-05', '2024-02-22', 175, 'GAJI AAN BULAN JANUARI YANG MASIH HARUS DIBAYAR', 'Kredit', 1317308, 11),
(2325, 'JU1713', '2024-03-05', '2024-02-22', 178, 'GAJI ANNISA BULAN JANUARI YANG MASIH HARUS DIBAYAR', 'Debit', 830769, 11),
(2326, 'JU1713', '2024-03-05', '2024-02-22', 175, 'GAJI ANNISA BULAN JANUARI YANG MASIH HARUS DIBAYAR', 'Kredit', 830769, 11),
(2327, 'JU1714', '2024-03-05', '2024-02-22', 72, 'BI SERVICE MESIN CUCI', 'Debit', 1008000, 11),
(2328, 'JU1714', '2024-03-05', '2024-02-22', 175, 'BI SERVICE MESIN CUCI', 'Kredit', 1008000, 11),
(2329, 'JU1715', '2024-03-05', '2024-02-22', 302, 'PELUNASAN KEMEJA A&A', 'Debit', 920000, 11),
(2330, 'JU1715', '2024-03-05', '2024-02-22', 175, 'PELUNASAN KEMEJA A&A', 'Kredit', 920000, 11),
(2331, 'JU1716', '2024-03-05', '2024-02-22', 175, 'FEE AGENT RUKO GWALK W1/5 ', 'Debit', 10000000, 11),
(2332, 'JU1716', '2024-03-05', '2024-02-22', 111, 'FEE AGENT RUKO GWALK W1/5', 'Kredit', 10000000, 11),
(2333, 'JU1716', '2024-03-05', '2024-02-22', 316, 'RUKO GWALK W1/5', 'Debit', 10000000, 11),
(2334, 'JU1716', '2024-03-05', '2024-02-22', 201, 'RUKO GWALK W1/5', 'Kredit', 10000000, 11),
(2335, 'JU1717', '2024-03-06', '2024-02-23', 175, 'FEE AGENT RUMAH GRAHA SURYANATA', 'Debit', 6300000, 11),
(2336, 'JU1717', '2024-03-06', '2024-02-23', 111, 'FEE AGENT RUMAH GRAHA SURYANATA', 'Kredit', 6300000, 11),
(2337, 'JU1717', '2024-03-06', '2024-02-23', 317, 'RUMAH GRAHA SURYANATA', 'Debit', 6300000, 11),
(2338, 'JU1717', '2024-03-06', '2024-02-23', 201, 'RUMAH GRAHA SURYANATA', 'Kredit', 6300000, 11),
(2339, 'JU1718', '2024-03-06', '2024-02-24', 175, 'FEE AGENT GWALK W1/5', 'Debit', 5000000, 11),
(2340, 'JU1718', '2024-03-06', '2024-02-24', 111, 'FEE AGENT GWALK W1/5', 'Kredit', 5000000, 11),
(2341, 'JU1718', '2024-03-06', '2024-02-24', 316, 'RUKO GWALK W1/5', 'Debit', 5000000, 11),
(2342, 'JU1718', '2024-03-06', '2024-02-24', 201, 'RUKO GWALK W1/5', 'Kredit', 5000000, 11),
(2343, 'JU1719', '2024-03-06', '2024-02-25', 157, 'BI KONSUMSI DIREKSI', 'Debit', 1466800, 11),
(2344, 'JU1719', '2024-03-06', '2024-02-25', 117, 'BI PENGOBATAN DIREKSI', 'Debit', 390000, 11),
(2345, 'JU1719', '2024-03-06', '2024-02-25', 127, 'BI BENSIN DIREKSI', 'Debit', 300000, 11),
(2346, 'JU1719', '2024-03-06', '2024-02-25', 129, 'BI E-TOL DIREKSI', 'Debit', 351500, 11),
(2347, 'JU1719', '2024-03-06', '2024-02-25', 128, 'BI PARKIR DIREKSI', 'Debit', 10000, 11),
(2348, 'JU1719', '2024-03-06', '2024-02-25', 175, 'BI KLAIM DIREKSI', 'Kredit', 2518300, 11),
(2349, 'JU1720', '2024-03-07', '2024-02-25', 172, 'FEE CO BROKE DIAMOND HILL DR 1/9  XM (PT ADITAMA AGENSI PROPERTI)', 'Debit', 11250000, 11),
(2350, 'JU1720', '2024-03-07', '2024-02-25', 104, 'PPH 23 FEE CO BROKE DIAMOND HILL DR 1/9  XM (PT ADITAMA AGENSI PROPERTI)', 'Kredit', 225000, 11),
(2351, 'JU1720', '2024-03-06', '2024-02-25', 175, 'FEE REFFERAL DIAMOND HILL DR 1/9', 'Kredit', 11025000, 11),
(2352, 'JU1721', '2024-03-06', '2024-02-27', 133, 'BI BANNER GUN/ANA KODE D', 'Debit', 490000, 11),
(2353, 'JU1721', '2024-03-06', '2024-02-27', 175, 'BI BANNER GUN/ANA KODE D', 'Kredit', 490000, 11),
(2356, 'JU1722', '2024-03-06', '2024-02-27', 163, 'KLAIM KAS KECIL PUSAT', 'Debit', 1904100, 11),
(2357, 'JU1722', '2024-03-06', '2024-02-27', 175, 'KLAIM KAS KECIL PUSAT', 'Kredit', 1904100, 11),
(2358, 'JU1723', '2024-03-06', '2024-02-27', 184, 'TAMBAHAN KAS KECIL PUSAT', 'Debit', 1404100, 11),
(2359, 'JU1723', '2024-03-06', '2024-02-27', 163, 'TAMBAHAN KAS KECIL PUSAT', 'Kredit', 1404100, 11),
(2360, 'JU1724', '2024-03-06', '2024-02-27', 133, 'BI BANNER GUN/ANA KODE AG', 'Debit', 375000, 11),
(2361, 'JU1724', '2024-03-06', '2024-02-27', 175, 'BI BANNER GUN/ANA KODE AG', 'Kredit', 375000, 11),
(2362, 'JU1725', '2024-03-06', '2024-02-27', 157, 'BI KONSUMSI DIREKSI', 'Debit', 1119639, 11),
(2363, 'JU1725', '2024-03-06', '2024-02-27', 154, 'BI KONSUMSI MARKETING', 'Debit', 695716, 11),
(2364, 'JU1725', '2024-03-06', '2024-02-27', 128, 'BI PARKIR DIREKSI', 'Debit', 16000, 11),
(2365, 'JU1725', '2024-03-06', '2024-02-27', 175, 'BI KLAIM DIREKSI', 'Kredit', 1831355, 11),
(2366, 'JU1726', '2024-03-06', '2024-02-27', 72, 'BI PENGECEKAN POMPA AIR, KULKAS, PERBAIKAN LAMPU AXEL', 'Debit', 200000, 11),
(2367, 'JU1726', '2024-03-06', '2024-02-27', 175, 'BI PENGECEKAN POMPA AIR, KULKAS, PERBAIKAN LAMPU AXEL', 'Kredit', 200000, 11),
(2368, 'JU1727', '2024-03-06', '2024-02-27', 70, 'BI REVISI FITUR WEB', 'Debit', 200000, 11),
(2369, 'JU1727', '2024-03-06', '2024-02-27', 175, 'BI REVISI FITUR WEB', 'Kredit', 200000, 11),
(2370, 'JU1728', '2024-03-06', '2024-02-27', 106, 'BI ADMIN BANK REVISI FITUR WEB', 'Debit', 2900, 11),
(2371, 'JU1728', '2024-03-06', '2024-02-27', 175, 'BI ADMIN BANK REVISI FITUR WEB', 'Kredit', 2900, 11),
(2372, 'JU1729', '2024-03-06', '2024-02-27', 89, 'BI IURAN JADE HAMLET SILVER BLOK A-9 BLN FEBRUARI 2024', 'Debit', 200000, 11),
(2373, 'JU1729', '2024-03-06', '2024-02-27', 175, 'BI IURAN JADE HAMLET SILVER BLOK A-9 BLN FEBRUARI 2024', 'Kredit', 200000, 11),
(2374, 'JU1730', '2024-03-06', '2024-02-27', 106, 'BI ADMIN BANK IURAN JADE HAMLET SILVER BLOK A-9 BLN FEBRUARI 2024', 'Debit', 2900, 11),
(2375, 'JU1730', '2024-03-06', '2024-02-27', 175, 'BI ADMIN BANK IURAN JADE HAMLET SILVER BLOK A-9 BLN FEBRUARI 2024', 'Kredit', 2900, 11),
(2376, 'JU1731', '2024-03-06', '2024-02-28', 175, 'FEE NOTARIS GRAHA SURYANATA (NOTARIS ', 'Debit', 500000, 11),
(2377, 'JU1731', '2024-03-06', '2024-02-28', 167, 'FEE NOTARIS GRAHA SURYANATA (NOTARIS ', 'Kredit', 500000, 11),
(2378, 'JU1732', '2024-03-06', '2024-02-29', 190, 'BI BAYAR PAJAK SEPEDA MOTOR L 5698 FW', 'Debit', 197500, 11),
(2379, 'JU1732', '2024-03-06', '2024-02-29', 175, 'BI BAYAR PAJAK SEPEDA MOTOR L 5698 FW', 'Kredit', 197500, 11),
(2380, 'JU1733', '2024-03-06', '2024-02-29', 133, 'BANNER GUN/ANA UNTUK AHMAD YANI', 'Debit', 190000, 11),
(2381, 'JU1733', '2024-03-06', '2024-02-29', 175, 'BANNER GUN/ANA UNTUK AHMAD YANI', 'Kredit', 190000, 11),
(2382, 'JU1734', '2024-03-06', '2024-02-29', 127, 'BI BENSIN DIREKSI', 'Debit', 506654, 11),
(2383, 'JU1734', '2024-03-06', '2024-02-29', 157, 'BI KONSUMSI DIREKSI', 'Debit', 806700, 11),
(2384, 'JU1734', '2024-03-06', '2024-02-29', 128, 'BI PARKIR DIREKSI', 'Debit', 10000, 11),
(2385, 'JU1734', '2024-03-06', '2024-02-29', 175, 'BI KLAIM DIREKSI', 'Kredit', 1323354, 11),
(2386, 'JU1735', '2024-03-06', '2024-02-29', 175, 'FEE AGENT RUKO PUNCAK BUKIT GOLF UNIT RBE RBF JL BUKIT DARMO BOULEVARD NO 1', 'Debit', 50000000, 11),
(2387, 'JU1735', '2024-03-06', '2024-02-29', 111, 'FEE AGENT RUKO PUNCAK BUKIT GOLF UNIT RBE RBF JL BUKIT DARMO BOULEVARD NO 1', 'Kredit', 50000000, 11),
(2388, 'JU1735', '2024-03-06', '2024-02-29', 318, 'FEE AGENT RUKO PUNCAK BUKIT GOLF UNIT RBE RBF JL BUKIT DARMO BOULEVARD NO 1', 'Debit', 50000000, 11),
(2389, 'JU1735', '2024-03-06', '2024-02-29', 201, 'FEE AGENT RUKO PUNCAK BUKIT GOLF UNIT RBE RBF JL BUKIT DARMO BOULEVARD NO 1', 'Kredit', 50000000, 11),
(2390, 'JU1736', '2024-03-06', '2024-02-29', 59, 'BI GAJI STAFF FEBRUARI', 'Debit', 83820943, 11),
(2391, 'JU1736', '2024-03-06', '2024-02-29', 196, 'TERIMA PEMBAYARAN PINJAMAN JULIA', 'Kredit', 500000, 11),
(2392, 'JU1736', '2024-03-06', '2024-02-29', 200, 'TERIMA PEMBAYARAN PINJAMAN ELINA', 'Kredit', 500000, 11),
(2393, 'JU1736', '2024-03-06', '2024-02-29', 175, 'BI GAJI STAFF FEBRUARI', 'Kredit', 82820943, 11),
(2394, 'JU1737', '2024-03-06', '2024-02-29', 106, 'BIAYA ADMIN BANK', 'Debit', 30000, 11),
(2395, 'JU1737', '2024-03-06', '2024-02-29', 175, 'BIAYA ADMIN BANK', 'Kredit', 30000, 11),
(2396, 'JU1738', '2024-03-06', '2024-03-02', 228, 'BI BENSIN PAK ANTO TGL 25 FEB-1 MARET ', 'Debit', 73000, 11),
(2397, 'JU1738', '2024-03-06', '2024-03-02', 184, 'BI BENSIN PAK ANTO TGL 25 FEB-1 MARET', 'Kredit', 73000, 11),
(2398, 'JU1739', '2024-03-07', '2024-03-02', 127, 'BI BENSIN PAK BAGAS TGL 26 FEB-29 FEB', 'Debit', 25000, 11),
(2399, 'JU1739', '2024-03-07', '2024-03-02', 128, 'BI PARKIR PAK BAGAS', 'Debit', 9000, 11),
(2400, 'JU1739', '2024-03-07', '2024-03-02', 139, 'BI LAKBAN BENING BESAR PAK BAGAS', 'Debit', 15000, 11),
(2401, 'JU1739', '2024-03-07', '2024-03-02', 184, 'BI BENSIN PAK BAGAS TGL 26 FEB-29 FEB, BI PARKIR DAN LAKBAN BENING', 'Kredit', 49000, 11),
(2402, 'JU1740', '2024-03-07', '2024-03-02', 81, 'BI BENSIN PAK PII TGL 24 FEB-1 MAR', 'Debit', 72000, 11),
(2403, 'JU1740', '2024-03-07', '2024-03-02', 82, 'BI PARKIR PAK PII', 'Debit', 4000, 11),
(2404, 'JU1740', '2024-03-07', '2024-03-02', 184, 'BI BENSIN PAK PII TGL 24 FEB-1 MAR DAN PARKIR', 'Kredit', 76000, 11),
(2405, 'JU1741', '2024-03-07', '2024-03-02', 67, 'BI MATERAI LEGAL PUSAT', 'Debit', 100000, 11),
(2406, 'JU1741', '2024-03-07', '2024-03-02', 82, 'BI PARKIR BELI MATERAI', 'Debit', 3000, 11),
(2407, 'JU1741', '2024-03-07', '2024-03-02', 184, 'BI MATERAI LEGAL PUSAT DAN PARKIR', 'Kredit', 103000, 11),
(2408, 'JU1742', '2024-03-07', '2024-03-04', 81, 'BI BENSIN PAK PAR TGL 29 FEB', 'Debit', 20000, 11),
(2409, 'JU1742', '2024-03-07', '2024-03-04', 82, 'BI PARKIR PAK PAR ', 'Debit', 5000, 11),
(2410, 'JU1742', '2024-03-07', '2024-03-04', 184, 'BI BENSIN PAK PAR TGL 29 FEB DAN PARKIR', 'Kredit', 25000, 11),
(2411, 'JU1743', '2024-03-07', '2024-03-04', 158, 'BI KIRIM BERKAS MOU MAWATU LABUAN BAJO KE TANGERANG', 'Debit', 19000, 11),
(2412, 'JU1743', '2024-03-07', '2024-03-04', 184, 'BI KIRIM BERKAS MOU MAWATU LABUAN BAJO KE TANGERANG', 'Kredit', 19000, 11),
(2413, 'JU1744', '2024-03-07', '2024-02-01', 215, 'BI AIR GALON VISION', 'Debit', 203000, 11),
(2414, 'JU1744', '2024-03-07', '2024-02-01', 189, 'BI AIR GALON VISION', 'Kredit', 203000, 11),
(2415, 'JU1745', '2024-03-07', '2024-02-01', 212, 'BI KAMPER TOILET', 'Debit', 19900, 11),
(2416, 'JU1745', '2024-03-07', '2024-02-01', 189, 'BI KAMPER TOILET', 'Kredit', 19900, 11),
(2417, 'JU1746', '2024-03-07', '2024-02-01', 215, 'BI AIR CLUB GELAS 1 DUS', 'Debit', 23000, 11),
(2418, 'JU1746', '2024-03-07', '2024-02-01', 189, 'BI AIR CLUB GELAS 1 DUS', 'Kredit', 23000, 11),
(2419, 'JU1747', '2024-03-07', '2024-02-02', 212, 'BI TISSUE UNTUK KANTOR VISION', 'Debit', 16100, 11),
(2420, 'JU1747', '2024-03-07', '2024-02-02', 189, 'BI TISSUE UNTUK KANTOR VISION', 'Kredit', 16100, 11),
(2421, 'JU1748', '2024-03-07', '2024-02-03', 228, 'BI BENSIN PAK EFFENDI ', 'Debit', 50000, 11),
(2422, 'JU1748', '2024-03-07', '2024-02-03', 229, 'BI PARKIR PAK EFFENDI ', 'Debit', 3000, 11),
(2423, 'JU1748', '2024-03-07', '2024-02-03', 189, 'BI BENSIN DAN PARKIR PAK EFFENDI ', 'Kredit', 53000, 11),
(2424, 'JU1749', '2024-03-07', '2024-02-03', 228, 'BI BENSIN PAK IRWAN', 'Debit', 68000, 11),
(2425, 'JU1749', '2024-03-07', '2024-02-03', 229, 'BI PARKIR PAK IRWAN', 'Debit', 3000, 11),
(2426, 'JU1749', '2024-03-07', '2024-02-03', 189, 'BI BENSIN DAN PARKIR PAK IRWAN', 'Kredit', 71000, 11),
(2427, 'JU1750', '2024-03-07', '2024-02-03', 212, 'BI SOLASI BENING UNTUK KANTOR MANYAR', 'Debit', 12000, 11),
(2428, 'JU1750', '2024-03-07', '2024-02-03', 189, 'BI SOLASI BENING UNTUK KANTOR MANYAR', 'Kredit', 12000, 11),
(2429, 'JU1751', '2024-03-07', '2024-02-09', 189, 'TAMBAHAN KAS KECIL VISION', 'Debit', 1028600, 11),
(2430, 'JU1751', '2024-03-07', '2024-02-09', 240, 'TAMBAHAN KAS KECIL VISION', 'Kredit', 1028600, 11),
(2431, 'JU1752', '2024-03-07', '2024-02-12', 228, 'BI BENSIN PAK EFFENDI TGL 3-7 FEB', 'Debit', 48000, 11),
(2432, 'JU1752', '2024-03-07', '2024-02-12', 229, 'BI PARKIR PAK EFFENDI', 'Debit', 3000, 11),
(2433, 'JU1752', '2024-03-07', '2024-02-12', 189, 'BI BENSIN PAK EFFENDI TGL 3-7 FEB DAN PARKIR', 'Kredit', 51000, 11),
(2434, 'JU1753', '2024-03-09', '2024-02-12', 212, 'BI HANDSOAP UNTUK VISION ', 'Debit', 10000, 11),
(2435, 'JU1753', '2024-03-09', '2024-02-12', 212, 'BI TISSUE BESAR UNTUK KANTOR VISION', 'Debit', 37800, 11),
(2436, 'JU1753', '2024-03-09', '2024-02-12', 212, 'BI MAMA LEMON UNTUK KANTOR VISION', 'Debit', 8900, 11),
(2437, 'JU1753', '2024-03-09', '2024-02-12', 212, 'BI TISSUE KECIL UNTUK KANTOR VISION', 'Debit', 12500, 11),
(2438, 'JU1753', '2024-03-09', '2024-02-12', 189, 'BI KEPERLUAN KANTOR VISION (HANDSOAP, TISSUE BESAR, MAMA LEMON, TISSUE KECIL)', 'Kredit', 69200, 11),
(2439, 'JU1754', '2024-03-09', '2024-02-13', 211, 'BI MATERAI LEGAL VISION', 'Debit', 150000, 11),
(2440, 'JU1754', '2024-03-09', '2024-02-13', 227, 'BI PARKIR BELI MATERAI LEGAL VISION', 'Debit', 3000, 11),
(2441, 'JU1754', '2024-03-09', '2024-02-13', 189, 'BI MATERAI LEGAL VISION DAN PARKIR', 'Kredit', 153000, 11),
(2442, 'JU1755', '2024-03-09', '2024-02-13', 230, 'BI IURAN KANTOR VISION', 'Debit', 250000, 11),
(2443, 'JU1755', '2024-03-09', '2024-02-13', 189, 'BI IURAN KANTOR VISION', 'Kredit', 250000, 11),
(2444, 'JU1756', '2024-03-09', '2024-02-13', 212, 'BI TRASHBAG UNTUK KANTOR VISION', 'Debit', 20000, 11),
(2445, 'JU1756', '2024-03-09', '2024-02-13', 189, 'BI TRASHBAG UNTUK KANTOR VISION', 'Kredit', 20000, 11),
(2446, 'JU1757', '2024-03-09', '2024-02-16', 212, 'BI SEWA BACKDROP MERAH 2 KAIN', 'Debit', 50000, 11),
(2447, 'JU1757', '2024-03-09', '2024-02-16', 189, 'BI SEWA BACKDROP MERAH 2 KAIN', 'Kredit', 50000, 11),
(2448, 'JU1758', '2024-03-09', '2024-02-17', 228, 'BI BENSIN PAK EFFENDI TGL 12-16 FEB', 'Debit', 48000, 11),
(2449, 'JU1758', '2024-03-09', '2024-02-17', 189, 'BI BENSIN PAK EFFENDI TGL 12-16 FEB', 'Kredit', 48000, 11),
(2450, 'JU1759', '2024-03-09', '2024-02-19', 208, 'BI KERTAS A4 1RIM', 'Debit', 44000, 11),
(2451, 'JU1759', '2024-03-09', '2024-02-19', 189, 'BI KERTAS A4 1RIM', 'Kredit', 44000, 11),
(2452, 'JU1760', '2024-03-09', '2024-02-19', 207, 'BI TINTA BROTHER WARNA', 'Debit', 115000, 11),
(2453, 'JU1760', '2024-03-09', '2024-02-19', 207, 'BI TINTA BROTHER WARNA', 'Debit', 115000, 11),
(2454, 'JU1760', '2024-03-09', '2024-02-19', 189, 'BI TINTA BROTHER WARNA', 'Kredit', 230000, 11),
(2455, 'JU1761', '2024-03-09', '2024-02-20', 212, 'BI PLASTIK BROSUR PRIMARY 2 PAK ', 'Debit', 69000, 11),
(2456, 'JU1761', '2024-03-09', '2024-02-20', 227, 'BI PARKIR BELI PLASTIK BROSUR PRIMARY 2 PAK ', 'Debit', 2000, 11),
(2457, 'JU1761', '2024-03-09', '2024-02-20', 189, 'BI PLASTIK BROSUR PRIMARY 2 PAK DAN PARKIR', 'Kredit', 71000, 11),
(2458, 'JU1762', '2024-03-09', '2024-02-22', 226, 'BI BENSIN PAK DANANG ESTAFET BERKAS TGL 20 DAN 21 FEB', 'Debit', 10000, 11),
(2459, 'JU1762', '2024-03-09', '2024-02-22', 227, 'BI PARKIR PAK DANANG ESTAFET BERKAS TGL 20 DAN 21 FEB', 'Debit', 2000, 11),
(2460, 'JU1762', '2024-03-09', '2024-02-22', 189, 'BI BENSIN PAK DANANG ESTAFET BERKAS TGL 20 DAN 21 FEB DAN PARKIR', 'Kredit', 12000, 11),
(2461, 'JU1763', '2024-03-09', '2024-02-23', 212, 'BI PEMBERSIH LANTAI UNTUK KANTOR VISION', 'Debit', 20900, 11),
(2462, 'JU1763', '2024-03-09', '2024-02-23', 189, 'BI PEMBERSIH LANTAI UNTUK KANTOR VISION', 'Kredit', 20900, 11),
(2463, 'JU1764', '2024-03-09', '2024-02-29', 10, 'DP KE 2 URUS IMB DIAMOND HILL DR1/9', 'Debit', 10000000, 11),
(2464, 'JU1764', '2024-03-09', '2024-02-29', 55, 'DP KE 2 URUS IMB DIAMOND HILL DR1/9', 'Kredit', 10000000, 11),
(2465, 'JU1765', '2024-03-09', '2024-02-29', 304, 'FEE AGENT RUKO PUNCAK BUKIT GOLF UNIT RBE RBF JL BUKIT DARMO BOULEVARD NO 1', 'Debit', 50000000, 11),
(2466, 'JU1765', '2024-03-09', '2024-02-29', 10, 'FEE AGENT RUKO PUNCAK BUKIT GOLF UNIT RBE RBF JL BUKIT DARMO BOULEVARD NO 1', 'Kredit', 50000000, 11),
(2467, 'JU1766', '2024-03-09', '2024-02-29', 55, 'DP KE 2 IMB SEWA DIAMOND HILL DR1/9', 'Debit', 10000000, 11),
(2468, 'JU1766', '2024-03-09', '2024-02-29', 10, 'DP KE 2 IMB SEWA DIAMOND HILL DR1/9', 'Kredit', 10000000, 11),
(2469, 'JU1767', '2024-03-09', '2024-02-29', 31, 'BI ADMIN BANK DP KE 2 IMB SEWA DIAMOND HILL DR1/9', 'Debit', 2500, 11),
(2470, 'JU1767', '2024-03-09', '2024-02-29', 10, 'BI ADMIN BANK DP KE 2 IMB SEWA DIAMOND HILL DR1/9', 'Kredit', 2500, 11),
(2471, 'JU1768', '2024-03-09', '2024-02-29', 31, 'BIAYA ADMIN BANK', 'Debit', 30000, 11),
(2472, 'JU1768', '2024-03-09', '2024-02-29', 10, 'BIAYA ADMIN BANK', 'Kredit', 30000, 11),
(2473, 'JU1769', '2024-03-09', '2024-02-29', 10, 'KOREKSI BUNGA BANK', 'Debit', 68.3, 11),
(2474, 'JU1769', '2024-03-09', '2024-02-29', 48, 'KOREKSI BUNGA BANK', 'Kredit', 68.3, 11),
(2475, 'JU1770', '2024-03-09', '2024-02-29', 10, 'BUNGA BANK', 'Debit', 91203, 11),
(2476, 'JU1770', '2024-03-09', '2024-02-29', 48, 'BUNGA BANK', 'Kredit', 91203, 11),
(2477, 'JU1771', '2024-03-09', '2024-02-29', 50, 'PAJAK BUNGA', 'Debit', 18254.26, 11),
(2478, 'JU1771', '2024-03-09', '2024-02-29', 10, 'PAJAK BUNGA', 'Kredit', 18254.26, 11),
(2479, 'JU1602', '2024-03-12', '2024-02-05', 182, 'BI BANNER PO 200', 'Kredit', 225000, 11),
(2480, 'JU1604', '2024-03-12', '2024-02-05', 182, 'BI BANNER PO 198', 'Kredit', 12000, 11),
(2481, 'JU1605', '2024-03-12', '2024-02-05', 183, 'BI BANNER ME INATA PO 199', 'Debit', 48000, 11),
(2482, 'JU1605', '2024-03-12', '2024-02-05', 260, 'BI BANNER INATA PO 199', 'Debit', 27128, 11),
(2483, 'JU1605', '2024-03-12', '2024-02-05', 183, 'BI BANNER ME YENNY PO 199', 'Debit', 281157, 11),
(2484, 'JU1605', '2024-03-12', '2024-02-05', 182, 'BI BANNER ME PO 199', 'Kredit', 487300, 11),
(2485, 'JU1606', '2024-03-12', '2024-02-05', 182, 'BI BANNER ME LYLY TAN PO 201', 'Kredit', 60000, 11),
(2486, 'JU1607', '2024-03-12', '2024-02-05', 182, 'BI BANNER ME CLAUDIA PO 202', 'Kredit', 150000, 11),
(2487, 'JU1627', '2024-03-12', '2024-02-09', 182, 'BI BANNER ME SONNY PO 203', 'Kredit', 75000, 11),
(2488, 'JU1629', '2024-03-12', '2024-02-09', 182, 'BI BANNER ME HENDRA PO 205', 'Kredit', 94000, 11),
(2489, 'JU1630', '2024-03-12', '2024-02-09', 182, 'BI BANNER ME INDRI PO 204', 'Kredit', 150000, 11),
(2490, 'JU1635', '2024-03-12', '2024-02-13', 182, 'BI BANNER ME YOAN PO 206', 'Kredit', 375000, 11),
(2491, 'JU1681', '2024-03-12', '2024-02-27', 182, 'BI BANNER ME INATA PO 210', 'Kredit', 300000, 11),
(2492, 'JU1772', '2024-03-12', '2024-02-01', 201, 'APARTEMEN BENSON LT 16 NO 25', 'Debit', 3000000, 11),
(2493, 'JU1772', '2024-03-12', '2024-02-01', 312, 'APARTEMEN BENSON LT 16 NO 25', 'Kredit', 3000000, 11),
(2494, 'JU1773', '2024-03-12', '2024-02-03', 201, 'RUNGKUT MAPAN BARAT 7 BG-03', 'Debit', 1250000, 11),
(2495, 'JU1773', '2024-03-12', '2024-02-03', 311, 'RUNGKUT MAPAN BARAT 7 BG-03', 'Kredit', 1250000, 11),
(2496, 'JU1774', '2024-03-12', '2024-02-23', 201, 'TANAH BUKIT TELAGA GOLF TA 4 NO 16', 'Debit', 165550000, 11),
(2497, 'JU1774', '2024-03-12', '2024-02-23', 308, 'TANAH BUKIT TELAGA GOLF TA 4 NO 16', 'Kredit', 165550000, 11),
(2498, 'JU1775', '2024-03-12', '2024-02-28', 201, 'NORTHWEST BOULEVARD BLOK NV07 NO 8', 'Debit', 4350000, 11),
(2499, 'JU1775', '2024-03-12', '2024-02-28', 319, 'NORTHWEST BOULEVARD BLOK NV07 NO 8', 'Kredit', 4350000, 11),
(2500, 'JU1776', '2024-03-12', '2024-02-20', 298, 'RUKO GWALK W1/5', 'Debit', 15000000, 11),
(2501, 'JU1776', '2024-03-12', '2024-02-20', 320, 'RUKO GWALK W1/5', 'Kredit', 15000000, 11),
(2502, 'JU1777', '2024-03-12', '2024-02-20', 201, 'RUKO GWALK W1/5', 'Debit', 15000000, 11),
(2503, 'JU1777', '2024-03-12', '2024-02-20', 316, 'RUKO GWALK W1/5', 'Kredit', 15000000, 11);

-- --------------------------------------------------------

--
-- Struktur dari tabel `kantor_pengaturan`
--

CREATE TABLE `kantor_pengaturan` (
  `id_kantor` int(250) NOT NULL,
  `kantor` varchar(250) NOT NULL
) ENGINE=InnoDB DEFAULT CHARSET=utf8mb4 COLLATE=utf8mb4_general_ci;

--
-- Dumping data untuk tabel `kantor_pengaturan`
--

INSERT INTO `kantor_pengaturan` (`id_kantor`, `kantor`) VALUES
(1, 'Pusat'),
(2, 'Vision');

-- --------------------------------------------------------

--
-- Struktur dari tabel `komisi`
--

CREATE TABLE `komisi` (
  `id_komisi` int(12) NOT NULL,
  `kantor_komisi` int(250) NOT NULL,
  `nomor_kantor_komisi` int(250) NOT NULL,
  `jenis_hitungan_komisi` varchar(250) NOT NULL,
  `alamat_komisi` varchar(250) NOT NULL,
  `jt_komisi` varchar(250) NOT NULL,
  `tgl_closing_komisi` date NOT NULL,
  `mar_listing_komisi` int(250) NOT NULL,
  `mar_listing2_komisi` int(250) NOT NULL,
  `mar_selling_komisi` int(250) NOT NULL,
  `mar_selling2_komisi` int(250) NOT NULL,
  `bruto_komisi` varchar(250) NOT NULL,
  `waktu_komisi` date NOT NULL,
  `tgl_disetujui` date NOT NULL,
  `status_komisi` varchar(250) NOT NULL,
  `status_transfer` varchar(250) NOT NULL,
  `keterangan_komisi` varchar(250) NOT NULL
) ENGINE=InnoDB DEFAULT CHARSET=utf8mb4 COLLATE=utf8mb4_general_ci;

--
-- Dumping data untuk tabel `komisi`
--

INSERT INTO `komisi` (`id_komisi`, `kantor_komisi`, `nomor_kantor_komisi`, `jenis_hitungan_komisi`, `alamat_komisi`, `jt_komisi`, `tgl_closing_komisi`, `mar_listing_komisi`, `mar_listing2_komisi`, `mar_selling_komisi`, `mar_selling2_komisi`, `bruto_komisi`, `waktu_komisi`, `tgl_disetujui`, `status_komisi`, `status_transfer`, `keterangan_komisi`) VALUES
(302, 2, 1, 'Secondary', 'APARTEMEN PURIMAS TOWER A UNIT 1528', 'Jual', '2023-09-29', 3, 0, 3, 0, '6500000', '2023-11-02', '2023-12-08', 'Approve', '', ''),
(303, 2, 2, 'Secondary', 'EASTWOOD BLOK EW5/12 CITRALAND, SURABAYA', 'Jual', '2023-10-02', 11, 0, 1693, 0, '43312500', '2023-11-02', '2023-12-08', 'Approve', '', ''),
(304, 2, 3, 'Secondary', 'DUKUH KUPANG BARAT 107A, SURABAYA', 'Sewa', '2023-08-15', 53, 0, 53, 0, '1500000', '2023-11-02', '2023-12-08', 'Approve', '', ''),
(305, 2, 4, 'Secondary', 'DUKUH KUPANG BARAT 107A, SURABAYA', 'Sewa', '2023-08-15', 53, 0, 53, 0, '1500000', '2023-11-02', '2023-12-08', 'Approve', '', ''),
(321, 2, 5, 'Secondary', 'Jl. Kedinding tengah jaya 2 timur A/2-4 Surabaya', 'Sewa', '2023-06-12', 38, 0, 11, 0, '7250000', '2023-12-13', '0000-00-00', 'Proses Approve', 'Proses Transfer', ''),
(334, 2, 7, 'Secondary', 'Jl. Sukomanunggal Jaya 3Z (CSH No.26), Surabaya', 'Sewa', '2023-09-22', 48, 0, 48, 0, '4250000', '2023-12-19', '2023-12-19', 'Approve', 'Proses Transfer', ''),
(339, 2, 8, 'Secondary', 'Royal Residance B19 No.312', 'Sewa', '2023-12-25', 47, 0, 3, 0, '1400000', '2023-12-30', '0000-00-00', 'Proses Approve', 'Proses Transfer', ''),
(340, 2, 9, 'Secondary', 'Royal Residance B19 No.312', 'Sewa', '2023-12-25', 47, 0, 3, 0, '1400000', '2023-12-30', '0000-00-00', 'Proses Approve', 'Proses Transfer', ''),
(348, 1, 1, 'Secondary', 'RUKO NORTHWEST BOULEVARD NV 11 NO 3,5 & 6', 'Sewa', '0000-00-00', 1576, 0, 40, 0, '360000', '2024-01-10', '0000-00-00', 'Proses Approve', 'Proses Transfer', 'FEE NOTARIS '),
(351, 2, 13, 'Secondary', 'Jl. Kedinding tengah jaya 2 timur A/2-4 Surabaya', 'Sewa', '2023-12-06', 38, 0, 11, 0, '6250000', '2024-01-13', '0000-00-00', 'Proses Approve', 'Proses Transfer', ''),
(352, 2, 14, 'Secondary', 'Kedinding Tengah Jaya 2 Timur A/2-4', 'Sewa', '2023-12-06', 38, 0, 11, 0, '6250000', '2024-01-13', '0000-00-00', 'Proses Approve', 'Proses Transfer', ''),
(355, 2, 15, 'Secondary', 'South Emerald Mansion TK6 No. 21B, Citraland - Surabaya', 'Jual', '2023-12-18', 11, 0, 11, 0, '34375000', '2024-01-24', '0000-00-00', 'Proses Approve', 'Proses Transfer', ''),
(359, 1, 2, 'Secondary', 'Romokalisari Persil 68, Surabaya', 'Jual', '2024-01-27', 77, 0, 77, 0, '705090000', '2024-01-27', '0000-00-00', 'Proses Approve', 'Proses Transfer', ''),
(360, 2, 16, 'Secondary', 'RUKO NORTWEST BOULEVARD NV 11 NO 3, 5 & 6', 'Sewa', '2024-01-27', 77, 0, 2447, 0, '6375000', '2024-01-27', '0000-00-00', 'Proses Approve', 'Proses Transfer', ''),
(362, 1, 3, 'Secondary', 'RUKO NORTHWEST BOULEVARD NV 11 NO 3,5 & 6', 'Sewa', '2023-12-21', 9671, 0, 77, 0, '', '2024-01-27', '0000-00-00', 'Proses Approve', 'Proses Transfer', 'HANYA PERCOBAAN'),
(363, 1, 4, 'Secondary', 'RUKO NORTHWEST BOULEVARD NV 11 NO 3,5 & 6', 'Sewa', '2023-12-27', 9074, 0, 77, 0, '6375000', '2024-01-27', '0000-00-00', 'Proses Approve', 'Proses Transfer', ''),
(365, 2, 18, 'Secondary', 'Jl. Romokalisari Blok C-31', 'Sewa', '2024-01-15', 11, 0, 11, 0, '750000', '2024-01-31', '0000-00-00', 'Proses Approve', 'Proses Transfer', ''),
(366, 2, 19, 'Secondary', 'Jl. Darus Sakinah II/1 NP-119, Gresik', 'Sewa', '2024-01-27', 51, 0, 51, 0, '3500000', '2024-01-31', '0000-00-00', 'Proses Approve', 'Proses Transfer', ''),
(368, 2, 20, 'Secondary', 'Northwest Boulevard Blok NV1 No.33, Citraland - surabaya', 'Sewa', '2023-09-08', 49, 0, 77, 0, '4200000', '2024-02-05', '0000-00-00', 'Proses Approve', 'Proses Transfer', ''),
(372, 2, 22, 'Secondary', 'Jl. Kedinding Tngah Jaya 2 Timur A/2-4 Surabaya', 'Sewa', '2023-12-06', 38, 0, 11, 0, '6250000', '2024-02-05', '0000-00-00', 'Proses Approve', 'Proses Transfer', ''),
(373, 2, 23, 'Secondary', 'Jl. Kedinding Tngah Jaya 2 Timur A/2-4 Surabaya', 'Sewa', '2023-12-06', 38, 0, 11, 0, '6250000', '2024-02-05', '0000-00-00', 'Proses Approve', 'Proses Transfer', ''),
(374, 2, 24, 'Secondary', 'Jl. Kedinding Tngah Jaya 2 Timur A/2-4 Surabaya', 'Sewa', '2023-12-06', 38, 0, 11, 0, '6250000', '2024-02-05', '0000-00-00', 'Proses Approve', 'Proses Transfer', ''),
(375, 2, 25, 'Secondary', 'Jl. Taman Prambanan Lidah Kulon IV EC-20, Surabaya', 'Sewa', '2023-12-18', 47, 0, 65, 0, '4000000', '2024-02-06', '0000-00-00', 'Proses Approve', 'Proses Transfer', ''),
(376, 2, 26, 'Secondary', 'Crown Suho BS10/60, Royal Residance ', 'Sewa', '2023-10-11', 48, 0, 4920, 0, '10000000', '2024-02-06', '0000-00-00', 'Proses Approve', 'Proses Transfer', ''),
(377, 2, 27, 'Secondary', 'Jl. Sukomanunggal VII No.88X, Surabaya', 'Sewa', '2024-01-15', 56, 0, 56, 0, '15000000', '2024-02-06', '0000-00-00', 'Proses Approve', 'Proses Transfer', ''),
(378, 2, 28, '', 'Apartemen Tanglin unit 0815, Surabaya', 'Sewa', '2024-01-03', 49, 0, 49, 0, '750000', '2024-02-07', '0000-00-00', 'Proses Approve', 'Proses Transfer', ''),
(379, 2, 29, 'Secondary', 'Jl. Rungkut Mapan Barat 7/BG-03, Surabaya', 'Sewa', '2024-01-31', 58, 0, 77, 0, '1250000', '2024-02-07', '0000-00-00', 'Proses Approve', 'Proses Transfer', ''),
(380, 1, 5, 'Secondary', 'GUDANG BUMI MASPION ROMOKALISARI SELATAN KAV 2', 'Sewa', '2023-05-31', 77, 0, 38, 0, '14000000', '2024-02-12', '0000-00-00', 'Proses Approve', 'Proses Transfer', ''),
(381, 2, 30, 'Secondary', 'Jl. Wiyung Praja  No. 10 Surabaya', 'Sewa', '2024-02-09', 49, 0, 49, 0, '18000000', '2024-02-21', '0000-00-00', 'Proses Approve', 'Proses Transfer', ''),
(382, 1, 6, 'Secondary', 'DIAMOND HILL DR1 NO 9', 'Sewa', '2023-12-04', 77, 0, 9256, 0, '22500000', '2024-02-22', '0000-00-00', 'Proses Approve', 'Proses Transfer', ''),
(383, 1, 7, 'Secondary', 'RUKO GWALK W1 NO 5', 'Sewa', '2024-03-22', 77, 0, 11, 0, '30000000', '2024-02-23', '0000-00-00', 'Proses Approve', 'Proses Transfer', ''),
(386, 2, 31, 'Secondary', 'RUKO G-WALK W 1 NO. 5 Citraland, Surabaya', 'Sewa', '2024-02-02', 11, 0, 11, 0, '15000000', '2024-02-24', '0000-00-00', 'Proses Approve', 'Proses Transfer', ''),
(387, 2, 32, 'Secondary', 'Northwest Boulevard Blok NV07 No 08 Citraland, Surabaya', 'Sewa', '2024-02-28', 3, 0, 77, 0, '4350000', '2024-03-02', '0000-00-00', 'Proses Approve', 'Proses Transfer', ''),
(388, 2, 33, 'Secondary', 'Jl. Romokalisari Blok C- 31, Surabaya', 'Sewa', '2024-02-27', 11, 0, 11, 0, '625000', '2024-03-02', '0000-00-00', 'Proses Approve', 'Proses Transfer', ''),
(389, 2, 34, 'Secondary', 'Graha Natura Blok F-198, Surabaya', 'Sewa', '2024-02-05', 38, 0, 38, 0, '3500000', '2024-03-02', '0000-00-00', 'Proses Approve', 'Proses Transfer', ''),
(391, 2, 35, 'Secondary', 'Komplek Ruko Panji Makmur Blok B-29, Surabaya', 'Sewa', '2024-02-04', 53, 0, 53, 0, '4750000', '2024-03-02', '0000-00-00', 'Proses Approve', 'Proses Transfer', ''),
(395, 2, 36, 'Primary', 'Ritz Coast Unit F2/11- sidoarjo', 'Jual', '2022-10-23', 46, 0, 46, 0, '8063350', '2024-03-06', '0000-00-00', 'Proses Approve', 'Proses Transfer', ''),
(396, 2, 37, 'Primary', 'Ritz Coast Unit F5/5- sidoarjo', 'Jual', '2022-10-22', 46, 0, 46, 0, '8869516', '2024-03-06', '0000-00-00', 'Proses Approve', 'Proses Transfer', ''),
(397, 2, 38, 'Primary', 'Ritz Coast Unit F5/21- sidoarjo', 'Jual', '2022-10-22', 82, 0, 82, 0, '9614502', '2024-03-06', '0000-00-00', 'Proses Approve', 'Proses Transfer', '');

-- --------------------------------------------------------

--
-- Struktur dari tabel `kredit_bank_titipan_a`
--

CREATE TABLE `kredit_bank_titipan_a` (
  `id_kredit` int(250) NOT NULL,
  `id_bta` int(250) NOT NULL,
  `tgl_input_kredit` date NOT NULL,
  `keterangan_kredit` varchar(250) NOT NULL,
  `nominal_kredit` int(250) NOT NULL
) ENGINE=InnoDB DEFAULT CHARSET=utf8mb4 COLLATE=utf8mb4_general_ci;

--
-- Dumping data untuk tabel `kredit_bank_titipan_a`
--

INSERT INTO `kredit_bank_titipan_a` (`id_kredit`, `id_bta`, `tgl_input_kredit`, `keterangan_kredit`, `nominal_kredit`) VALUES
(7, 4, '2023-11-11', 'Pengiriman Kucing', 10000),
(12, 5, '2023-11-13', 'Berkas Ini Itu', 12000),
(13, 4, '2023-11-13', 'Pengiriman Jerapah', 50000),
(14, 4, '2023-11-13', 'Pengiriman Kura-Kura', 120000),
(18, 8, '2023-11-15', 'Pengiriman Jerapah', 50000),
(20, 6, '2023-11-15', 'Pengiriman Kura-Kura', 50000);

-- --------------------------------------------------------

--
-- Struktur dari tabel `level_pengaturan`
--

CREATE TABLE `level_pengaturan` (
  `id_level` int(250) NOT NULL,
  `level` varchar(250) NOT NULL,
  `akses_level` varchar(250) NOT NULL
) ENGINE=InnoDB DEFAULT CHARSET=latin1 COLLATE=latin1_swedish_ci;

--
-- Dumping data untuk tabel `level_pengaturan`
--

INSERT INTO `level_pengaturan` (`id_level`, `level`, `akses_level`) VALUES
(1, 'Super Administrator', 'Semua'),
(2, 'Admin Komisi', 'Komisi'),
(3, 'Admin Akuntan', 'Akunting'),
(4, 'Administrator', 'Komisi, Akunting, Persediaan'),
(5, 'CMO', 'Komisi, Akunting, Persediaan'),
(7, 'Admin Persediaan', 'Persediaan');

-- --------------------------------------------------------

--
-- Struktur dari tabel `marketing`
--

CREATE TABLE `marketing` (
  `id_mar` int(50) NOT NULL,
  `nama_mar` varchar(50) NOT NULL,
  `nomor_mar` varchar(250) NOT NULL,
  `member_mar` int(250) NOT NULL,
  `upline_emd_mar` varchar(50) NOT NULL,
  `upline_cmo_mar` varchar(50) NOT NULL,
  `norek_mar` varchar(250) NOT NULL,
  `fasilitas_mar` varchar(250) NOT NULL,
  `jabatan_mar` varchar(250) NOT NULL,
  `gambar_ktp_mar` varchar(250) NOT NULL,
  `gambar_npwp_mar` varchar(250) NOT NULL
) ENGINE=InnoDB DEFAULT CHARSET=utf8mb4 COLLATE=utf8mb4_general_ci;

--
-- Dumping data untuk tabel `marketing`
--

INSERT INTO `marketing` (`id_mar`, `nama_mar`, `nomor_mar`, `member_mar`, `upline_emd_mar`, `upline_cmo_mar`, `norek_mar`, `fasilitas_mar`, `jabatan_mar`, `gambar_ktp_mar`, `gambar_npwp_mar`) VALUES
(2, 'Henny', 'AA0005', 2, '9', '3', 'BCA-6730311638 (Henny)', '', '3', 'ktp.png', 'npwp.png'),
(3, 'Jonatan / Lydia', 'AA0271', 1, '', '', 'BCA-0100359723 (Lydia Susanto)', '', '4', 'ktp1.png', 'npwp1.png'),
(7, 'Purnomo', 'AA0445', 1, '', '3', 'BCA-3681745040 - Purnomo', '', '2', 'ktp2.png', 'npwp2.png'),
(9, 'Yenny', 'AA0065', 2, '3', '', 'BCA-8290541221 - Yenny', '', '2', 'ktp3.png', 'npwp3.png'),
(10, 'Julia / Jeffy', 'AA0053', 1, '39', '', 'BCA-7880384320 - Julia/Jeffry', '', '4', 'ktp4.png', 'npwp4.png'),
(11, 'Claudia', 'AA0008', 3, '10', '', 'BCA-4700271779 (Claudia Florensia Sri P)', '', '3', 'ktp6.png', 'npwp6.png'),
(35, 'Ang', 'AA0007', 1, '10', '', 'BCA 472-018-1717 (Anggraini Angkawidjaya)', '', '3', 'ktp7.png', 'npwp7.png'),
(36, 'Fran', 'AA0009', 1, '35', '', 'BCA-102 031 4776 - (Fransiska)', '', '3', 'ktp8.png', 'npwp8.png'),
(37, 'Winata', 'AA0207', 1, '35', '', 'BCA 018-365-6161 (Winata Ciputra)', '', '3', 'ktp9.png', 'npwp9.png'),
(38, 'Ang/Fran/Win', 'AA0013', 1, '', '', '-', '', '2', '', ''),
(39, 'Gun', 'AA0001', 1, '', '', 'BCA-4631 91 0022 - Gunawan', '', '2', 'ktp5.png', 'npwp5.png'),
(40, 'Ana', 'AA0002', 1, '39', '', 'BCA-4632 91 0011 - Ana', '', '2', 'ktp10.png', 'npwp10.png'),
(41, 'Johan', 'AA0399', 1, '39', '', 'Belum Ada', '', '4', 'ktp11.png', 'npwp11.png'),
(42, 'Yuhuu / Ani', 'AA0387', 1, '10', '', 'Belum Ada', '', '2', 'ktp12.png', 'npwp12.png'),
(43, 'Handoko', 'AA0293', 1, '48', '10', 'BCA-2581421241 - Handoko Angkasastro', '', '2', 'ktp13.png', 'npwp13.png'),
(44, 'Ersiana', 'AA0447', 1, '48', '10', 'BCA-0871216711 - Ersiana', '', '2', 'ktp14.png', 'npwp14.png'),
(45, 'Albert / Monic', 'AA0148', 1, '', '', 'BCA-5060198791 - Albert / Monic', '', '2', 'ktp15.png', 'npwp15.png'),
(46, 'Budi', 'AA0418', 1, '10', '', 'BCA 6730444531 Gunawan Budidharmo', '', '2', 'ktp16.png', 'npwp16.png'),
(47, 'Ibnu Chandra / Sherla', 'AA0075', 2, '3', '', 'BCA-5085007308 - Ibnu Chandra', '', '2', 'ktp17.png', 'npwp17.png'),
(48, 'Indri', 'AA0064', 2, '10', '', 'BCA-8290693021 - Indri', '', '3', 'ktp18.png', 'npwp18.png'),
(49, 'Lily Tan', ' AA0080', 2, '48', '10', 'BCA-6720460708 - Lily Tan', '', '2', 'ktp19.png', 'npwp19.png'),
(50, 'Dyah CA', 'AA00402', 1, '', '', 'Belum Ada', '', '2', 'ktp20.png', 'npwp20.png'),
(51, 'Indrawati Prajogo', 'AA0429', 1, '48', '10', '	BCA-6720144717 - Indrawati Prajogo', '', '2', 'ktp21.png', 'npwp21.png'),
(52, 'Mariana', 'AA0378', 1, '10', '', 'BCA-1011397447 - Maria Yuliawati', '', '2', 'ktp22.png', 'npwp22.png'),
(53, 'Ghary / Yoan', 'AA0311', 1, '10', '', 'BCA-8220334881 - Ghary Yoan', '', '2', 'ktp23.png', 'npwp23.png'),
(54, 'Jonny Gunawan', 'AA0350', 1, '', '3', 'BCA-8220726755 - Jonny Gunawan', '', '2', 'ktp24.png', 'npwp24.png'),
(55, 'Ida / Boyong', 'AA0440', 1, '78', '10', 'BCA-6720576293 - Geertruida Margaretha', '', '2', 'ktp25.png', 'npwp25.png'),
(56, 'Teryan / Bian', 'AA0446', 1, '35', '10', 'BCA-4641255437 - Teryan Bian', '', '2', 'ktp26.png', 'npwp26.png'),
(57, 'Aditya', 'AA0430', 1, '54', '3', 'BCA-6965071290 - Aditya Risqi Putra', '', '2', 'ktp27.png', 'npwp27.png'),
(58, 'Aming Go', 'AA0196', 1, '', '10', 'BCA-675 0220 353 - Aming', '', '2', 'ktp28.png', 'npwp28.png'),
(59, 'Mery', 'AA0452', 1, '', '', 'Belum Ada', '', '2', 'ktp29.png', 'npwp29.png'),
(60, 'Inata', 'AA0436', 1, '41', '', 'BCA-2582093009 - Inata', '', '2', 'ktp30.png', 'npwp30.png'),
(61, 'Aghata', 'AA0444', 1, '60', '', 'BCA-6750379441 - Nathania Agatha Benita', '', '2', 'ktp31.png', 'npwp31.png'),
(62, 'Syauqi', 'AA0305', 1, '65', '10', 'BCA Syariah-0050061977 - Qomarul Fata Assyauqi', '', '2', 'ktp32.png', 'npwp32.png'),
(63, 'Deddy Tansen', 'AA0453', 1, '', '', 'Belum Ada', '', '2', 'ktp33.png', 'npwp33.png'),
(64, 'Naning', 'AA0454', 1, '48', '10', 'Belum Ada', '', '2', 'ktp34.png', 'npwp34.png'),
(65, 'Anita / Steven', 'AA0070', 1, '10', '', 'BCA-6720334061 - Anita Steven', '', '2', 'ktp35.png', 'npwp35.png'),
(66, 'Vonny C', 'AA0337', 1, '48', '10', 'Belum Ada', '', '2', 'ktp36.png', 'npwp36.png'),
(67, 'Hokky', 'AA0210', 1, '47', '3', 'BCA-0180670904 - Hokky Gunawan', '', '2', 'ktp37.png', 'npwp37.png'),
(68, 'Tristya', 'AA0438', 1, '10', '', 'BCA-8630299242 - Novan Hari Tristya', '', '2', 'ktp38.png', 'npwp38.png'),
(69, 'Nita', 'AA0456', 1, '', '', 'Belum Ada', '', '2', 'ktp39.png', 'npwp39.png'),
(70, 'Owen', 'AA0419', 1, '', '', 'Mandiri - 1410019762400 - Jordan Yuseno Putra', '', '2', 'ktp40.png', 'npwp40.png'),
(71, 'Yanes / Nira', 'AA0264', 1, '', '', 'BCA-0885931265 - Yanes Nira', '', '2', 'ktp41.png', 'npwp41.png'),
(77, 'Gun/Ana', 'AA0001', 1, '', '', 'BCA-4631 91 0022 - Gunawan', '', '2', 'ktp42.png', 'npwp42.png'),
(78, 'Mita', 'AA0012', 1, '', '', '', '', '2', 'WhatsApp_Image_2024-02-06_at_08_49_31_(1).jpeg', 'WhatsApp_Image_2024-02-06_at_08_49_31.jpeg'),
(79, 'Dika', ' AA0455', 1, '3', '', '', '', '2', 'WhatsApp_Image_2024-02-06_at_08_49_31_(1)1.jpeg', 'WhatsApp_Image_2024-02-06_at_08_49_311.jpeg'),
(80, 'Sonny', 'AA0465', 1, '', '', '', '', '2', 'WhatsApp_Image_2024-02-06_at_08_49_31_(1)2.jpeg', 'WhatsApp_Image_2024-02-06_at_08_49_312.jpeg'),
(81, 'Hendra / Nensy', 'AA0466', 1, '48', '10', '', '', '2', 'WhatsApp_Image_2024-02-06_at_08_49_31_(1)3.jpeg', 'WhatsApp_Image_2024-02-06_at_08_49_313.jpeg'),
(82, 'Iis W', 'AA0370', 1, '', '3', 'BCA 6720755902 Wiji Istimulyani', '', '2', 'ktp43.png', 'npwp43.png');

-- --------------------------------------------------------

--
-- Struktur dari tabel `master_persediaan`
--

CREATE TABLE `master_persediaan` (
  `id_persediaan` int(250) NOT NULL,
  `kode_persediaan` varchar(250) NOT NULL,
  `nama_persediaan` varchar(250) NOT NULL,
  `harga_persediaan` double NOT NULL,
  `stok_persediaan` int(250) NOT NULL
) ENGINE=InnoDB DEFAULT CHARSET=utf8mb4 COLLATE=utf8mb4_general_ci;

--
-- Dumping data untuk tabel `master_persediaan`
--

INSERT INTO `master_persediaan` (`id_persediaan`, `kode_persediaan`, `nama_persediaan`, `harga_persediaan`, `stok_persediaan`) VALUES
(6, 'A001', 'Kaos A&A', 50000, 40),
(8, 'A002', 'Banner Gun / Ana', 7000, 28);

-- --------------------------------------------------------

--
-- Struktur dari tabel `master_pph`
--

CREATE TABLE `master_pph` (
  `id_pph` int(250) NOT NULL,
  `id_komisi` int(250) NOT NULL
) ENGINE=InnoDB DEFAULT CHARSET=utf8mb4 COLLATE=utf8mb4_general_ci;

--
-- Dumping data untuk tabel `master_pph`
--

INSERT INTO `master_pph` (`id_pph`, `id_komisi`) VALUES
(74, 302),
(75, 303),
(76, 304),
(77, 305),
(78, 334);

-- --------------------------------------------------------

--
-- Struktur dari tabel `master_pph_aavision`
--

CREATE TABLE `master_pph_aavision` (
  `id_pph_aavision` int(250) NOT NULL,
  `id_pph` int(250) NOT NULL,
  `id_marketing` int(250) NOT NULL,
  `status_marketing` varchar(250) NOT NULL,
  `fee_setelah_adm` int(250) NOT NULL,
  `fgs` int(250) NOT NULL,
  `ptn_pph` int(250) NOT NULL,
  `total_pph` int(250) NOT NULL
) ENGINE=InnoDB DEFAULT CHARSET=utf8mb4 COLLATE=utf8mb4_general_ci;

--
-- Dumping data untuk tabel `master_pph_aavision`
--

INSERT INTO `master_pph_aavision` (`id_pph_aavision`, `id_pph`, `id_marketing`, `status_marketing`, `fee_setelah_adm`, `fgs`, `ptn_pph`, `total_pph`) VALUES
(325, 74, 3, 'Listing/Selling', 3250000, 0, 81250, 81250),
(326, 75, 11, 'Listing/Selling', 14780391, 0, 369510, 369510),
(327, 75, 10, 'Upline', 0, 324844, 8121, 8121),
(328, 76, 53, 'Listing/Selling', 750000, 0, 18750, 18750),
(329, 77, 53, 'Listing/Selling', 750000, 0, 18750, 18750),
(330, 78, 48, 'Listing/Selling', 2237625, 0, 55941, 55941);

-- --------------------------------------------------------

--
-- Struktur dari tabel `master_pph_cobroke`
--

CREATE TABLE `master_pph_cobroke` (
  `id_pph_cobroke` int(250) NOT NULL,
  `id_pph` int(250) NOT NULL,
  `fee_cobroke` int(250) NOT NULL,
  `pph_cobroke` int(250) NOT NULL,
  `ref_cobroke` int(250) NOT NULL
) ENGINE=InnoDB DEFAULT CHARSET=utf8mb4 COLLATE=utf8mb4_general_ci;

--
-- Dumping data untuk tabel `master_pph_cobroke`
--

INSERT INTO `master_pph_cobroke` (`id_pph_cobroke`, `id_pph`, `fee_cobroke`, `pph_cobroke`, `ref_cobroke`) VALUES
(21, 75, 21656250, 433125, 0),
(22, 78, 425000, 12750, 1);

-- --------------------------------------------------------

--
-- Struktur dari tabel `member_pengaturan`
--

CREATE TABLE `member_pengaturan` (
  `id_member` int(250) NOT NULL,
  `member` varchar(250) NOT NULL,
  `nilai_secondary` int(250) NOT NULL,
  `nilai_kpr` int(250) NOT NULL
) ENGINE=InnoDB DEFAULT CHARSET=utf8mb4 COLLATE=utf8mb4_general_ci;

--
-- Dumping data untuk tabel `member_pengaturan`
--

INSERT INTO `member_pengaturan` (`id_member`, `member`, `nilai_secondary`, `nilai_kpr`) VALUES
(0, 'Setting Nilai Primary', 20, 0),
(1, 'Silver', 50, 50),
(2, 'Gold Express', 60, 60),
(3, 'Prime Pro', 70, 60),
(4, 'Black Jack', 80, 60);

-- --------------------------------------------------------

--
-- Struktur dari tabel `omzet`
--

CREATE TABLE `omzet` (
  `id_omzet` int(250) NOT NULL,
  `id_komisi` int(250) NOT NULL
) ENGINE=InnoDB DEFAULT CHARSET=utf8mb4 COLLATE=utf8mb4_general_ci;

--
-- Dumping data untuk tabel `omzet`
--

INSERT INTO `omzet` (`id_omzet`, `id_komisi`) VALUES
(127, 302),
(128, 303),
(129, 304),
(130, 305),
(131, 334);

-- --------------------------------------------------------

--
-- Struktur dari tabel `omzet_aavision`
--

CREATE TABLE `omzet_aavision` (
  `id_omzetvision` int(250) NOT NULL,
  `id_omzet` int(250) NOT NULL,
  `id_marketing` int(250) NOT NULL,
  `fee_kantor` int(250) NOT NULL,
  `fee_marketing` int(250) NOT NULL,
  `ptn_admin` int(250) NOT NULL,
  `ptn_pph` int(250) NOT NULL,
  `ptn_pribadi` int(250) NOT NULL,
  `netto_vision` int(250) NOT NULL,
  `netto_marketing` int(250) NOT NULL
) ENGINE=InnoDB DEFAULT CHARSET=utf8mb4 COLLATE=utf8mb4_general_ci;

--
-- Dumping data untuk tabel `omzet_aavision`
--

INSERT INTO `omzet_aavision` (`id_omzetvision`, `id_omzet`, `id_marketing`, `fee_kantor`, `fee_marketing`, `ptn_admin`, `ptn_pph`, `ptn_pribadi`, `netto_vision`, `netto_marketing`) VALUES
(259, 127, 3, 3250000, 3250000, 0, 81250, 0, 3250000, 3168750),
(260, 128, 11, 6496875, 15159375, 378984, 369510, 0, 6875859, 14410881),
(261, 129, 53, 750000, 750000, 0, 18750, 0, 750000, 731250),
(262, 130, 53, 750000, 750000, 0, 18750, 0, 750000, 731250),
(263, 131, 48, 1530000, 2295000, 57375, 55941, 0, 1587375, 2181684);

-- --------------------------------------------------------

--
-- Struktur dari tabel `pengguna`
--

CREATE TABLE `pengguna` (
  `id_pengguna` int(250) NOT NULL,
  `nama_pengguna` varchar(250) NOT NULL,
  `username_pengguna` varchar(250) NOT NULL,
  `pass_pengguna` varchar(250) NOT NULL,
  `gambar_ttd_pengguna` varchar(250) NOT NULL,
  `level_pengguna` varchar(250) NOT NULL
) ENGINE=InnoDB DEFAULT CHARSET=utf8mb4 COLLATE=utf8mb4_general_ci;

--
-- Dumping data untuk tabel `pengguna`
--

INSERT INTO `pengguna` (`id_pengguna`, `nama_pengguna`, `username_pengguna`, `pass_pengguna`, `gambar_ttd_pengguna`, `level_pengguna`) VALUES
(1, 'Rohman', 'rohman', '2397977a0e43fb1f5ee26fe993674b5b', 'ttd_ku_baru.jpg', '1'),
(4, 'Julia', 'julia', 'c2e285cb33cecdbeb83d2189e983a8c0', 'ttd_baru.jpg', '5'),
(10, 'Risca', 'risca', 'f5787529cb944fa9600457d30438d20d', 'ttd_baru1.jpg', '2'),
(11, 'Salwa', 'salwa', 'af003347e9ad13dcb79763e2f66339d5', '', '4'),
(12, 'Febri', 'febri', '4689c75fd0935ff5818d62fd2083ed98', '', '2'),
(13, 'Dewi', 'dewi', 'ed1d859c50262701d92e5cbf39652792', '', '2'),
(14, 'Naomi', 'naomi', 'f0eebeb9943bc9b46b8b1a5322550f3c', '', '7');

-- --------------------------------------------------------

--
-- Struktur dari tabel `pengurangan_fee`
--

CREATE TABLE `pengurangan_fee` (
  `id_pengurangan` int(250) NOT NULL,
  `id_komisi` int(250) NOT NULL,
  `id_marketing` int(250) NOT NULL,
  `keterangan_pengurangan` varchar(250) NOT NULL,
  `jumlah_pengurangan` int(250) NOT NULL,
  `status_pengurangan` varchar(250) NOT NULL
) ENGINE=InnoDB DEFAULT CHARSET=utf8mb4 COLLATE=utf8mb4_general_ci;

-- --------------------------------------------------------

--
-- Struktur dari tabel `potongan`
--

CREATE TABLE `potongan` (
  `id_potongan` int(250) NOT NULL,
  `id_komisi` int(250) NOT NULL,
  `keterangan_potongan` varchar(250) NOT NULL,
  `jumlah_potongan` varchar(250) NOT NULL
) ENGINE=InnoDB DEFAULT CHARSET=utf8mb4 COLLATE=utf8mb4_general_ci;

-- --------------------------------------------------------

--
-- Struktur dari tabel `referal`
--

CREATE TABLE `referal` (
  `id_referal` int(250) NOT NULL,
  `id_komisi` int(250) NOT NULL,
  `jumlah_referal` varchar(250) NOT NULL,
  `pph_referal` varchar(250) NOT NULL,
  `keterangan_referal` varchar(250) NOT NULL
) ENGINE=InnoDB DEFAULT CHARSET=utf8mb4 COLLATE=utf8mb4_general_ci;

--
-- Dumping data untuk tabel `referal`
--

INSERT INTO `referal` (`id_referal`, `id_komisi`, `jumlah_referal`, `pph_referal`, `keterangan_referal`) VALUES
(53, 334, '425000', '3', 'Ratna Yunaningsih'),
(57, 359, '48000000', '2.5', 'AJUN'),
(58, 380, '30', '3', 'ANG TIONG HUI'),
(60, 391, '475000', '2.5', ' Muhammad Fauzan');

-- --------------------------------------------------------

--
-- Struktur dari tabel `sub_komisi`
--

CREATE TABLE `sub_komisi` (
  `id_sub_komisi` int(12) NOT NULL,
  `id_komisi` int(12) NOT NULL,
  `primary_komisi` varchar(250) NOT NULL,
  `mm_listing_komisi` int(250) NOT NULL,
  `npwpm_listing_komisi` int(250) NOT NULL,
  `npwpum_listing_komisi` int(250) NOT NULL,
  `jabatanum_listing_komisi` int(250) NOT NULL,
  `npwpum_listing2_komisi` int(250) NOT NULL,
  `jabatanum_listing2_komisi` int(250) NOT NULL,
  `mm2_listing_komisi` int(250) NOT NULL,
  `npwpm2_listing_komisi` int(250) NOT NULL,
  `npwpum2_listing_komisi` int(250) NOT NULL,
  `jabatanum2_listing_komisi` int(250) NOT NULL,
  `npwpum2_listing2_komisi` int(250) NOT NULL,
  `jabatanum2_listing2_komisi` int(250) NOT NULL,
  `mm_selling_komisi` int(250) NOT NULL,
  `npwpm_selling_komisi` int(250) NOT NULL,
  `npwpum_selling_komisi` int(250) NOT NULL,
  `jabatanum_selling_komisi` int(250) NOT NULL,
  `npwpum_selling2_komisi` int(250) NOT NULL,
  `jabatanum_selling2_komisi` int(250) NOT NULL,
  `mm2_selling_komisi` int(250) NOT NULL,
  `npwpm2_selling_komisi` int(250) NOT NULL,
  `npwpum2_selling_komisi` int(250) NOT NULL,
  `jabatanum2_selling_komisi` int(250) NOT NULL,
  `npwpum2_selling2_komisi` int(250) NOT NULL,
  `jabatanum2_selling2_komisi` int(250) NOT NULL,
  `admin_pengguna` int(250) NOT NULL,
  `admin_status_komisi` int(250) NOT NULL
) ENGINE=InnoDB DEFAULT CHARSET=utf8mb4 COLLATE=utf8mb4_general_ci;

--
-- Dumping data untuk tabel `sub_komisi`
--

INSERT INTO `sub_komisi` (`id_sub_komisi`, `id_komisi`, `primary_komisi`, `mm_listing_komisi`, `npwpm_listing_komisi`, `npwpum_listing_komisi`, `jabatanum_listing_komisi`, `npwpum_listing2_komisi`, `jabatanum_listing2_komisi`, `mm2_listing_komisi`, `npwpm2_listing_komisi`, `npwpum2_listing_komisi`, `jabatanum2_listing_komisi`, `npwpum2_listing2_komisi`, `jabatanum2_listing2_komisi`, `mm_selling_komisi`, `npwpm_selling_komisi`, `npwpum_selling_komisi`, `jabatanum_selling_komisi`, `npwpum_selling2_komisi`, `jabatanum_selling2_komisi`, `mm2_selling_komisi`, `npwpm2_selling_komisi`, `npwpum2_selling_komisi`, `jabatanum2_selling_komisi`, `npwpum2_selling2_komisi`, `jabatanum2_selling2_komisi`, `admin_pengguna`, `admin_status_komisi`) VALUES
(201, 302, '0', 50, 1, 0, 0, 0, 0, 0, 0, 0, 0, 0, 0, 50, 1, 0, 0, 0, 0, 0, 0, 0, 0, 0, 0, 10, 4),
(202, 303, '0', 70, 1, 1, 0, 0, 0, 0, 0, 0, 0, 0, 0, 0, 0, 0, 0, 0, 0, 0, 0, 0, 0, 0, 0, 10, 4),
(203, 304, '0', 50, 1, 0, 0, 0, 0, 0, 0, 0, 0, 0, 0, 50, 1, 0, 0, 0, 0, 0, 0, 0, 0, 0, 0, 10, 4),
(204, 305, '0', 50, 1, 1, 0, 0, 0, 0, 0, 0, 0, 0, 0, 50, 1, 1, 0, 0, 0, 0, 0, 0, 0, 0, 0, 10, 4),
(220, 321, '0', 50, 0, 0, 5, 0, 5, 0, 0, 0, 0, 0, 0, 70, 1, 1, 5, 0, 5, 0, 0, 0, 0, 0, 0, 10, 0),
(233, 334, '0', 60, 1, 0, 5, 0, 5, 0, 0, 0, 0, 0, 0, 60, 1, 0, 5, 0, 5, 0, 0, 0, 0, 0, 0, 1, 4),
(238, 339, '0', 60, 1, 1, 5, 0, 5, 0, 0, 0, 0, 0, 0, 50, 1, 0, 5, 0, 5, 0, 0, 0, 0, 0, 0, 12, 0),
(239, 340, '0', 60, 1, 1, 5, 0, 5, 0, 0, 0, 0, 0, 0, 50, 1, 0, 5, 0, 5, 0, 0, 0, 0, 0, 0, 12, 0),
(247, 348, '0', 0, 0, 0, 0, 0, 0, 0, 0, 0, 0, 0, 0, 50, 1, 1, 3, 0, 5, 0, 0, 0, 0, 0, 0, 12, 0),
(250, 351, '0', 50, 0, 1, 3, 1, 5, 0, 0, 0, 0, 0, 0, 70, 1, 1, 5, 0, 5, 0, 0, 0, 0, 0, 0, 10, 0),
(251, 352, '0', 50, 0, 0, 5, 0, 5, 0, 0, 0, 0, 0, 0, 70, 1, 1, 5, 0, 5, 0, 0, 0, 0, 0, 0, 10, 0),
(254, 355, '0', 70, 1, 1, 5, 0, 5, 0, 0, 0, 0, 0, 0, 70, 1, 1, 5, 0, 5, 0, 0, 0, 0, 0, 0, 10, 0),
(258, 359, '0', 50, 1, 0, 5, 0, 5, 0, 0, 0, 0, 0, 0, 50, 1, 0, 5, 0, 5, 0, 0, 0, 0, 0, 0, 1, 0),
(259, 360, '0', 50, 1, 0, 5, 0, 5, 0, 0, 0, 0, 0, 0, 0, 0, 0, 0, 0, 0, 0, 0, 0, 0, 0, 0, 1, 0),
(261, 362, '0', 0, 0, 0, 0, 0, 0, 0, 0, 0, 0, 0, 0, 50, 1, 0, 5, 0, 5, 0, 0, 0, 0, 0, 0, 13, 0),
(262, 363, '0', 0, 0, 0, 0, 0, 0, 0, 0, 0, 0, 0, 0, 50, 1, 0, 5, 0, 5, 0, 0, 0, 0, 0, 0, 13, 0),
(264, 365, '0', 70, 1, 1, 5, 0, 5, 0, 0, 0, 0, 0, 0, 70, 1, 1, 5, 0, 5, 0, 0, 0, 0, 0, 0, 10, 0),
(265, 366, '0', 50, 1, 1, 5, 0, 5, 0, 0, 0, 0, 0, 0, 50, 1, 1, 5, 0, 5, 0, 0, 0, 0, 0, 0, 10, 0),
(267, 368, '0', 60, 1, 1, 5, 1, 5, 0, 0, 0, 0, 0, 0, 50, 1, 0, 5, 0, 5, 0, 0, 0, 0, 0, 0, 10, 0),
(271, 372, '0', 50, 0, 0, 5, 0, 5, 0, 0, 0, 0, 0, 0, 70, 1, 1, 5, 0, 5, 0, 0, 0, 0, 0, 0, 11, 0),
(272, 373, '0', 50, 0, 0, 5, 0, 5, 0, 0, 0, 0, 0, 0, 70, 1, 1, 5, 0, 5, 0, 0, 0, 0, 0, 0, 1, 0),
(273, 374, '0', 50, 0, 0, 5, 0, 5, 0, 0, 0, 0, 0, 0, 70, 1, 1, 5, 0, 5, 0, 0, 0, 0, 0, 0, 1, 0),
(274, 375, '0', 60, 1, 1, 5, 0, 5, 0, 0, 0, 0, 0, 0, 50, 1, 1, 5, 0, 5, 0, 0, 0, 0, 0, 0, 10, 0),
(275, 376, '0', 60, 1, 1, 5, 0, 5, 0, 0, 0, 0, 0, 0, 0, 0, 0, 0, 0, 0, 0, 0, 0, 0, 0, 0, 10, 0),
(276, 377, '0', 50, 1, 1, 5, 0, 5, 0, 0, 0, 0, 0, 0, 50, 1, 1, 5, 0, 5, 0, 0, 0, 0, 0, 0, 10, 0),
(277, 378, '50', 60, 1, 1, 5, 1, 5, 0, 0, 0, 0, 0, 0, 60, 1, 1, 5, 1, 5, 0, 0, 0, 0, 0, 0, 10, 0),
(278, 379, '0', 50, 1, 0, 5, 1, 5, 0, 0, 0, 0, 0, 0, 50, 1, 0, 5, 0, 5, 0, 0, 0, 0, 0, 0, 10, 0),
(279, 380, '0', 50, 1, 0, 5, 0, 5, 0, 0, 0, 0, 0, 0, 50, 0, 0, 5, 0, 5, 0, 0, 0, 0, 0, 0, 13, 0),
(280, 381, '0', 60, 1, 1, 5, 1, 5, 0, 0, 0, 0, 0, 0, 60, 1, 1, 5, 1, 5, 0, 0, 0, 0, 0, 0, 10, 0),
(281, 382, '0', 50, 1, 0, 5, 0, 5, 0, 0, 0, 0, 0, 0, 0, 0, 0, 0, 0, 0, 0, 0, 0, 0, 0, 0, 13, 0),
(282, 383, '0', 50, 1, 0, 5, 0, 5, 0, 0, 0, 0, 0, 0, 70, 1, 1, 5, 0, 5, 0, 0, 0, 0, 0, 0, 13, 0),
(285, 386, '0', 70, 1, 1, 5, 0, 5, 0, 0, 0, 0, 0, 0, 70, 1, 1, 5, 0, 5, 0, 0, 0, 0, 0, 0, 10, 0),
(286, 387, '0', 50, 1, 0, 5, 0, 5, 0, 0, 0, 0, 0, 0, 50, 1, 0, 5, 0, 5, 0, 0, 0, 0, 0, 0, 10, 0),
(287, 388, '0', 70, 1, 1, 5, 0, 5, 0, 0, 0, 0, 0, 0, 70, 1, 1, 5, 0, 5, 0, 0, 0, 0, 0, 0, 10, 0),
(288, 389, '0', 50, 0, 0, 5, 0, 5, 0, 0, 0, 0, 0, 0, 50, 0, 0, 5, 0, 5, 0, 0, 0, 0, 0, 0, 10, 0),
(290, 391, '0', 50, 1, 1, 5, 0, 5, 0, 0, 0, 0, 0, 0, 50, 1, 1, 5, 0, 5, 0, 0, 0, 0, 0, 0, 10, 0),
(294, 395, '20', 50, 1, 1, 5, 0, 5, 0, 0, 0, 0, 0, 0, 50, 1, 1, 5, 0, 5, 0, 0, 0, 0, 0, 0, 10, 0),
(295, 396, '20', 50, 1, 1, 5, 0, 5, 0, 0, 0, 0, 0, 0, 50, 1, 1, 5, 0, 5, 0, 0, 0, 0, 0, 0, 10, 0),
(296, 397, '20', 50, 1, 0, 5, 1, 5, 0, 0, 0, 0, 0, 0, 50, 1, 0, 5, 1, 5, 0, 0, 0, 0, 0, 0, 10, 0);

-- --------------------------------------------------------

--
-- Struktur dari tabel `sub_komisi_afw`
--

CREATE TABLE `sub_komisi_afw` (
  `id_afw` int(250) NOT NULL,
  `id_sub_komisi` int(250) NOT NULL,
  `m_ang` int(250) NOT NULL,
  `npwp_ang` int(250) NOT NULL,
  `npwp_up_ang` int(250) NOT NULL,
  `jabatan_up_ang` int(250) NOT NULL,
  `npwp_up2_ang` int(250) NOT NULL,
  `jabatan_up2_ang` int(250) NOT NULL,
  `m_fran` int(250) NOT NULL,
  `npwp_fran` int(250) NOT NULL,
  `npwp_up_fran` int(250) NOT NULL,
  `jabatan_up_fran` int(250) NOT NULL,
  `npwp_up2_fran` int(250) NOT NULL,
  `jabatan_up2_fran` int(250) NOT NULL,
  `m_win` int(250) NOT NULL,
  `npwp_win` int(250) NOT NULL,
  `npwp_up_win` int(250) NOT NULL,
  `jabatan_up_win` int(250) NOT NULL,
  `npwp_up2_win` int(250) NOT NULL,
  `jabatan_up2_win` int(250) NOT NULL
) ENGINE=InnoDB DEFAULT CHARSET=utf8mb4 COLLATE=utf8mb4_general_ci;

--
-- Dumping data untuk tabel `sub_komisi_afw`
--

INSERT INTO `sub_komisi_afw` (`id_afw`, `id_sub_komisi`, `m_ang`, `npwp_ang`, `npwp_up_ang`, `jabatan_up_ang`, `npwp_up2_ang`, `jabatan_up2_ang`, `m_fran`, `npwp_fran`, `npwp_up_fran`, `jabatan_up_fran`, `npwp_up2_fran`, `jabatan_up2_fran`, `m_win`, `npwp_win`, `npwp_up_win`, `jabatan_up_win`, `npwp_up2_win`, `jabatan_up2_win`) VALUES
(13, 220, 50, 1, 1, 5, 0, 5, 50, 1, 1, 5, 0, 5, 50, 1, 1, 5, 0, 5),
(19, 250, 50, 1, 1, 5, 0, 5, 50, 1, 1, 3, 0, 5, 50, 1, 1, 3, 0, 5),
(20, 251, 50, 1, 1, 5, 0, 5, 50, 1, 1, 3, 0, 5, 50, 1, 1, 3, 0, 5),
(21, 271, 50, 1, 1, 5, 0, 5, 50, 1, 1, 3, 0, 5, 50, 1, 1, 3, 0, 5),
(22, 272, 50, 1, 1, 5, 0, 5, 50, 1, 1, 5, 0, 5, 50, 1, 1, 5, 0, 5),
(23, 273, 50, 1, 1, 5, 0, 5, 50, 1, 1, 5, 0, 5, 50, 1, 1, 5, 0, 5),
(24, 279, 50, 1, 1, 5, 0, 5, 50, 1, 1, 5, 0, 5, 50, 1, 1, 5, 0, 5),
(25, 288, 50, 1, 1, 5, 0, 5, 50, 1, 1, 5, 0, 5, 50, 1, 1, 5, 0, 5);

-- --------------------------------------------------------

--
-- Struktur dari tabel `tutup_jurnal`
--

CREATE TABLE `tutup_jurnal` (
  `id_jurnal` int(250) NOT NULL,
  `tgl_jurnal` date NOT NULL,
  `tgl_asli_input` date NOT NULL,
  `bulan_jurnal` varchar(250) NOT NULL,
  `total_saldo` int(250) NOT NULL,
  `total_kredit` int(250) NOT NULL,
  `saldo_akhir` int(250) NOT NULL
) ENGINE=InnoDB DEFAULT CHARSET=utf8mb4 COLLATE=utf8mb4_general_ci;

--
-- Dumping data untuk tabel `tutup_jurnal`
--

INSERT INTO `tutup_jurnal` (`id_jurnal`, `tgl_jurnal`, `tgl_asli_input`, `bulan_jurnal`, `total_saldo`, `total_kredit`, `saldo_akhir`) VALUES
(109, '2022-01-28', '2023-12-06', 'Januari', 42686204, 42686204, 0),
(110, '2022-02-28', '2023-12-06', 'Februari', 0, 0, 0),
(112, '2022-03-28', '2023-12-06', 'Maret', 32000000, 32000000, 0),
(113, '2022-04-28', '2023-12-06', 'April', 0, 0, 0),
(114, '2022-05-28', '2023-12-06', 'Mei', 0, 0, 0),
(115, '2022-06-28', '2023-12-06', 'Juni', 0, 0, 0),
(116, '2022-07-28', '2023-12-06', 'Juli', 0, 0, 0),
(117, '2022-08-28', '2023-12-06', 'Agustus', 0, 0, 0),
(118, '2022-09-28', '2023-12-06', 'September', 0, 0, 0),
(119, '2022-10-28', '2023-12-06', 'Oktober', 0, 0, 0),
(120, '2022-11-28', '2023-12-06', 'November', 0, 0, 0),
(121, '2022-12-28', '2023-12-06', 'Desember', 1000000, 1000000, 0),
(122, '2023-01-28', '2023-12-06', 'Januari', 0, 0, 0),
(123, '2023-02-28', '2023-12-06', 'Februari', 0, 0, 0),
(124, '2023-03-28', '2023-12-06', 'Maret', 0, 0, 0),
(125, '2023-04-28', '2023-12-06', 'April', 0, 0, 0),
(126, '2023-05-28', '2023-12-06', 'Mei', 14887481, 14887481, 0),
(128, '2023-06-28', '2023-12-06', 'Juni', 65000000, 65000000, 0),
(129, '2023-07-28', '2023-12-06', 'Juli', 0, 0, 0),
(130, '2023-08-28', '2023-12-06', 'Agustus', 100000000, 100000000, 0),
(134, '2023-09-28', '2023-12-08', 'September', 10000000, 10000000, 0),
(137, '2023-10-28', '2023-12-12', 'Oktober', 297349269, 297349269, 0),
(138, '2023-11-28', '2023-12-13', 'November', 2147483647, 2147483647, 0),
(139, '2023-12-28', '2024-01-09', 'Desember', 1539591185, 1539591185, 0),
(142, '2024-01-28', '2024-03-04', 'Januari', 1453345214, 1453345214, 0);

--
-- Indexes for dumped tables
--

--
-- Indeks untuk tabel `bank_titipan_a`
--
ALTER TABLE `bank_titipan_a`
  ADD PRIMARY KEY (`id_bta`);

--
-- Indeks untuk tabel `co_broke`
--
ALTER TABLE `co_broke`
  ADD PRIMARY KEY (`id_cobroke`),
  ADD KEY `id_komisi` (`id_komisi`);

--
-- Indeks untuk tabel `jabatan_pengaturan`
--
ALTER TABLE `jabatan_pengaturan`
  ADD PRIMARY KEY (`id_jabatan`);

--
-- Indeks untuk tabel `jurnal_bttb`
--
ALTER TABLE `jurnal_bttb`
  ADD PRIMARY KEY (`id_bttb`);

--
-- Indeks untuk tabel `jurnal_persediaan`
--
ALTER TABLE `jurnal_persediaan`
  ADD PRIMARY KEY (`id_jurnal`);

--
-- Indeks untuk tabel `jurnal_pesan`
--
ALTER TABLE `jurnal_pesan`
  ADD PRIMARY KEY (`id_pesan`);

--
-- Indeks untuk tabel `jurnal_umum`
--
ALTER TABLE `jurnal_umum`
  ADD PRIMARY KEY (`id_jurnal`),
  ADD KEY `id_bttb` (`id_bttb`);

--
-- Indeks untuk tabel `kantor_pengaturan`
--
ALTER TABLE `kantor_pengaturan`
  ADD PRIMARY KEY (`id_kantor`);

--
-- Indeks untuk tabel `komisi`
--
ALTER TABLE `komisi`
  ADD PRIMARY KEY (`id_komisi`),
  ADD KEY `mar_listing_komisi` (`mar_listing_komisi`),
  ADD KEY `mar_selling_komisi` (`mar_selling_komisi`);

--
-- Indeks untuk tabel `kredit_bank_titipan_a`
--
ALTER TABLE `kredit_bank_titipan_a`
  ADD PRIMARY KEY (`id_kredit`),
  ADD KEY `id_bta` (`id_bta`);

--
-- Indeks untuk tabel `level_pengaturan`
--
ALTER TABLE `level_pengaturan`
  ADD PRIMARY KEY (`id_level`);

--
-- Indeks untuk tabel `marketing`
--
ALTER TABLE `marketing`
  ADD PRIMARY KEY (`id_mar`),
  ADD KEY `member_mar` (`member_mar`);

--
-- Indeks untuk tabel `master_persediaan`
--
ALTER TABLE `master_persediaan`
  ADD PRIMARY KEY (`id_persediaan`);

--
-- Indeks untuk tabel `master_pph`
--
ALTER TABLE `master_pph`
  ADD PRIMARY KEY (`id_pph`),
  ADD KEY `id_komisi` (`id_komisi`);

--
-- Indeks untuk tabel `master_pph_aavision`
--
ALTER TABLE `master_pph_aavision`
  ADD PRIMARY KEY (`id_pph_aavision`),
  ADD KEY `id_pph` (`id_pph`);

--
-- Indeks untuk tabel `master_pph_cobroke`
--
ALTER TABLE `master_pph_cobroke`
  ADD PRIMARY KEY (`id_pph_cobroke`),
  ADD KEY `id_pph` (`id_pph`);

--
-- Indeks untuk tabel `member_pengaturan`
--
ALTER TABLE `member_pengaturan`
  ADD PRIMARY KEY (`id_member`);

--
-- Indeks untuk tabel `omzet`
--
ALTER TABLE `omzet`
  ADD PRIMARY KEY (`id_omzet`),
  ADD KEY `id_komisi` (`id_komisi`);

--
-- Indeks untuk tabel `omzet_aavision`
--
ALTER TABLE `omzet_aavision`
  ADD PRIMARY KEY (`id_omzetvision`),
  ADD KEY `id_omzet` (`id_omzet`);

--
-- Indeks untuk tabel `pengguna`
--
ALTER TABLE `pengguna`
  ADD PRIMARY KEY (`id_pengguna`);

--
-- Indeks untuk tabel `pengurangan_fee`
--
ALTER TABLE `pengurangan_fee`
  ADD PRIMARY KEY (`id_pengurangan`),
  ADD KEY `id_komisi` (`id_komisi`);

--
-- Indeks untuk tabel `potongan`
--
ALTER TABLE `potongan`
  ADD PRIMARY KEY (`id_potongan`),
  ADD KEY `id_komisi` (`id_komisi`);

--
-- Indeks untuk tabel `referal`
--
ALTER TABLE `referal`
  ADD PRIMARY KEY (`id_referal`),
  ADD KEY `id_komisi` (`id_komisi`);

--
-- Indeks untuk tabel `sub_komisi`
--
ALTER TABLE `sub_komisi`
  ADD PRIMARY KEY (`id_sub_komisi`),
  ADD KEY `id_komisi` (`id_komisi`);

--
-- Indeks untuk tabel `sub_komisi_afw`
--
ALTER TABLE `sub_komisi_afw`
  ADD PRIMARY KEY (`id_afw`),
  ADD KEY `id_sub_komisi` (`id_sub_komisi`);

--
-- Indeks untuk tabel `tutup_jurnal`
--
ALTER TABLE `tutup_jurnal`
  ADD PRIMARY KEY (`id_jurnal`);

--
-- AUTO_INCREMENT untuk tabel yang dibuang
--

--
-- AUTO_INCREMENT untuk tabel `bank_titipan_a`
--
ALTER TABLE `bank_titipan_a`
  MODIFY `id_bta` int(250) NOT NULL AUTO_INCREMENT, AUTO_INCREMENT=11;

--
-- AUTO_INCREMENT untuk tabel `co_broke`
--
ALTER TABLE `co_broke`
  MODIFY `id_cobroke` int(250) NOT NULL AUTO_INCREMENT, AUTO_INCREMENT=117;

--
-- AUTO_INCREMENT untuk tabel `jabatan_pengaturan`
--
ALTER TABLE `jabatan_pengaturan`
  MODIFY `id_jabatan` int(250) NOT NULL AUTO_INCREMENT, AUTO_INCREMENT=6;

--
-- AUTO_INCREMENT untuk tabel `jurnal_bttb`
--
ALTER TABLE `jurnal_bttb`
  MODIFY `id_bttb` int(250) NOT NULL AUTO_INCREMENT, AUTO_INCREMENT=322;

--
-- AUTO_INCREMENT untuk tabel `jurnal_persediaan`
--
ALTER TABLE `jurnal_persediaan`
  MODIFY `id_jurnal` int(250) NOT NULL AUTO_INCREMENT, AUTO_INCREMENT=36;

--
-- AUTO_INCREMENT untuk tabel `jurnal_pesan`
--
ALTER TABLE `jurnal_pesan`
  MODIFY `id_pesan` int(250) NOT NULL AUTO_INCREMENT, AUTO_INCREMENT=4;

--
-- AUTO_INCREMENT untuk tabel `jurnal_umum`
--
ALTER TABLE `jurnal_umum`
  MODIFY `id_jurnal` int(250) NOT NULL AUTO_INCREMENT, AUTO_INCREMENT=2504;

--
-- AUTO_INCREMENT untuk tabel `komisi`
--
ALTER TABLE `komisi`
  MODIFY `id_komisi` int(12) NOT NULL AUTO_INCREMENT, AUTO_INCREMENT=398;

--
-- AUTO_INCREMENT untuk tabel `kredit_bank_titipan_a`
--
ALTER TABLE `kredit_bank_titipan_a`
  MODIFY `id_kredit` int(250) NOT NULL AUTO_INCREMENT, AUTO_INCREMENT=21;

--
-- AUTO_INCREMENT untuk tabel `level_pengaturan`
--
ALTER TABLE `level_pengaturan`
  MODIFY `id_level` int(250) NOT NULL AUTO_INCREMENT, AUTO_INCREMENT=8;

--
-- AUTO_INCREMENT untuk tabel `marketing`
--
ALTER TABLE `marketing`
  MODIFY `id_mar` int(50) NOT NULL AUTO_INCREMENT, AUTO_INCREMENT=83;

--
-- AUTO_INCREMENT untuk tabel `master_persediaan`
--
ALTER TABLE `master_persediaan`
  MODIFY `id_persediaan` int(250) NOT NULL AUTO_INCREMENT, AUTO_INCREMENT=9;

--
-- AUTO_INCREMENT untuk tabel `master_pph`
--
ALTER TABLE `master_pph`
  MODIFY `id_pph` int(250) NOT NULL AUTO_INCREMENT, AUTO_INCREMENT=79;

--
-- AUTO_INCREMENT untuk tabel `master_pph_aavision`
--
ALTER TABLE `master_pph_aavision`
  MODIFY `id_pph_aavision` int(250) NOT NULL AUTO_INCREMENT, AUTO_INCREMENT=331;

--
-- AUTO_INCREMENT untuk tabel `master_pph_cobroke`
--
ALTER TABLE `master_pph_cobroke`
  MODIFY `id_pph_cobroke` int(250) NOT NULL AUTO_INCREMENT, AUTO_INCREMENT=23;

--
-- AUTO_INCREMENT untuk tabel `omzet`
--
ALTER TABLE `omzet`
  MODIFY `id_omzet` int(250) NOT NULL AUTO_INCREMENT, AUTO_INCREMENT=132;

--
-- AUTO_INCREMENT untuk tabel `omzet_aavision`
--
ALTER TABLE `omzet_aavision`
  MODIFY `id_omzetvision` int(250) NOT NULL AUTO_INCREMENT, AUTO_INCREMENT=264;

--
-- AUTO_INCREMENT untuk tabel `pengguna`
--
ALTER TABLE `pengguna`
  MODIFY `id_pengguna` int(250) NOT NULL AUTO_INCREMENT, AUTO_INCREMENT=15;

--
-- AUTO_INCREMENT untuk tabel `pengurangan_fee`
--
ALTER TABLE `pengurangan_fee`
  MODIFY `id_pengurangan` int(250) NOT NULL AUTO_INCREMENT, AUTO_INCREMENT=43;

--
-- AUTO_INCREMENT untuk tabel `potongan`
--
ALTER TABLE `potongan`
  MODIFY `id_potongan` int(250) NOT NULL AUTO_INCREMENT, AUTO_INCREMENT=72;

--
-- AUTO_INCREMENT untuk tabel `referal`
--
ALTER TABLE `referal`
  MODIFY `id_referal` int(250) NOT NULL AUTO_INCREMENT, AUTO_INCREMENT=61;

--
-- AUTO_INCREMENT untuk tabel `sub_komisi`
--
ALTER TABLE `sub_komisi`
  MODIFY `id_sub_komisi` int(12) NOT NULL AUTO_INCREMENT, AUTO_INCREMENT=297;

--
-- AUTO_INCREMENT untuk tabel `sub_komisi_afw`
--
ALTER TABLE `sub_komisi_afw`
  MODIFY `id_afw` int(250) NOT NULL AUTO_INCREMENT, AUTO_INCREMENT=26;

--
-- AUTO_INCREMENT untuk tabel `tutup_jurnal`
--
ALTER TABLE `tutup_jurnal`
  MODIFY `id_jurnal` int(250) NOT NULL AUTO_INCREMENT, AUTO_INCREMENT=143;

--
-- Ketidakleluasaan untuk tabel pelimpahan (Dumped Tables)
--

--
-- Ketidakleluasaan untuk tabel `co_broke`
--
ALTER TABLE `co_broke`
  ADD CONSTRAINT `co_broke_ibfk_1` FOREIGN KEY (`id_komisi`) REFERENCES `komisi` (`id_komisi`) ON DELETE CASCADE ON UPDATE CASCADE;

--
-- Ketidakleluasaan untuk tabel `kredit_bank_titipan_a`
--
ALTER TABLE `kredit_bank_titipan_a`
  ADD CONSTRAINT `kredit_bank_titipan_a_ibfk_1` FOREIGN KEY (`id_bta`) REFERENCES `bank_titipan_a` (`id_bta`) ON DELETE CASCADE ON UPDATE CASCADE;

--
-- Ketidakleluasaan untuk tabel `marketing`
--
ALTER TABLE `marketing`
  ADD CONSTRAINT `marketing_ibfk_1` FOREIGN KEY (`member_mar`) REFERENCES `member_pengaturan` (`id_member`) ON DELETE NO ACTION ON UPDATE NO ACTION;

--
-- Ketidakleluasaan untuk tabel `master_pph`
--
ALTER TABLE `master_pph`
  ADD CONSTRAINT `master_pph_ibfk_1` FOREIGN KEY (`id_komisi`) REFERENCES `komisi` (`id_komisi`) ON DELETE CASCADE ON UPDATE CASCADE;

--
-- Ketidakleluasaan untuk tabel `master_pph_aavision`
--
ALTER TABLE `master_pph_aavision`
  ADD CONSTRAINT `master_pph_aavision_ibfk_1` FOREIGN KEY (`id_pph`) REFERENCES `master_pph` (`id_pph`) ON DELETE CASCADE ON UPDATE CASCADE;

--
-- Ketidakleluasaan untuk tabel `master_pph_cobroke`
--
ALTER TABLE `master_pph_cobroke`
  ADD CONSTRAINT `master_pph_cobroke_ibfk_1` FOREIGN KEY (`id_pph`) REFERENCES `master_pph` (`id_pph`) ON DELETE CASCADE ON UPDATE CASCADE;

--
-- Ketidakleluasaan untuk tabel `omzet`
--
ALTER TABLE `omzet`
  ADD CONSTRAINT `omzet_ibfk_1` FOREIGN KEY (`id_komisi`) REFERENCES `komisi` (`id_komisi`) ON DELETE CASCADE ON UPDATE CASCADE;

--
-- Ketidakleluasaan untuk tabel `omzet_aavision`
--
ALTER TABLE `omzet_aavision`
  ADD CONSTRAINT `omzet_aavision_ibfk_1` FOREIGN KEY (`id_omzet`) REFERENCES `omzet` (`id_omzet`) ON DELETE CASCADE ON UPDATE CASCADE;

--
-- Ketidakleluasaan untuk tabel `pengurangan_fee`
--
ALTER TABLE `pengurangan_fee`
  ADD CONSTRAINT `pengurangan_fee_ibfk_1` FOREIGN KEY (`id_komisi`) REFERENCES `komisi` (`id_komisi`) ON DELETE CASCADE ON UPDATE CASCADE;

--
-- Ketidakleluasaan untuk tabel `potongan`
--
ALTER TABLE `potongan`
  ADD CONSTRAINT `potongan_ibfk_1` FOREIGN KEY (`id_komisi`) REFERENCES `komisi` (`id_komisi`) ON DELETE CASCADE ON UPDATE CASCADE;

--
-- Ketidakleluasaan untuk tabel `referal`
--
ALTER TABLE `referal`
  ADD CONSTRAINT `referal_ibfk_1` FOREIGN KEY (`id_komisi`) REFERENCES `komisi` (`id_komisi`) ON DELETE CASCADE ON UPDATE CASCADE;

--
-- Ketidakleluasaan untuk tabel `sub_komisi`
--
ALTER TABLE `sub_komisi`
  ADD CONSTRAINT `sub_komisi_ibfk_1` FOREIGN KEY (`id_komisi`) REFERENCES `komisi` (`id_komisi`) ON DELETE CASCADE ON UPDATE CASCADE;

--
-- Ketidakleluasaan untuk tabel `sub_komisi_afw`
--
ALTER TABLE `sub_komisi_afw`
  ADD CONSTRAINT `sub_komisi_afw_ibfk_1` FOREIGN KEY (`id_sub_komisi`) REFERENCES `sub_komisi` (`id_sub_komisi`) ON DELETE CASCADE ON UPDATE CASCADE;
COMMIT;

/*!40101 SET CHARACTER_SET_CLIENT=@OLD_CHARACTER_SET_CLIENT */;
/*!40101 SET CHARACTER_SET_RESULTS=@OLD_CHARACTER_SET_RESULTS */;
/*!40101 SET COLLATION_CONNECTION=@OLD_COLLATION_CONNECTION */;
